{"file_hashes":[{"block_hashes":["im8jzci6DDgiD1OrCJGKe/1t+cg3SVQNK0mL2cQk6ss=","skBhyrdNRqWpqWfIeOW1zpN0XRPLyDf8DcfpYqZCUY4=","fGztrRX6luY9dgZK97v1/9GcmLDSkxL34So7tIdftpg=","GWN+jorKvI9tS7MU5+E0lVuvwN19XDeH24X832LmXB4=","sRckqOS4tEpcaoswXPMBTa28LzfvAMYN9qxMCB8Ls1A=","QGz9FrnTq1omedE1g6lI5+nSdNfnBp5OJ2ofjRC9yMY=","xN+jwFe0H9q953ELbMYWyZPVlg3/ov275po51nYMN7c=","vklzZJbwzkIlJUKGnlQgttnwFa/E++V9eULeNSP8bBM=","uYLHfAIQ/1L0AH1Nz4rXnKxq1+ayQrCxEe5XZekO/78=","om/gqUd1VNHrXMRu7lH/7QdxYHLjbwgsqQ94Ibhq5JM=","+VbvWGE/wXA8bOgdw9ZiTymeKSqVgHJT0x9uKP5aVoY=","i+UM6MKzcCfv0J/HNbtSmUdAaqS3OF4R8qGFJt4Sq7w=","FICTlU/NwqRaQvr4qKMfoapi9XHI/rXz4Ev1+F7Dt/k=","6lamOwIGW0IKTAwyX4FBN93ooa7fGdoYtd2wNM18uQw=","P8WWyJ3BqU9wqFVkycKWVvkklA6G+K0mI9oskDgL7hE=","AZ2uqBOYoNH3OP76vS1e+03bSpUUe3wp2zIgh9pQG4s=","uabv5lRsryXaiilZpKYdFCbWyS8S6CtHdlUUG/nKm6I=","7IOQXDCrAkWJ4X1EjPHiNZEWYahcUXCVgvU8dZaesD8=","FioKaujjI2L+oQ7JOxV5JTZlE60x1UNq+sAqFmkS3DA=","7xnCscvG8hVAgk4Qfhavi2uTOHgiX3U6f4LXwf4FDhY=","nhTS80RJ3wMh0P6muJzDrqqAKfHW8owDLSd8vGqSizc=","kUOsk666ZZRlpcZ4EEcuyCYheW7Hi9YTgMm+K0MW6co=","r5GYms2u0CqH8KQAPkca5kRZbjOBCOScjm5I1lnjH8o=","fwU7oznZ9fszYPd+uGzwE8YlkGEpL2VH7Y5GH27mLMo=","1fmjDWNjKSONwaxgMCkAjrpFH4qHb/3a/3l/2a43hpc=","ZYS8wi0ldoE6ymZQVYemBplkMDUhdUC4Dnu66XuRiZg=","Aimxnb6BX4C1SVDTJBXg632q7C+lzM+g/meDwNqgPqU=","d+h3dfWptx/8gd5H5mX5IZaokTBp09TdJ+Q5FPgc8tM=","i4UD2Z1hTmmJJk5q9GQmnVV3NEPQJ5lbffAMGx1qnIQ=","Yqh3In2ZxtTfuAl5jf3CB2UEEed6ardgcB3HvBOTpkY=","S+j4DA1nYbY5bbnzHYladvvi3dEmT8pqztG/jVkl4zM=","2Hx/J82CKS+lZhnVkocL/ZidQDLNgzYvdeKJuaHrf2I=","wjh77HVIRBWOmH9Jeq+MGVfSzTWBRu1C+NfjAPhBXOM=","Ykb5woASOe3DNerkzttPK+vNN6zDPIHrsgQdcU/DJbY=","rHIbDi1r7U/q2VIMxGv/nErJOwWzNhJf8k1VqhZ5ELY=","/d08nPLg1v/fZu0YsjWAyVS9wYFhc7x9R54K4ikfqt8=","GXg2xEqXQ10rtJ12/nAFroYvXjF7DfbVyF+TRcTmMJU=","POf5zjxuxL++KFGfPeU1nG2eKvRVPEovj6ACpPU2hF8=","1ti9n+lzT3iRqVv2PGEUcl93Ovi0m1sU3Y/tWCgjdRo=","lD1XJzOSwLHbB/eQDAGP04kSioqYnkJJw/3rbMjMC4E=","tRTHsCPfDSlt4lQw7S17yF/C4c7dMY5mM+iOlU9DAHk=","hFCVrx/Z6VtvxcV5EyYW+igOVYNRw7B95Hb4F1I9rQ4=","Cl9JjPnJPHdzyZJYibo57RuKa1B6jxeu33UevPF1Fb8=","bYU9IY9t8BIrku9ddvGONLvWsFD9ltRr9PaTZqvtl3I=","EJ/y0r4uDDIF0fp1g4yDF40LvqlWAVf9uT7uWAGZcbE=","aw94u/ELkiHtS3DLRlfXk/lBU4n4a1Fd98wqFlZnFvU=","Ik+MlLTTlPPmw9EcMgoaoHF+tZoTGHbAmevd5bGny8g=","dOEJj73cBEMAzI2aCrwJD9hcDHyZX9VpYiUwqYI4UV8=","Hj6PqSp2HVSuStK9mpw3p4olfMXXyJpRCWLIL0mzpX4=","HFg6EIk6YsMmQwDqmWhjcxdQXHZ00icPtPWLL+FqRFk=","RnfX1tgbrikQf6CEPphwkB4QHJWUp5MQRTM2No8E0ig=","C7pBEtpZYkE4xjoRoeMK9NOV86f40cxDVpKEIGVr/B4=","f7494s3DwOoKeaqLjj4xnqdBLWg+37jwhDWPnB87KEc=","svBT3939qQmsz5nOw+iHl5SAHJlrncQNecurivrir/c=","1fpI/j7gLu8O4cEDV0bE1CeISkCK0Qlo6Hlk6Varz64=","8qPwcpeUGt8FUMkRWisMxBm1yGZ2Pll8YMq+GQHbPNM=","PpUNUVD9AoOpFGAfI/95VavMetKmVU52Qr3x8qqjduk=","Soqe7dl+QcMdpPy5IFNr4d7+HAW8ZgFk/TZkHIX47dI=","9MsG1uF/qap2t1Gm8X6znPRdW2QIfDyd2DhBVvr31RA=","AR4OD+ozoDOZBqPcmq4DepPzesPU0me0yxPZ8J8yqqk=","v7MtSbsyWZ1vVp1n/IAEmpjT6/mfiLukoU07iahEfiA=","SG7gnv6HDF6BDjBW9KjO6DexiK0+fDv8bMa+Uj6Q/eQ=","5GpSqgPW3JuoWkJ1HLjHButzYjVG9z+RjyG01Cpajh4=","jXdhYjPRg7NsbprJWcxjZpKluBwwFmAmtvqKrlOOkf0=","wbNhb57Hy32DjLpL41wVslPtcS4jZK8lNnEo5pNtMqs=","YW67jR2aeD+BLS40y+e6WqTqUAD0ssQP2q3BUlhG8y4=","Vr+/uBifju1Y5h5AxsQ6yGscMi211zQmwRA6h4L9aRk=","W7wJ0SmknuibVlNTk7/GRfMc77mvqjCZH4avvCwM92o=","uffLKd9gOYdGK7KXktKWwoSm9t/POoNeDncf3Ap9YK4=","ozZVjpkEgg4A1a1Q4VzpviFabo+u2rMRzmR/ee4hyDg="],"block_size":4096,"path":"build/backend.js"},{"block_hashes":["XolfleNWo4ozOemJCqTK5VtLJovrgeIraASqVG17TP4="],"block_size":4096,"path":"build/background.js"},{"block_hashes":["Igwqc0PhTeEkWKxG5LI3xJ4W+ma7Njzwq3I5QQL7Sr8="],"block_size":4096,"path":"build/contentScript.js"},{"block_hashes":["Xw5WJvxBBofTTX+ycQiJXeiKeFtHO6O9kmcr6gLUu/M=","8B9NXQrLvQJ02CFJU8ldQEtixiK5iuSGyK15bU2fi3I=","4DoT+96yG6Y1JhnNgF9DvfxQvcGQpacpfU8tqs63YWs="],"block_size":4096,"path":"build/inject.js"},{"block_hashes":["FgBhbL8r4frhjv6jMJRAWQs5kjZwO8cVH+yUpVa+iKg="],"block_size":4096,"path":"build/main.js"},{"block_hashes":["LEDYVmZmU84ahevzWn3a0BoTPE2wRTQGQXLaiCUZ0nY=","N9StgGvsO4Fg+/pRq6JNV8+79U+SVE44P93faVnTRu4=","IjCDxkaZoL6UO9SapYXs9RuYhXJ4i058MWjFdEKq24s=","fWGst9ZVxdD609hm7pVxj1nMKAb756TGdjykgfTh7kw=","mJxnIxXmkkZIwT3lAUq7Aeg3YGQtKJOmJ8qiOBI9ULI=","jIuCbBfYv5iSwCMpNhIC6DE9kGljyM0J6WeqpO0x83s=","887/B+H2BaUe7kFd1dDhB8Wgk82ovmQmpkYlHOW4O4s=","D3IVRbjerCKH9MUsJIQv0UFao9tDFLO6a6iahqz+Cg0=","ndTHKFjPGBb/59YIXdktkxAv1KpXTZ6I9BtFf7qCGHw=","UNI9OzIBmXl7KQ22XySKYKHqc4tZomQolimkp5ELC6c=","U9BZjb1XXlYCkGjrR0FUJ6nRrsaagVicB5eopHeLoBo=","rFo+fPGRdrfH9zRmSVqbuGe/ndG54tBplfqnNNtLIKw=","i7pdQMZwpsi9tVDyDr24v3BFe8ZmMniqqCIpM1BcHBM=","14JBYdwb2AUQhSg3kwqJApIKDv6AGF9FxbS46FOMX9M=","qJYPJdTbHhqVLvGLaBHwTsDm7O3q7uljguMP0bhwLd0=","xGsEDOBqVoB6e5LzAaVgbm8O+449NjLZa4rjnZ9NQoE=","XTq28/JilLDr7hqwzPq5cKdhCTJwBbOfsDwbZZvsM3E=","sFeKiMkBEvccFXcWWrwAKitfx5nQhhcJ3Bmc+r8Y5sI=","cqja6DNk1fs/FLwVDR/s84mx0sVB1jahJ2mewUHr0Og=","lTenA3rRcBtR2ckWzdQzqkkACTpnEiCiMIojWYWeS2c=","L+5w4TKAAijlatlTvtiu0qrZoaD5K4j94QTmXOCRZFQ=","1v3Mkngi5VWtXz7DGZdOVhKHjlpizVCshP2M5D0/zDM=","O5MKo7s/k0KH33EFDAhuL2RYJ4O2g+bTU5kuJUrH2Dc=","c61GH7CydErirp7ZqBtOIsi14nxclA1CMQN+lE9I3Zw=","Zg9UBVxBvbTcl+I6D0ToWHtK1vK7Cgfrv/1O65R3YHU=","H+Vk3lTYLh/FwckPdVpV6OnfUYWAJvFMrnPxkVrexyw=","nZ7bFzF//Mrb9qn/bYymTFuKRLns5XNDowa7nqwYbDo=","5Caqbib7Wk5mL/QwnTwo9CQJfEjBNACSTjXcmSuCb3s=","N5bSNu4fED6AvmiaL/VHSjrju1cjDJk0EmAYwXR+S4w=","R5IUN3SfFrLiKYqFnJFuDYwwrkke7rzNpYGSrW8ijng=","N4I4Wbp5HhFDZSty/zmgEddkzlnP0q3Wuw4mH7QgPYo=","GYeqHpkG8yQiELfNsjYkYPenlljf1r7T2/Z6d4E5Rlg=","wSZ3auc1GIMDeIrtBg+8Tg9Jy/fhwZMtvt6dr40oPUo=","BO2BkWUyJr4S/q00SSmGlAKHflzSNteRSf0q/BXNXmI=","OVy3OS9omw+Ud0NyTJBq8WioSFtxeE9B7a0vnvN2FIA=","ibeyciTR/mKVQ3vPxz+bgsg15UJK/ota1f7D+JuLZD4=","9TiSU7gJhNU0ZfmYr6Ys/+VclWE4CTkAK7seorPO+J8=","pxuVhH1eRlhKpYFhcE5aC3RoUMI5ysQAcZN0g35J8qg=","HvGXV8kL6WFy0zIk/Sg00gIwgeTqlLLZx+RF/fCb5gk=","s6B0LG/EOMMtFML71ZX4Ewy5yPGt452jI6WPyQserGs=","AdC0x8ULPk4JC5AJOJEbzZlV8x6xSznB3JLmfAvgsxs=","LRxBuuByIBQNREUGek+MCPhntX3wSJKXXHMVlMK7ag4=","goTDpmAPfIZIIZEm9zIu1HsOk7pL8nuPbM8GNPGIeEQ=","3tqWEtirbzg4a+oIPN9Rwq0n7SEleUBNyAX39qOKsE0=","8W9dk8cZxJewJhbatCNoowoa/5hKp5Akv8HopVzC2nA=","2sVKma0e4PGL/EGrjgPJYTTXK1SKEoUQ6JMZ2nPDeXE=","S+WJEvqMfC7SwWHYVMTpChsnNGQhsV+Mek4l5+aEzzY=","mZjTyQAyqobOLUfnspeARzr2MkTpjXiI+eE/JsBP45w=","zALLrue5dEWxhahbPXPC+yT7D0QtoOdr8MtiZZTTpTs=","TuVJQQE0BNN8DvLNNqvlMqUlVUy5ctEUm9EEezSBZEA=","bRqlfsEubJYz8VO9Y2gVRVLYNBYpWgbdO2AFT3gpYJA=","d75wTANzYZDX1hHuOY/FuIskIGh59sgoeLdPqy2upDI=","Jhh1zEbuhaeWFOk87l48fd6dDDdiWn9xCLZYy4sNjX4=","Oq8g2LYXqKf1j4rQJFJPv7aH+ia6nbtrs/OH16psupg=","sHkIx3IbbQn4GYZmb1l7mpF1jc4KBGihajRwBGiOi0w=","0qFFid+Od3Njx4Rq5FdV0xeInAg2Ep0glIQsYC3IDh8=","EAO1+FAzRMHf2/fpkEvCdkIpQzPctg1Xk4NwEDMYnDs=","25l+4vDNkIDDiKfpvOH0qV1r0Kt2xEA8s/VOHNcZd+M=","6kIAdvf26uN5hHp/C0Sq4gAjn+fKXC6NfrstEIJSqzk=","MiDsXtSVOFEbhiEVlk5upAVPjRSyfRFUJFA3gVqUmOo=","kT8ys9epVMSmdZDNsXoQy1/7NbJxqqCKIosFXWdiaww=","D1vU/embRy3hj/N8hkM0Ps3tUQz5GOYR2NNp5Pj9eaw=","t7EsqqpjC1ni1uG9eG9gKOoAsrl78qvzIinzCMN4EtA=","n0MdTuOlind2VaIPOvXmX0AW2QJI1tz1jRXdu5+l3s4=","jl5VFXY0H4E2ILl9A81iQ764+LsL2MK5622/bHtUB6I=","b4VxdnBpagNwta5plNnro53GpJZmtmpWsPOeHQIqpfg=","VLoaKd/vrX1PKQ/uKKXh9PLsBzAEyVUkCzPeSJqRYgU=","6Rg6GuLt3EJv+vgGDJabFDw8nxzgYnGHhbeXE89M4NU=","q7FQJspTIFb098OLv38rtMg2tbBG4nlFQnldYM9Y96Q=","tlkAKFoNxPDP73qUeb6/S+o2PlYZFUFkeEvxrlVddr0=","fZT5n/jmQXFoHTkvd6aG9Y7PGyElusgDKV6i9iXndps=","v78uG51yh1vLAEKOZJEJLkpESA/KiTHc5Wy9xcdxpdE=","WRRcLNJscq1nWBDSum9afrpsj7E9pTq/WIP6AHF7WPk=","lr6wIS4xxRICZHu5p2jTrih+lNHRGZGitnrrR5zNIaM=","VVaj3p26RfJWwUwTq6vp6bdMh3L4Kz7W+nJpLRF0khE=","PNyU7KKOZpW5sbkLK1M7/RJ67zNp8jILcEr1DYrOW/c=","OhKtxS7BIBY9VndiYHrbD36EneJjzU0oK33e8brrj9s=","dH7EPOEPFyidA6jEBXBIlbbQUPxyvZoihnKwjiWZG3E=","O7TCe6kP/Gbd/nxEFTcG/9xprlifgeHBmymoGU1Z90Y=","UrlTGbU//IlqQe5p8KAEXUhcY2/U3Dndyc2QEg7r/Lc=","Id71lIYgQYYq1hNQgFk5GZwzqb33YVNmQ9YBiOABrls=","iY45/hS2/IVXylgsT8FP2uYviF5wbYKi7k+DChO4vQU=","55IruKaze4uw6fQ6e4Jga8e9BsAHnV/af+eSz+R6Y9w=","v+YqeQKoTWvBIhWwQTUQml3GOW0g+bkF1OBaZZgFAqc=","neRgm2TfwitggRR0N028jsbsjrI1/UM2AgcMObFe9Jg=","/PPWwmIC8fAY9a0rWNWVuq9R6ZYk1naqYIRfFqjaOTg=","+73nwjg9AgJ4HFqBfhCNxQcSieTKdq9bINGzT8FZQ3w=","+gRkXDh5nmyQbd+1mGy5nKJOqR3qMyhmnJmb3BMaJYE=","2vXVfHntW5e2jcWEAfKJ/IhiMlL0hk/5Z0+tZR55UJE=","dfEvfjUFBpNdvNCN8UEoFzUJiax1ZCkrGxZcQxSFaXk=","x1X64RhdMpTIlEaul1IX/7k6xld+tYwBAurN1ozXev4=","hOg2ofcu1nqCLbnJKDRMpjerk519TKfaP1BDO99ueJU=","i8ahazuOQOGXFZsXvt1Kuz0zqPDsilcv6xGZFYbTdlA=","gF22buIeyYIF7eHI5OV/0gyIMc5yLKV6EZx+hp4LboE=","41/JbBtCEPiLWHVs2MzL9EMC3/lbUeWjAQXTq83lhPs=","E2wSQCa07QwQuaZdayrME1UyFRg1Tk9EF88HUZ7zbWs=","QkgoHw/XxdNDM/WaeDgTxHcG+xQlEJFhDlhtLZQ8Wss=","TDT+APVQP3VNxrb04iT4QPRNPLqw3+H1/n8TCwK6BNA=","Qp+ZI3DlCg4hdVFanpZvf+S7hE/JUySwCJ6OdE+o/Gk=","pxphu8ayvfsEshJraall+EB0SXuC/jtXKwC8n2qiLdk=","p2WVIEOiT4pmSTwydd8n7FpgpJbAFRoxNSsBHj0+Ypo=","pxLD6PNDgRph/l81GaRBbS1utG2l6jXZ9QHxcKJqILM=","OreP1kWTwTpuzq7GWmrNeol1vAHFO8Dghm7MJrQ88dU=","19hVYTnfYxJS6CBx3iMGTluBJOKaamU9n9qfnbwzSYI=","PYy269eikL2egXmwKqXbZcaShvTXhJONIHjRbJYHhns=","0p4LDkFA60f/4jwALlIms+RBKPgmfZbbflNzstDtbyg=","kvW4IHvVV9J5Q0QZK1SsDrtzT22KMR4Sk4qLIJJ9LI4=","zvn7zBnCxO+PyVc8RUWrQuSTUBYYRmQlK2yKlzSLcM4=","iWJWrEujV9UkRqS+vDZvE5byw91eD05IIlHA5V/+pvY=","zIhlvEA0rtmzZrG07irIVUKE9wb7fCralzk1VTx4DfQ=","eED6tRlJFI1lazotzzUExgRGEla8jQ5cf8BQKxikoT4=","LBFsCwy/PeaeUMssi6gbAB3hXVkd6lI6aq3KSeH1gJI=","DEGfu+Lun1AxCL7/bFpHQ5EFGs+HsRtx1/jrMGKZWUs=","aF0ODMGPITVuFsh9mqja45yh/q/AalexYjHXMFWMmxs=","pskTb/nH+j2lhzPfjxm9fw23lEfo/bagzHW7QCMOuRU=","LAjkvvEv6kuXbDEiJ8Kep8t8pfoNkX5BWVW0NgLQ/uI=","WzZ1l8hRx/EKPlqsZfdP9StZr+Tp9jUTClxaeojPAco=","dT0g+VsbbdjfDdbs0MXoFb46CuWaxFxfrdWSTmW+PNM=","zqsQ6rr9auIYwpqcNqQE25VYg11hT04Bdu1zl8FFs1k=","eOJ8aPNcHqiajxq0MOyy1gZag/CX+50CWwbius9oa3E=","n0/vv3ykO3psfvua49eddSk7tsxAN3JaVNDIeyrJrLk=","dHz0bzgCp8IuarJwYjgbwqDdKHBwDdMLv4mH2DAQ0SQ=","bpwXB+wJN4lReDRVQYvmJ3zyjw6n/wHj4/G1hii5p8c=","sOeJrcM+08jTK3FkMAh9a6oUb4khsIpcdnhT+QXqXjc=","EhM8MVk7Q78UvOMU1jfmMp1y56CHGURRCk++CeOkwy0=","Q3ZlPmxyBy0P/g3o10SLZ3+eSCzcOVtR4Rj4nyF9ZRs=","Fmu9h1tJ5XGP3YRGQhb3xyKzVoiC83TTrOwD8ZULHGs=","+5fs86AZyAPnJu7IWQ5EkPPlATmlg059UjOVjJ52SjQ=","ZcpTBUZ6kebWwmBtutwt3gN+9mT+EmkqBI/7+HEh9rw=","JhyczT37XIuvz5XcIJEpJ4/lGurD6ymIbxAIPCOnKjM=","1gDPw445zDRzqAyGB4VHPugfYiHSrFzBYjD2TzAki24=","+31sIWHGC0ZPGb4J0eiJG5vFUrOg5fUCw38DxzCwfRo=","55jvryqGAxIKPl/g/2pA/Hs3eLIMtQ/R3HI/zNQMxPk=","dpbZtbCHn5LtUWORLc9YiHV9z7h8/Y6/7x92gMLiL4c=","Xia22LWFVd5FEoMQH6IKK6eBZnMawLfJKfM7uTD/4mo=","8yzyhf9juVq0QX9BxEWEaC8pIP85Us09wT+9G8yX0q0=","teARmjPJyQ9E7qax3otQCOn6nqLi0hPvvXx08f74wQY=","Dw/hXH8zY7JEtMoYBjee8rlNVs2JDxhOpgcl9dAazmc=","jbSOJESwvIdjg23YPk2YmDD5BLanVF410Y6hFzM6dPY=","ouPCTkDLczv9Zvhsr6iL90fdec7psa6di0fy6QvD7Xs=","chFCeATjlgdXs9vqs1k0Cmo2FimTFIm4OjpSjfBQox8=","Q8GfojbKwq1qAbfJZeXiIv1e/vRkO7AQsaiRcWX80aI=","7wWDe02NVDPg3SCWi8PzFgcvsgiv2OIb83P6srvjsK4=","ALERQQtkcgbOsvGeXfqm7keksY6gltNxF7YE/iw+vKY=","UtlBxIwRTn4cXz9WGFeBvTQl32qTrY4lNL8XD8mLtNE=","5TEFS+XlDd0WsUeIoTxm1X63+mrZv5Rvf8EanRZhHZs=","rsgRrpnwjmEBlj/IneIbZiBsSfQpbKbb1jZHWIcD0Qw=","xDF6TXYp8acJNVRqX5XNZIxqsqPyMBvUJbsfECSRRK0=","XQjzXCL0dQ322/82/y5ylBCGw3hFpccAS49SH1pf45s=","0ItYqTzGtMRTbgDzqTSnGOdycGgmGt7cxLKUVjrOsqw=","8tghvtogJr94MN3rSqpb/z5ocI6+jCi+oQxDLn3k0OA=","vKzghpYhjLo4P/FvqRBIJNQOAYfqEpn8DR717zmfmx4=","1o0JsAouh+JINgv10uSWDMasUSMbmKAx/tc5mpE/b5k=","cdb67E3SovKbh72xDYNaYTCmGwoGsBIPlzIiS6HDXGs=","SFyEJMXHCINtnPP1Sk6WW+usMog2Ai357Fh5OY0uEYE=","AhvrR1ZOqcSYJtZjqRmGyyu4HNPYNMBuswD8VBxPmzg=","YCnQbiKCPNaol/iG1FwiTLLQZQfV+khoH0aIpl7E3jg=","mjBoHCeJfEEl3+ZfRlxbf3acEOxQG/KMq6bUcAYo0YM=","bLDTZaJtJM5O/4gGcAsKJehBM0nFTRDVTbpauiSalUw=","kN4SW+qDzYyOwhVJbtpL1VhyiJdOHwakd82ahxVHl0A=","9rdeWnvlvA/7DtuTGQyudkG60+ICpNp02N3Hd22gZSU=","9XXrEiq2SDFwg5MoKT+FN9NhYLLf2fkIEudjS3km0RE=","p8bbvOfo9KGZcQT46RH+gAiAmkC7QLQyaRqN5zWECUU=","pL2kGqfbGJbvHn+KPqvzwAsxqF42pPqx+WNa3X7QFxM=","K/mZyrch/6qI+Zgqk7wiviMKC0ginGHivrAdKn+IYRg=","CAiWvDGW4aM2eVof/zKhsB0N2mIzh/CSJvmZyTdf1I4=","D1yx/BBrt1iz/21JhbsheijKWHk4VW1ztAW77GeM66o=","es5nFbMITLtkeTHykrV/oav5aFEIgIoxzkABDh+z0wI=","/ute0PLtLvbV+/hpbNrlX5ptn5YMEtkpf4s/lost9Qo=","91H5xaH1DNakurPosSXGifXGXGksZMyrhAPKY7Db6BA=","ib7R8HFk7hpclMDhmQiqLqWwahQZZzNGkGbmXcmwb+s=","zeGQyN4z9Oaxr6oOhYjtNMu8j3Qww0ioJCYsjKyJZmo=","RdGyFdCOk1ySUpcubsBnyL2nz2N3rkM/+ETEbO3alQU=","h7T+UHWt4jxAMaGL++vR6LQ9OJIIqmz8n8SWZY99mD4=","HDkaVlKSMEUyLlMj1sXyBwZsTyoTISOROcAMI9tFvw8=","Yf5tpmPgVSS1ZBwIx8U0IRjKbyZ7CfA+wuxN2QMxBAE=","laj8RmAtwlQLBk83AIz1J0KiWQUzanrxPYkI7ELwu+Q=","zAHjQM08wbGZOo951/adrvBokcWV1GeSmkHLGQgRKZc=","cghme/7NsfDocYGSJdZGg46JK4DMngNSHYdp/L5A9V8=","Ir4ZR34qmGUwb8NPr/wEyOEyAA+ULhqPaR34qRvzWaU=","Xd5tTcio8tvxTrTVNL23z7CcTvPhO0ZdtoZcbNn2+F8=","PRhGnYglLnb/l/rKc6+yFDI3LcTX7yVAY8sXMR1B0Tg=","RPkWxZ2F4z8hwsRk5cG2v0vayy/8xowHRbrnKr1uZiQ=","bgkKzOkxlVCLWXmArQXKfbX16N+OlQiXfXQkeduuhZQ=","ZpBnQhaQnSEmCL0FVIrbfP5IJxkwJpy1jjkTcTt81FM=","XP0FvmhFUjtE/fhyDLE6kxOmNBe1kMMk8pKxYWCDq+A=","O/TXrg/rjDMnffw5WMx1GJp4ExOqv8nv0mwCf1Qqq04=","Qq+HPJdnkXxcKRTb8UpeORBSV/nTac8WYT7iVIJlZRo=","gwDOtj7FBDlQkBfHteQWQEfU1EV1URUd6OCDmA/Y5fg=","6R3FD7e9enBJNHyfTu4Zh2yhjngJ9sn+fhc/PJrz6q8=","3RSVJb2ySlHOkcfD29lXznGfBaY2GQJ8WYhOcMFzCG8=","1Nws8nt3JCsrrQnAIbzX4Cci7n22zqTGSjedtuUkvD8=","oqRqNf4Q+fnf14d5MuBSAGNkJ1EeQ+Vj/Z5iXyQcoe8=","71gokEgdanAbpHEi0paq61vitmLP5SO+zhRFcb8/L10=","vRvph1EoeYS8V0MWAeOW5i+3qk1z5PR/B7Klpbu2xVE=","XznEL816j3FFOiHpp72X55P/NgvXRLg0s10RQb4BKek=","uj69FXlY5cqxPL+rl2UN4aV7kNcjBLxUqMA0ItI8bxw=","eQKJ+NusQvOsSaOXmJDM+fwmiMwaeVmxaNeOU6RMhgA=","sTy6LRX6SHMhdou3MwBRGWoKdWnqPcYr+hKzMmg8uUc=","qrl5KMsdPi66K2Hm2T8I+pqfK5kWaY3XZq8ARuZq1sA=","PWu6DJreQq13P26Yla6MYGhuo3cx+2vyUE8G72ZUgfY=","OWHKe9An8UVdzo+kQq8HuXK1obNeSOIhKONdck4S1lY=","rGZrB7RrRREIG8PWKHQL1tzi6ZPdqpP3BUZw8y+b1RQ=","llvcCnsjsbu0o2wX1iOfYTlZsbnulI2WDdCNBs7sCLA=","q8C5v0BP+1FxjOkRT1OnL7bcf4BLMia26bc9Y6njqG0=","2BB8B5nTwp0+AperU6I43KhjLg1gB6GWRDRxkavfMEc=","F1uFjPD/V6WnY4V8uvFqb+xHsNm6okS+MPJcdeiaTAo=","O8x5/k1IbZbNQBCSy5jDIvvQfmP3sCEIRrzL7eaC7Ec=","yqqA2iTA4RdwXCpP0N8iOs7tsFPvS8gcil9A6ahr35Y=","EvOC1ObLXTgMHLrRWiAP7bwOZLHy25b1pxWu5It6b4Q=","xrAB8sVdaAUofqb72gkvyKJxLVlvFUNSunZAI9RcAtQ=","0Adpg3TCNF8w0/mUzel+53sDmSOCfgurZ4ny8GwEZvA=","vM50norn1uo3pjrvyBXTvlh16kgBv4bcVIdI10sUwxQ=","9zoTHE0asHfUxj9H7PLessph8Ga5EPdGx7Cr5eHLkA0=","ai4fKMHBSz0L5Rdy/dDIkQAWbsLzLnQp+doowzzqgY4=","balKx1/YpwG++3Nyw5+6bVc5BfdzOl98Nibw0DgiPUw=","EqQfu4DjJ5Dw4FkSRM3qV0ffTKTfmHIOcFNY7RPbyfY=","GIeeajrPCmk+lmqzfFKnXx821SrM8zqPEyi4+abxOj4=","5SIguMfdwMunG5Zr2Hr7ccFFqo16zU0TAgvTpIB2XAM=","OFYv+CtGfZgk9pdE4IVX5R94SSEMC/t1uE7GM8lWrMg=","9l1PZ/oJw9ctmgaZvqsjH+l9gWGBcJ8H3GSq9l15mgI=","+KAfIyotXu6+173HjFIMCWH3muWJGlplhiU/LppkMFI=","kbq0MWS+E6gOQk5D3K7BKqYFJipMTf0civdX+T/kIIk=","A9XEfSlXXbM9Rsc+jYCQpqk4EZL65CaLjUMxh3NpmoI=","SHtO3990sUeyr8jVfsVi2Z6r62gVQeOEnwQb3IpmZaI=","7R70vcQzeEgGMUJae2Ka9qoVts/rZvErVe5HzzVTMT8=","G2ToSwoqZtp1ApFMYMY3f72OheCIyqmb0hJ/vE7LurA=","/VMLo1ksl5jj2SMIKYbtJSp4z4W2JuKWt/h7nLA1k3o=","vvTFWzTX7k6RQb+2G+LO871CV4bTtmzYgMqUJQcDjuY=","WtvkP/k2RhmCa0rze2QEGCW+dwCe5TqbkXXzhSKjqhE=","px1x2IR2JYVnM2tBeFkg5jcRwrJ/+bsvWWAXy8ajN48=","juuGgF26282R1gaSf2UP47kRG5fDWFx6dfYgdjYnhHI=","nBWu5g5siiE/P3hCJX+QnwFDxupZmwjQYfZrCvR4jFg=","jey05EREXocTpEeZckIJtxU0O4I5mywUr0SOKxPCFdM=","uGSa16NIwViPSA/3UYSpVctUCy0AqTD20USmzT60ARk=","KdDUsxRhXgPJuxSTn7KqNjVDXS5CbBMcLX/Z2E8UAvE=","Af0Kn5AlbVbgXXm/BAAsAlbMTxU0KrXixViUaNfJ7Ns=","MRW3wDpS2pLBt60Ln2A6ogt/55Nw+3ftQsHyK2/ezmQ=","M405dDzxXkT+qtNy0JvPx4DDZgeR8yjI3JOrEmF2jpk=","qDeM5Ppxzfw7rz1TTHyaCW964E6fZHRPz4H9mw5tzac=","Z5TEJfF6Jac2JMylo9prkb6GyJKuz4HcTw6dp4slWMk=","wBqLqrQIgHDK1SqpM2mSHIx8zogHThPPFQDQi0K36LQ=","qc0z4XHHaeE583dncPy2Ka9a9vq3zW8ZItMrlrDIjKY=","qSojMED0SrDWF1GLdQ/8spQO7jHqBa0NNwxX0+0SBng=","40tx8Y1HzGHClTa30zpv05Iarquva1ry0fluSsAX/qE=","lSYxRimnb4FOoS892OxwtLN+QbUAPaobG2fpJws+UfE=","VTfmvQysIWChm3VQJ/7F7CGp5THJdWCulZ43jsc+2Ew=","8CT+m/o76f/3dERWRDGe2Sy1MAPU7WVLpmcELU+vTDM=","d4YyyaKSHeNSQfJnzuJph7Wu2alQTwi9pNnb6LekYTA=","ynC5KWjMhXvId9CYjSEc4SzReokWTlkf1kQOjcPXMEI=","udU9t+2xYQVFgkd9WN3ObLUrpHQ+wi5RXUApC+v5EJU=","iY6XsvrIe0MsmM9bFgrn+c0mrop5ELzca0yJXnv73D8=","Kc4G/CURY3R3QFIj4v/9ELUD0yjrpMrjyq6YXJwUifw=","RmTbpjwfh8ArXwF9TRRn7KPoL3vtjyDzWPCDZt9Tkqs=","z9em4CxZd50AS6xwAQGMyDgpJTvjAAQ1HBnsKcY8WWY=","ioUgn5omknlBkQ7sg2nYcMa0a0Om4got9kpAv3lZBCU=","LKfVJbBZzVJMQIAwfoYeqdeEn6kOqrDCfhcwiR2m62U=","2iJAZUsVxynmqcY9McpuNVFMxwGwSiMt+N5SfSMAamM=","0J6pcgUtos81DyeRWSMj5rb/W1UmhRirX5GvUuX4Xw0=","3HmO8Zd/Do/YmsV22lhmyLzMacGJgfQe2xI4syBMukY=","mrDWKa6Tn6Wm9hPNAYYjThvNHzItC0QbViScING+Ji4=","W6wR6B29JfmI7eQ4ayI0n6AZGeZKjMXmIUdUui6QIX4=","Ry0lg/hvYlj/WJUn22Vtl9g+7Bg+8ekb3D6kwBUL7h0=","FXGJ+DlhErVVvdCHFb47dxR11+MRUI7Rw6jHLtgyc+4=","N8FCQUAj5aEXhXPdTX/ZBZKLvBRYN8TBkznHsFGl1eU=","+qUlYMjpPJTYJe8/zbzVggx9vlejEZxKj3bxWUAhP2c="],"block_size":4096,"path":"build/panel.js"},{"block_hashes":["O5Bnq1RwRWKpgAe3xKw/qzoLetO+MTjQl9qKxbVz/ow="],"block_size":4096,"path":"main.html"},{"block_hashes":["fTLG1fs71dbK3kBdXDtfZiZcDw7l2ZGiyeS8gRqVq1Q="],"block_size":4096,"path":"panel.html"}],"version":2}