{"file_hashes":[{"block_hashes":["TwJIx2pFW+gi6OQNahZ9k6bsdw7lSVzovT1u1XEETEA=","+WZZTyNj7vKaky27VUYUy0Z98kRVoNpxUbCrNWacZA8=","pY/kmEIJVrL84lFA1YdLiX+HH69rvmkEqkSP3vkCCMY=","q/XmAoDx4TKe89bOpGDtLBGzRVFVKlI+FiRA/96in7M=","LDXiqAjZ/Lfy86U3Gox5GLFOt7ZazZvVhoxeQoEoenY=","TGwOzjImRbQIDTSo71tlq5qyd6metMZHg3Moyo1c27I=","JZ+x3gEeNdpupJumz82y94nMF91yFZEiMbo+DjSE12M=","9CHHSeSRlbC4EPkl3zaCpaoeLUYZgbIn+H0Dgl8g7kQ=","aDrNkBA6e36fhZ+YdqngU2cBvVbQnbpmcrDJ/OS4/kA="],"block_size":4096,"path":"LICENSE.txt"},{"block_hashes":["0gX/xeF5JJDEJINJPMgYmXLTpha9xvFbbGD5obBqZRk=","88UPA4/Ia2R07gbSkZWo0FBmBfyxNMeWEGpmtv7um4E=","5GUx3Sb0NoYEXq2tL8ALM2uFyxMNjdlRWOg2VoN2S38=","tHVRgP9ei5Axpiv+f1q7gT8xDn0vMEpltJ6RuGnfa44="],"block_size":4096,"path":"apps.js"},{"block_hashes":["3SLXUVQ84y7mfXo25teUrjL+V+hnnjt1/KO9AfCe+WE="],"block_size":4096,"path":"apps/1c-bitrix.ico"},{"block_hashes":["a11orda+NhE0yRCxzjdUIBgiVQMConruLScx4LhWFew="],"block_size":4096,"path":"apps/AdSense.gif"},{"block_hashes":["6/o8WjvtDK2gp7ROVyG1atPOHkcTN2zqPTEy4JlMPb8="],"block_size":4096,"path":"apps/Alfresco.png"},{"block_hashes":["FmjCHUfj6/NArSDNd/JcZN+wxZd3MNsAE8oes7CNuNI="],"block_size":4096,"path":"apps/Amiro.CMS.ico"},{"block_hashes":["xj8yGB+Z4UmvAuPSDJglOKM1/FPYTjRs4wtY4jItQEI="],"block_size":4096,"path":"apps/AmplifyJS.png"},{"block_hashes":["Bvy7LoAp2ijdbXIGsa5JdrQKGCV42p0UkqX6xKsOuDg="],"block_size":4096,"path":"apps/AngularJS.ico"},{"block_hashes":["sKJGM0jWR99WQgTJDm4WfmTYxrwzBFLHL0H2q8xa9VU="],"block_size":4096,"path":"apps/BIGACE.ico"},{"block_hashes":["ssGuxgs0x+mK6zgdfznQtWOkEBuj7i4Qu3yboHRe208="],"block_size":4096,"path":"apps/Backbone.png"},{"block_hashes":["oUldo889s3vxBaEmWGNv9ij+57c5dbkgAEmvd0fmCx8="],"block_size":4096,"path":"apps/Blogger.ico"},{"block_hashes":["hIlw/5PoJxMLT8uHPNDVr5N9zTW37OG+INfwclpgoUc="],"block_size":4096,"path":"apps/CMSMadeSimple.ico"},{"block_hashes":["0uDlTnEubAXvHS6xUNGTP4DKE+i7MpZPb8+TrZ94POo="],"block_size":4096,"path":"apps/ClanSphere.png"},{"block_hashes":["6xkEIDbhrWS9qZ5CGD9dh49E7Rd4wppI9OTEQbEk4WU="],"block_size":4096,"path":"apps/Closure.png"},{"block_hashes":["Tw/0+elGfp6cqDCo0et3xSLjXN3RkCKGEH4eZSdX8pw="],"block_size":4096,"path":"apps/Disqus.ico"},{"block_hashes":["rBD3J1Bnzg9/KP0T4+q3bPaue0ThV5HHdwDWmSlsN+c=","hIwx70Krfk9IWlfT1B+WeL62iWqtYjE62BngMrwoSic="],"block_size":4096,"path":"apps/DokuWiki.ico"},{"block_hashes":["eEqSqfFMMLcWa/6vEo7poHPJP3E478TfPBeDjBJ3wjA=","GvTnMBac7Z2+0KkPvAQGHKQT0Z02smdDK+egkeW3jPM=","9ZWTgmhItTLbRX9jeeSH2ca/qSPqBVWsZvlaK+MrfKE=","A478kS+d+YE6IJPWFCy3fxgW7E4U8PD0qVTGGHAX/RY="],"block_size":4096,"path":"apps/DotNetNuke.ico"},{"block_hashes":["dL9tqm13quNedwv0qdwB3GpYdHkcrYZl/AppNVvMgtk=","pL5qmUIJQF3jGiaEDSk4hXtrvhiXpBrkN2ZH8N6MVoM="],"block_size":4096,"path":"apps/Drupal.ico"},{"block_hashes":["8sl8ZDfNZ18z6VCT1v9pb1SixADZJ3cX7nHyahR844w=","NxJcR/srazEEJvC81bh2Gg2V1KC/obWUN1m2qv6oWXM="],"block_size":4096,"path":"apps/Elgg.ico"},{"block_hashes":["34uTx787iOaBXwokV7/xYjSh2P3GkOrenr+lQfOAAAI="],"block_size":4096,"path":"apps/ExtJS.ico"},{"block_hashes":["f5iouMbj/hxSceQunQnrXEJo3LcKtG3htxZTCYT3bfc="],"block_size":4096,"path":"apps/Fatwire.ico"},{"block_hashes":["lwgXFVK4UI21a9T51yU6Rf/lj5Yj79XumHGg30NA4pg="],"block_size":4096,"path":"apps/Gallery2.ico"},{"block_hashes":["X7YgHLQtEglv5U/D2OCnnjarv0qVSTUWyth1Bu4W4Uk="],"block_size":4096,"path":"apps/GetSatisfaction.gif"},{"block_hashes":["AlJUgqwMSJEEt2FJcVj05mn0IrLaUGYlo7uhFhXhy5E="],"block_size":4096,"path":"apps/Google_Analytics.ico"},{"block_hashes":["9eM2vBDiJQB4el4SlEvcC8f9SNEwQ4uF8kJfqUxz38M="],"block_size":4096,"path":"apps/IPB.ico"},{"block_hashes":["QFWyvNsAoOVQCrh8cK4RfV0ZFxMMV18uv3Wm/nz6STA="],"block_size":4096,"path":"apps/JaliosJCMS.ico"},{"block_hashes":["JBaOCYk+ia7n2qhD+tQrVxm+5EezosWIuTM5eCLJY3s="],"block_size":4096,"path":"apps/Joomla.ico"},{"block_hashes":["PhNdrUrzuL3cCqZeijwztIPbUHneG219B9UawQN5CCo=","pzLlE1ci64Dqhby5BIBvI+ToJn67iKIlB+oqVU+uS6U=","Aa6vt1Z1N3Dmt2O+ZasD4+jITyPPZbfQsbsDG+xgXlQ="],"block_size":4096,"path":"apps/Koobi.ico"},{"block_hashes":["55rYgDq0/JxVry5/+at+RagY4whSUGfMATjawZU89Ok="],"block_size":4096,"path":"apps/LifeRay.ico"},{"block_hashes":["WI8uAzzlUfIcJHw/fBb4MOCENeR8KeQrnMmG6KmIxPY="],"block_size":4096,"path":"apps/LiveStreetCms.ico"},{"block_hashes":["rwgAEYP/dU8mcuEciFpRCgsg2TwVsZW8bA6KXTHnTZM="],"block_size":4096,"path":"apps/MODx.ico"},{"block_hashes":["zi3ks76UP9VBTcbzGQ0zL8n2Np9d+/Y2awCyYe0CpM8="],"block_size":4096,"path":"apps/Magento.ico"},{"block_hashes":["EjEe7vn2tJIFbseA672Mad0aTB8lJY0K3QdbzyZSeVE="],"block_size":4096,"path":"apps/MediaWiki.ico"},{"block_hashes":["V/D5Jh95QxSe4L/zhrZpGqbpCzjooRpXMSceo5xmkGc="],"block_size":4096,"path":"apps/MooTools.ico"},{"block_hashes":["JiBO20Aa79i+aKYxJdZ0tejipvHiF43f03HJGT7LC6M="],"block_size":4096,"path":"apps/MovableType.ico"},{"block_hashes":["LJy6CEdUSNosCrHuL/XyBm5tUA0T/gl/BBL1pd6f4jY="],"block_size":4096,"path":"apps/OpenLayers.ico"},{"block_hashes":["nzSUWCDnlm9HfeOHbhswyWGZfdhxczxO0tW4U8pkHdw="],"block_size":4096,"path":"apps/OpenTag.ico"},{"block_hashes":["1LK4V4F0lMoo7yd4k6V1QdFgTASL0w2iuKEX/PSsIFo="],"block_size":4096,"path":"apps/OpenX.ico"},{"block_hashes":["qIvQ1frbmiXGtC0v8AYdEs79pv8LVBg0/Ehp8C4BIyk="],"block_size":4096,"path":"apps/PHP-Fusion.ico"},{"block_hashes":["30zH5JlSBiLToI0/WqiwxwkioKdl7Dvh2OPv1hwarG0="],"block_size":4096,"path":"apps/PHP-Nuke.ico"},{"block_hashes":["o7Qa1e/vkfu4XOhJOjs59BVUgvmdeI3HIPT2zSE1cko="],"block_size":4096,"path":"apps/Piwik.ico"},{"block_hashes":["v7HQDa+1l4fqtnOSfF02nh5X3VGQWzKd+OAxduVWJU4=","RYKm2aBqPWEKXULeXGiJztwgwlKFk66uubTUyVOkk0I="],"block_size":4096,"path":"apps/Plone.ico"},{"block_hashes":["1koRNhr5Y3x4Ay1LuELkYy3z2rawInBR7tq8GCOXu9U="],"block_size":4096,"path":"apps/PrestaShop.ico"},{"block_hashes":["+70ArDynHibuL89VyccUqfuETqskjXhZTxj2nn/BUFw="],"block_size":4096,"path":"apps/Prototype.ico"},{"block_hashes":["lyifYoMMXhBtCHGOGXDOAoNndLz8NAC8UMnNGSK+Y7s="],"block_size":4096,"path":"apps/Quantcast.ico"},{"block_hashes":["xu874CMW2Bg8lFB6Zt5D25ZMf8EDdu9ODCw4gijtzs8="],"block_size":4096,"path":"apps/SMF.ico"},{"block_hashes":["eLvlKMgcS/vAHKsanLISXP0RQBTb8ZEZmfl/bxTT3qU="],"block_size":4096,"path":"apps/SWFObject.ico"},{"block_hashes":["l0ArRmJB2gabI509kxcczOnqrrwc3DMb7JBdqfeCRj0="],"block_size":4096,"path":"apps/Serendipity.png"},{"block_hashes":["RH1VublA58MmVZAb8BlAgSAVuuXO0q2ggSjB1jCIIN0="],"block_size":4096,"path":"apps/SharePoint.png"},{"block_hashes":["2+qFTFgg+DnjWzTNMmnDgkDwwUwbFDpCr737TVQoA3U="],"block_size":4096,"path":"apps/SilverStripe.png"},{"block_hashes":["jdeFoaZwB9pddbgHiNaUmCi2d/SYju/f+1QZACLj+/U="],"block_size":4096,"path":"apps/SiteCatalyst.ico"},{"block_hashes":["YKpBVRRNV1+LlaSCnf3idy46FPbNYi3PyCqnPA2dGio=","RH9BnNANOcFEFb//Ihveg2DjEmAp48fsAo3jg0ybFaw=","RH8tHn0ZwIuC2fRXrh69OsyhWjW1yiZYs4ecdp06Gok=","5w0da5sABbgxemuybtY3TeRq+2YjnoB2QHVvUD5v0Fk=","WjtebXtZdXBioyy93yLpmLs0rgghtRmtMid7BuZwHrg=","Au+hiMmkoxl8liFj4rZz0Y8AztX4n81JBE5o50P2McE=","HGgd7VfFmfzcKRaHSTMjeuUMo+QWGD8T4PDFadZZMp4="],"block_size":4096,"path":"apps/Sitefinity.ico"},{"block_hashes":["tqzGWtV26wg8w44oScqqQi2BKkITTaXJ8GpYhSileTc="],"block_size":4096,"path":"apps/TYPO3.ico"},{"block_hashes":["lpbxj9uI/csMZO9CWQv+p/IgntpLj9PwVEp08pjpLUE="],"block_size":4096,"path":"apps/TikiWikiCms.ico"},{"block_hashes":["VURD0vSWIgVZBro708VkNwLhMSH06BVOkaxLy/KIvzI="],"block_size":4096,"path":"apps/Tumblr.ico"},{"block_hashes":["noC2S/R3BlxIYey1NXN9qY+fV+2dhdzh0ky918LY/mU="],"block_size":4096,"path":"apps/TypePad.ico"},{"block_hashes":["B9YdmLxU+8CdXagGEWo2lp7+K92GIdKme11UmC9VyXQ="],"block_size":4096,"path":"apps/Ubercart.ico"},{"block_hashes":["1d3RyEPIiCfG3e9HOpc0S1URs/vWMKr584Kyn8c7wcU="],"block_size":4096,"path":"apps/Underscore.png"},{"block_hashes":["zZU2Ud/oU0M8R4qOtb0sB23gqwAB99ULHY+H7eRXp1M="],"block_size":4096,"path":"apps/WPML.ico"},{"block_hashes":["g188O6PEk6H/L/9RRQpXCIboh3Ywl+CsXA+B+NpCiWI="],"block_size":4096,"path":"apps/WebGUI.ico"},{"block_hashes":["RGY+PA0iBd4shWbBbsiNv3TXXzl+5I6FioH2hFKKvHE="],"block_size":4096,"path":"apps/Wibiya.ico"},{"block_hashes":["qfD5WaG+HIOuMX1S9k0k87DxoHQ7jb3SC4vI8LO5JZU="],"block_size":4096,"path":"apps/WordPress.ico"},{"block_hashes":["+aC4YkOw5LYc+4t+ftcF2mVWDvr0Rx9x8r8hvcIYCUQ="],"block_size":4096,"path":"apps/XOOPS.ico"},{"block_hashes":["mFqChjvCUF1927sunDZmZi/9XhZM3oilndymm7xiyvU="],"block_size":4096,"path":"apps/YUI.ico"},{"block_hashes":["xoW87rkGkvbcVr6cyDrGDMjSyZJVMcWFwsK01Onm9jE="],"block_size":4096,"path":"apps/ZenPhoto.ico"},{"block_hashes":["kAaLY8zYyYJYEiefeTy73FhSDAaH5U/HXGKatScUrWg="],"block_size":4096,"path":"apps/addthis.ico"},{"block_hashes":["jS83LMMzPX0e4TZAkUfOfPYiwtCmq6GBhyROTSO1xNI=","fYjgi1diYyjoNN586zPY4iHF3YAv5QhRvffVbIbtNiw="],"block_size":4096,"path":"apps/agility.png"},{"block_hashes":["b/7y32gwjl6KGH4Jf50ZOtg7WYZto5UkA1gH5mI9aeQ="],"block_size":4096,"path":"apps/alphacms.ico"},{"block_hashes":["Bvy7LoAp2ijdbXIGsa5JdrQKGCV42p0UkqX6xKsOuDg="],"block_size":4096,"path":"apps/angular.ico"},{"block_hashes":["Ya4pDcB7Cp/KEKSyZyEvHbGCjKu5SZsb52ONOJNwEJQ="],"block_size":4096,"path":"apps/apache.ico"},{"block_hashes":["KrjZXkzhcs4FFX1Q8dgsgfCSjoRwHe2RsK3OHeSAn9c=","HeEREphmNpZTYYUJfqbYUkkEsKZZFUUaT+6u84FdgNI=","5qMFsPy5DxMvc6oc3O5edUO7kHQuW9l/y9l/t4SsAWc=","HRWs/rLtvRbyGVGvLZ2zGp3VQKbye1zd73xp5ewe4Aw="],"block_size":4096,"path":"apps/asp.net.ico"},{"block_hashes":["34BfSycRBxQqbw/0/TERnVdZB11vgx2QQU9GWRSEdyk="],"block_size":4096,"path":"apps/avactis.ico"},{"block_hashes":["w7wcYSONtXUM61BWGv3/KEqi4LJdZAEwDE94oyfKMS8="],"block_size":4096,"path":"apps/batmanjs.png"},{"block_hashes":["KzoqSUGC760FhVuCjtJ3pm8uVDWygvL/g+fhYlsRNHU="],"block_size":4096,"path":"apps/bbPress.ico"},{"block_hashes":["kLMwyKjLrRvigRoEiz/U9Y/w1lZet/o/PYZ0iFsC6Yo="],"block_size":4096,"path":"apps/bootstrap.ico"},{"block_hashes":["LJ9aFG16x6xDnTL1q2reY0MRQ/JJnM1w7WqT768GDd8="],"block_size":4096,"path":"apps/buysellads.ico"},{"block_hashes":["xAx4gqtd7wtSWccV23CIwJLQVE2QkrjsPowcAui7hco="],"block_size":4096,"path":"apps/buzz.png"},{"block_hashes":["oLYa48uBT1GEI00keQDyWm1dd+L4ln0pmI2dt0LWaIM="],"block_size":4096,"path":"apps/cappuccino.png"},{"block_hashes":["KquK7rAsrPYhGSXgqT54NDYQN9IHKZm7DPurOn293zw="],"block_size":4096,"path":"apps/chitika.ico"},{"block_hashes":["+QwvhGb18nJxyGG8KwjOEOqKlJVhLdfEww9ZP4fMltE="],"block_size":4096,"path":"apps/clicky.ico"},{"block_hashes":["n5qlGKJzA8gd6LaVBcrh0+xLWu/xgJuWlVaTYJhatcU="],"block_size":4096,"path":"apps/concrete5.gif"},{"block_hashes":["60P6TOb6pURqw6ZeeFb10Fdlgoa5jxHzD0jypN9PcQc="],"block_size":4096,"path":"apps/contao.ico"},{"block_hashes":["3sQo8VwKTz5tdoCRQ5dMn2to+/lzfb11COZBXigkN4U="],"block_size":4096,"path":"apps/coremetrics.ico"},{"block_hashes":["ufoVyRcnw+WaRvOFOVaETzfPNDIQo3D6nz8CAmFSm2s="],"block_size":4096,"path":"apps/cufon.ico"},{"block_hashes":["w5RcR1D2dDVMhviNiU5Y+VluetKnb/lnQ+YLhJY6Sv8="],"block_size":4096,"path":"apps/datalife.ico"},{"block_hashes":["8u3eit1QNZSWaeB/4TrSJAARelGWRlUPWCs4Ym5AVf0="],"block_size":4096,"path":"apps/dinkly.ico"},{"block_hashes":["EzTZxNKvEivthFmnfmQvk5BhzPvBcMhZOQ01EUpiUAk="],"block_size":4096,"path":"apps/dojo.ico"},{"block_hashes":["Zi1Z54gC4XoclAONk+h4u6rdQA79HIGcJUkOf9Sh0fk="],"block_size":4096,"path":"apps/eZ.ico"},{"block_hashes":["00qMIGEaFbJ0DIRwxPjppK4FadOabbeRVt+FukDTRcU="],"block_size":4096,"path":"apps/ektron.ico"},{"block_hashes":["/htIGInE94lzz0DHHxvjfCVIVsDVYeBmwSHd2f24x9s="],"block_size":4096,"path":"apps/ember.png"},{"block_hashes":["jwxvShXFA38KOpct7Lpbx9mlZ8mPNK0IRhRTSUUODZw=","/CnrMuwtA7+lX4FcpaWQbWzjrW/YI8Bminomv51CMTo=","yibMwnu9r1n4FdUSKxZgkqA619mkfbXNzG+oswVyqrs=","7oQdJLPm6SW1HEGyeOjC+owHlsJhPVb2wZocwN6062c=","/hJkIVicF8MIJV4tGGbp5iOc3k3YaN9FrNjnRlTnnWc=","RtG0Pn3W2v5yeh9O2bhsz3LJbCdcPo1/g2j+UDYom3w="],"block_size":4096,"path":"apps/eraincart.ico"},{"block_hashes":["JSAwWx8lR3JMYDELZnddijgVbrnX7hCUinUdtT4zuAw="],"block_size":4096,"path":"apps/etracker.ico"},{"block_hashes":["sOb+P6CeukfWA7evGq56+uWCa/yXHSU5kCNyBiQi5cY="],"block_size":4096,"path":"apps/expressjs.png"},{"block_hashes":["UXJPqq20bIseqk4e8DN9ctEd3OFINzjhYY8CjSC7olE="],"block_size":4096,"path":"apps/facebook.ico"},{"block_hashes":["NHvc/ERuZ7Q27Eol69iTXFOHj8YIrcV6HwGfb654HIM="],"block_size":4096,"path":"apps/getsimple.png"},{"block_hashes":["CcUojOvrFEeH11Det2KrQGncu+C0wUmz1xg6PNBvIPo="],"block_size":4096,"path":"apps/gmap.png"},{"block_hashes":["aesWL4pjP+nhkezyttlr99pl3JjaZHUGyPspcTz4Giw="],"block_size":4096,"path":"apps/google-font-api.gif"},{"block_hashes":["mWmTv+t82cOBJVwo4htj8sOR7wkP4CZvAWmR644+/dg="],"block_size":4096,"path":"apps/google.ico"},{"block_hashes":["YWWPcDmXxExexM6MziUuNUJo9K8xJgJAFCDD+U7zXIk="],"block_size":4096,"path":"apps/handlebars.png"},{"block_hashes":["aHp6iwYlqnzP9g3rjfF61EdyJyikN5sVVTLXa159fN4="],"block_size":4096,"path":"apps/headjs.gif"},{"block_hashes":["PriyeWYriM5BYIAYSACGLVWUTmRhsdCdBSPQkXPzANo="],"block_size":4096,"path":"apps/hubspot.ico"},{"block_hashes":["gOSJfNB18/50DbOo2T/nV/fSmbv++IRV+Qd1ZaGmtoM="],"block_size":4096,"path":"apps/humanstxt.ico"},{"block_hashes":["jMO/nW6eFHNHFNRA8yCOiYBsSJQjSGBzzzpAEAh6vlI=","d5I+U2C70drEQNWIJeljXp6RYKlRzY9ZgwtC9aLh1UA=","/LReaj4jUL9LyELzRNT8/J45WAjPZij2tMZHX3tX2r4=","8cUJMNn5ty0Rtw/aE1KbF0XFHk6bLDs3N28M+CQOM3k=","G/FCshHlaFlnYOFpFITOoIAa/zJuWb08dOX2JB5EZU0="],"block_size":4096,"path":"apps/iis.ico"},{"block_hashes":["1YQohe2AIwug4AxSoDtXk3bhXLqVNOwGfk3zVv4/DYk="],"block_size":4096,"path":"apps/jQuery.ico"},{"block_hashes":["VXse/3XfFULl9QTK4voh961w/45rAtxRs6ohxp4QL8Q="],"block_size":4096,"path":"apps/jQuery_UI.ico"},{"block_hashes":["xX4Pabs0GYZmWxRjfJp7SStjuKcUojYNc6/gTTWf3GA="],"block_size":4096,"path":"apps/jigsy.ico"},{"block_hashes":["ULhiTlQuA+PXs1HVaVzMgesTtFOlWI1YMq+nN8oHWAk="],"block_size":4096,"path":"apps/jimdo.ico"},{"block_hashes":["HECi2L+0XAIDC5SkMBz+36iQWGuW78s0moPZsdJzypk=","4iel9c2b4vv6ZPva5kdFlUPYX3hzCGSFlSS1i8e77Cs=","aaHpwmMGahq4n3fjiU3L4A9V2L8k5OraJB6v69kxtuQ="],"block_size":4096,"path":"apps/kissmetrics.ico"},{"block_hashes":["esXrKXFvrnRrwQzpy+Lz0qTNZtXx/nKu7tULPhNJ70I="],"block_size":4096,"path":"apps/knockback.png"},{"block_hashes":["J20UNLrx3EfU8veBTHk/sQy6eyocrJEhl+Ctuye7H2Y="],"block_size":4096,"path":"apps/marionette.png"},{"block_hashes":["f4WpgVwa1ZfPz4tuby+ccvPcb/JN+6Ly/NWeifiQMsM="],"block_size":4096,"path":"apps/meteor.ico"},{"block_hashes":["EAC6ddot2jbGU3Qofnc1ODUa22qjukigFF0TEvjXWs4="],"block_size":4096,"path":"apps/miniBB.ico"},{"block_hashes":["gIXhclwvj+5WcabVQzGoBK0yhl6MGMVhLSe24Q7rqtY="],"block_size":4096,"path":"apps/modernizr.ico"},{"block_hashes":["MqjpZ6wcwik09LNKUXPVnP3M38hE8GWTvvyekF30cgQ="],"block_size":4096,"path":"apps/mojomotor.ico"},{"block_hashes":["ZP3iz6IPKQZimz3xmbIKhN5oqX6Kui8cMqkT6B/9tXk="],"block_size":4096,"path":"apps/mollom.ico"},{"block_hashes":["6Jxygw3FQ29SwWEZNG81I200VMICTe6xRll6bvF+8Mk="],"block_size":4096,"path":"apps/moodle.png"},{"block_hashes":["Vc8khp8Zikdyd8RCNw7viVXHh6XkIB1Hm9vE2CVWrGg="],"block_size":4096,"path":"apps/muracms.ico"},{"block_hashes":["dII7FEcU4HwW/RLj3/+h5dhiePTr62qC35uPLCZQHos="],"block_size":4096,"path":"apps/mybb.ico"},{"block_hashes":["gMVhQjHF6fw3OeHLoI+z5jUaJoesLPtU+/RCCFQLDg0="],"block_size":4096,"path":"apps/nette.ico"},{"block_hashes":["D3QdwNYcHjBHEO6ISE/luQaLS2S369jwlxvr3TkeTYU="],"block_size":4096,"path":"apps/newrelic.ico"},{"block_hashes":["nFohK2P5IOzDdrfAjvGhy3egffGIR20QoO5tnWJpxgM="],"block_size":4096,"path":"apps/nginx.ico"},{"block_hashes":["HKrULWfgMB7a3rramESSjTPQF2rI/2dSYoigIjs1CRY=","zdP9KK+p3Z7+nSu1WgeEeXshwdHpM8xaM7B4yUzzCG0="],"block_size":4096,"path":"apps/ning.ico"},{"block_hashes":["zSSbYdfDWzXxEA6OcBYt/8504+PhZU2TX5xeRTFluTI="],"block_size":4096,"path":"apps/openacs.ico"},{"block_hashes":["TrYxlG6eoh024E8ThjrAwCJpI03q8uUkwCx2bkmsxcU="],"block_size":4096,"path":"apps/opencart.png"},{"block_hashes":["OEQC/i5QnnngYEzml3ORoqBOOeTGHkQvaBOP+vHbfz4="],"block_size":4096,"path":"apps/opencms.ico"},{"block_hashes":["zKZFGErAtGEwA9ujC9dJF/n6Hv6rY0KnMjZWFxx//dc="],"block_size":4096,"path":"apps/osCommerce.ico"},{"block_hashes":["HU2v17A5dGdXWW0NgFVLqFimyf3FnC5KV+06U5M6gAo="],"block_size":4096,"path":"apps/owa.ico"},{"block_hashes":["CN1YNeruwBj4L/lCwRICiCeMQpXlBVccoqTEL8QFxrU="],"block_size":4096,"path":"apps/perch.ico"},{"block_hashes":["zYjF8ynXXBTpqNUMibXJZwQAu8nBTINw9e+tN4B3D+M="],"block_size":4096,"path":"apps/php.ico"},{"block_hashes":["UFCCjWSD3gepNdvy/WclIPHoXoz2KhZ2FThJyDpmi8s="],"block_size":4096,"path":"apps/phpBB.ico"},{"block_hashes":["LEoTnMPIIfoaEuk9uwkW3l7Tei237rIO83+yJqwyZF0="],"block_size":4096,"path":"apps/pivotx.ico"},{"block_hashes":["qw6kXL+OQM7Z7BJ61JEAJY+z3eiP+zUZmrP7MrrQiPs="],"block_size":4096,"path":"apps/plus1.png"},{"block_hashes":["I0AttJsB4Kky2zg4elxb4VFms4HB6NuTOb4Qoaflb/Q="],"block_size":4096,"path":"apps/prostores.ico"},{"block_hashes":["V3Di7n1XeNWVGq4OOpC1ILvRI/zVA7cXbceHs8n9fsE="],"block_size":4096,"path":"apps/raphael.ico"},{"block_hashes":["pm+Tc/gw++kPOZLvyq4QlIOrBaFOEMFQyrleYZ5Vsws="],"block_size":4096,"path":"apps/reCaptcha.ico"},{"block_hashes":["V3cftnhAZH7t2Jg3Gv6veF/kxj7GPOADT7R0ZuUEKcM="],"block_size":4096,"path":"apps/rightjs.png"},{"block_hashes":["dYnpNbyFdtvEZ3yU0iE3rFdbmZuvlbw9xU/dzW2EAdk="],"block_size":4096,"path":"apps/sammyjs.ico"},{"block_hashes":["gDpAbCziQJyzH4bY1NP/1PmyeB1VL8MQid12LdBAlkw="],"block_size":4096,"path":"apps/script.aculo.us.ico"},{"block_hashes":["JllXRbRm8PafBtaNbT5o+ni42Lt/DjKrADZe3A7mK1U="],"block_size":4096,"path":"apps/sdpy.ico"},{"block_hashes":["zQWPu+MDhNgdDUdslI9qno+mvnFn1UmpXHykTu5NWp4="],"block_size":4096,"path":"apps/shibboleth.png"},{"block_hashes":["TOsCiG4dqMm5JnhKJb1SfdEuqs6IyVDeXlaOza7kh+s="],"block_size":4096,"path":"apps/sifr.gif"},{"block_hashes":["eVg/76+jcLyY6YVU1gSrumvATb/WC5yFYC6BktvA714="],"block_size":4096,"path":"apps/spdy.ico"},{"block_hashes":["AZjVb5cG26fbXBCOc5JMQLSSWOzWXT7HvU/WPlihpfA="],"block_size":4096,"path":"apps/spine.ico"},{"block_hashes":["8SSxFuYI/Lrl51YE6ok53cKxKDoZXpZlCqPjo/1Mz8Q="],"block_size":4096,"path":"apps/squarespace.ico"},{"block_hashes":["LsjgQ6DngDZJHiN7y1jsUnwhBnyF9em02HeMz6qw5gs="],"block_size":4096,"path":"apps/sugarcrm.ico"},{"block_hashes":["mWR1heKdsPC9VNlU/aDfyZCzAOZxKf/EuYHVqNSFALk="],"block_size":4096,"path":"apps/tomatocms.ico"},{"block_hashes":["TEtypW7PoPEvOQvt0mSwdGPCTqhWHi1bcK5ElE1Qehc="],"block_size":4096,"path":"apps/twitter.ico"},{"block_hashes":["ofQe4jSX3gw3dF3395Cgt6Z9gSTlenZ6azgH4o6duHI="],"block_size":4096,"path":"apps/typekit.ico"},{"block_hashes":["TFz67RQTN4WqRWo4uBzeB6V6jxvlM1+kx0WsrYnS6Xk="],"block_size":4096,"path":"apps/unknown.jpg"},{"block_hashes":["MhlAAxv5/UoijUH08mORNiN1xLEXKY2fD5PkQ39u8yI=","V6EpiTMB1A5hlkgFl9SvK9mcd1jSUaJw+sda7FSH1SA="],"block_size":4096,"path":"apps/uservoice.ico"},{"block_hashes":["jhxu4qHUEh6KOY3rK16FFgm181i8u2hoA7WOg/7ExPs=","TCMsI4W/CYUw4zQJC8gQ4PmPgx7ctVn02SQORbkw2q0=","MZs00FifO7nO39xSCX8Cjch63WvRoh37ZbF8N9lOSeI=","vgyFoGNAp4SL9PmSbigEGLhMkTDWBZt4k2YWBVOGPK4=","q3hWlEoX2XoqJ7LDMHs7HE/yPBguJG5/HgoYJ3k4o2s=","PFAPslqEEObQjEIckT2mZrKRc/uiEEYFO70DT0+bCYw=","m1n/seZxOM3utVxgPQxq8I5SOy52iLEg8X3jEKwrazQ="],"block_size":4096,"path":"apps/vBulletin.ico"},{"block_hashes":["gfo8VaUWD7JAbknzK6Tga58N8+MF2GO7D9V8X5IiJUA="],"block_size":4096,"path":"apps/varnish.ico"},{"block_hashes":["d88Wkacvi2doyVOV9eHo6PMhinqVl5gTZaVH5vDMZR8="],"block_size":4096,"path":"apps/volusion.ico"},{"block_hashes":["5CSlLzb5XovSlwnX/RCTAERTxvD1LUxHWXNZIq7vV7c="],"block_size":4096,"path":"apps/webnode.ico"},{"block_hashes":["/+votT7y58o0MbgBqAob+cJiD04KwJueo+LZBElDcmU="],"block_size":4096,"path":"apps/webs.ico"},{"block_hashes":["K+130sTjy9D34TaSO8poVVS97cmfx+KygsgVTc9c9nU="],"block_size":4096,"path":"apps/weebly.ico"},{"block_hashes":["gnUKual00wXbffd6pO5EZULfIRtN9EFQiqxDjWnJl7o="],"block_size":4096,"path":"apps/woopra.ico"},{"block_hashes":["yQl09i6L0RbDkvnXouElkHU+DxEaWYE013/UF1eqd2I="],"block_size":4096,"path":"apps/xenforo.ico"},{"block_hashes":["H4I2mH59NSUuLGsYpkuAMj++uBchZV8NFxkQtRicuPQ="],"block_size":4096,"path":"apps/xiti.ico"},{"block_hashes":["b6GTaHpqXG3S0KuoNEXWOtAYXkc81KIoSxSZ5N+qa6k=","mP57l/XTejVSH7VqHI4MirhUEB8N96nywO6pIPI4ai4="],"block_size":4096,"path":"apps/yola.ico"},{"block_hashes":["E8vstZWeOBGIBd9tOozZasq+05Yn64qBqP9WCvhgQe4="],"block_size":4096,"path":"apps/zencart.ico"},{"block_hashes":["31s6KEUoSh4h28B31rU8/B/hiAsxLlrzn/h//QzzXJg="],"block_size":4096,"path":"apps/zepto.png"},{"block_hashes":["jYsDxgD1PyjcOD9eRvBrCnIcxR0F+tXVcIY3JWp9vrk="],"block_size":4096,"path":"background.html"},{"block_hashes":["ZoTlwOikLdHTEO6vQ79DqOgwip+EtbTluzI7mtzF42c="],"block_size":4096,"path":"background.js"},{"block_hashes":["3mCiKzc5liUy3K5E1AJwKZO5+ECQkzv4VDmJcU0DLSw="],"block_size":4096,"path":"common.js"},{"block_hashes":["FSleg6/1sKWnvQz3Kh1eZ+861Zi+GNa9yxsyIERE1Og=","A5RlfyBmNM3ZWr38CagGpdSnP+dGf/S+DvbtGKdohoY=","mV+/a0jKL8MCI4McRH4vVbxtJ0fbK7aOfOFVdYY6940=","dNs83c48G3ftPWq3YCtK/MzUMG9Im4D3g0+NGUDLm8s="],"block_size":4096,"path":"detector.js"},{"block_hashes":["Z7duHzTG9wBKbwKAwG5lCPDg3qdgTcJh+tl5442SMVs="],"block_size":4096,"path":"engine.js"},{"block_hashes":["2B6Tuue2QUkI9U4t4ztImj2ANet1GO4HNHZMG2lfDsk=","+kj9dLneLYOYKBYNIXNireujzJoij54Td5O/vw0/qpM=","0hss8YTdYinohiDtHWllIJvXgl9xf+jMbajfy2Vwv28=","7U60QPIjVjm6rsVucQoU55l1ikxZdLnl+WZO2c4JyVI=","TLHNzBuhwWD1hMHP7DsIJdp7VDJ6sA6gfkK0zSKajBE=","x8UT28CBJaq9vgfeZkRCRqN/yYzoulVS477IMg39syk=","pNHoKmFSHzCroCWtpCF1jQnUf2LZznKgq0zzutruP/Y=","dP1E1dIhZL/+Of0F6TSgI3fH3AX/H5Iy8t4ldJLpOlQ=","3Bh/VPLWjYMEHbBnjhD64+F4A/HsDoKDd8qEdry7msQ=","R5aoETV4nwE7PMBSXp/xWvJj1Qy9HyrfHy9NNEvzLRs=","pCK0HWgdFA58L7CjaTTCOQofsJmx+VzEKyXBjzAjwgo=","ZyPO4UJJHoj6Rszu5nEtalnsZa8Hg7Mb4cU6OLsrnHs=","jn3hniamI671cpLUqRRce4L9s8zjALmwj+CI51NkhCE=","FS6yZCiSiWB0iW/vw1R7z4oURGO5VPZzgX8rwaHf5qQ=","sW4wxkUP/qJVLtigllHZ8dZ7H5qti0FAH9iC2bxrpS0=","d9/PAS5Bi30/W29SJVO6RQduSBy8v2wGH6A1cYJHpgo=","wEHBQeYgLuuMc1Bmui25xV4KKZhB9fUMHjPYDb41XLQ=","DfpTAyYVai50gwR+RJNaNaUFyH+QhasX+eDaOidI8oQ=","/CY711pN/kgFz70JSJd/voyiRZOMGD+hwHEFVywHxR4=","mZDi5ROL7QCtUKIybe7zZa9UVtkkjalIUfmwHe9xuf8=","cnpHDhWqMEvGSerVWAf4V8SJ7OzezEmczDgKGjUbZw4=","os861XzO/j/By+zYZHpV3WNccyaBs9INnzayk2jNnjU=","WLEFfEhGBnJwuNR6ZiQl5T9v36f+0yX1Z29GA5BhH8w=","1rxgrTfRF3ZHzZyx3FK8AIfKBs0JDHVr27UwCZ1QnTQ=","fB8GzzYKb4l+wqd33h+LPZStJHmOXrRbhH6/bExAIWg=","p3uMzC+ZsBSx3tWOCeUuzbRj//QHmjXshMtnkiue1Mw=","XvffBMe5ZOQzHaTPf9jG3PqOZClXqTtiJpr+ekZVKeQ=","ts/Q1xdUDRLnfPQybycbfjtavO23imvi0nrdMhfqPiI=","2UbZbiACiMkTyeP/XM3xN2dqHDgvnzq//7xNtodbBYc=","mdoMdy1uUT/2vS/10Nm8LqPIvPJ3fBqU/f6KHz4m+wo=","gJ+8I76A4uIhtVK+R93cusUR18INzy+tiusIrQaTn5Q=","CiBVLGq3O4oR5yO7wV3UOfl/yiChia2CL9oyva4ttRQ=","nEh/7MimI3+7qNpG7lfDe9k9L4J1eHVphlkrwahtq5E=","RIXt0H1BPoGyJEt6fmpFa4DvmFApY7giUGpnTyiQNX4=","ooJ8Z99Nr3zBpTtVeMH6vZVj2Bur8IAiDlRbgt1NnIk=","EMlG9EFCF33XZmfmvQtk4znA5RWcH+rSl9xbArygebg=","hl5mUObv2WOut3TpaRsgDN8fEWhrdduSF4KdOBAxMNI=","sP6xBteIcvS5GPQl3HD814QO3mo6ajd6825sZH+9V0k=","MQmWvKmCIO3PgDJvzoajahLmsH1NrPI1QwN6ztzrmQg=","dzB2QJcrRtxUdUbIXIREg/XgHYEYVfW1HQksiwq0Lxw=","E1YvqDoKz8f24kfeAKY/Zauc3WcYKKxjEZMkYZW/HBU=","P/tXt8BRdm1BTlhRrbWzUrQ831UqA0kIhsDjhYCE/ho=","QF8Yt6saRntHm0LhZ2Hmv5+Ok/PfYkZm5vjJj0ZTqDo=","h9eRodSyX2LNhv6ZXRqV+6FmqdmkoW1r+Mu0si+ayH8=","q4TPSkUxJASozdkwCaXlUcUxZmeg37vAtr6WG1ugXTQ=","tnboQaHHvixzaO87KaAF2hTCBhBoNaAKLrsaU1hdqZ4=","LGGO9wQ2CfB+euKLN/Hz5hL11w9Nqs52e9q50AjYHFE=","Rnne2mIlVG5+BNffQxMhkVKTJOUn+azMeC+hu0dIcQQ=","VlDLwCV3+TbWDhlLoQ8JI/21mrfrleybQpj6JgiPm5c=","sHwkgbfpEvop89eVV7MyWmdKQOZJhm/h7gzPgTaQOpk=","x2EioG4nCMeh41kVViXeeryWzjJEvtOiJ4g/0lIxHhg=","kWznrOJWUsDuYAOlARelaSA/Bk46apoyzghrWKiIVDo=","Mpdqnht+nYoJrywiXllDyVsMd8pXNx1jazavpS5qnjw=","9dnKAi5X8cwogBxnT5I/k+bCz46lYhRNUiZFq/VOH+M=","B+1FveCRCNSxMdBmmKMwrPyaXbp2dUX2gIZ8IbToW3o="],"block_size":4096,"path":"icon.pdn"},{"block_hashes":["8KraI0mJFJPWVnfbcT2dpT2ysddY286r5V885doZCZY="],"block_size":4096,"path":"icon32.png"},{"block_hashes":["MVSD87ArARe4RtovzQr6ZsQ1j752E5dhB9SICE3u60c=","hfOwzY5OJIdEE+miZ+jH3mLtrh7Zv2Hn4DCkX9wu4VY="],"block_size":4096,"path":"icon64.png"},{"block_hashes":["Wdrg5j9er6TjkNUIDGeSwLIxdBKRDACwUpc/TyM+1sA="],"block_size":4096,"path":"main.js"},{"block_hashes":["+A/A/k1vxNEkR4B/pDTYL/zrJEr6V+scOJknSeFh1zg="],"block_size":4096,"path":"popup.html"},{"block_hashes":["yRiXo3NUi49vQn4mkgFBGfTWHcDoNlqNmSFlZjIkPXc="],"block_size":4096,"path":"popup.js"},{"block_hashes":["gxvv55IpvybbQbjmDe25yIeHVPhe7EUJEEKDxNmKQHc=","uaIeA0zlKdedovpyZdPlO88kz+7jS4EOLEcctoOKNtM=","PLYX2YBPH3HaOyQpyBYJioKzwk0HPgGiwPS4KXyu8Ts=","Ngv6/QuFidwAC6iwdAhH12/6RsIB2XoodAlF39P5FWM=","TCtfijeDtzyLyHuwQ/P9WfHvHB66dHN+4xbbAUyYlK8=","3FterN6mES8d2kNWH8e8t7sObMNTT2vRUc+ww1ZDek8=","diy6ZJAh3WI6ZidWx1qZwsx5Tbk0B6am2gE/k2PtJhI=","ZQWeJq1gS0aD759BwHs/m4gWZkBGmmEvHKYKOF5WDu0=","catoCM9dK29+OiwBu5swR+ELR02+07TSoafPIQ0pGIw=","1ZGpBFIIeBbREnyUCv+4SFDLRunvvuH2aBksdQ6xUTs=","3s06unQjkhXmLXEeDc4g+pWxsrlm3USHcRBaQJjfGGQ=","1Z3scZcv0azt0JgogFmr+DbWB6TLqPD7up8CBzAa5lY=","xS/XoG8j2S/clK+tQnasqgi9I7dY5ruu6gGGcdHepxM=","gK7JTTKMkKPB8PUlAKOc14/9p3gRh1T8y92/WoniAO8=","sOTUCyLVV8VaZ0e0jzTbT9TTAqJhWWxcebwnz5yoJgE=","CgxvE9kCED9IfNrWrUhHUVbva2YlIPIifLo+qnIh+ig=","iu/cHBAhbNqY7m85XvPzs/6GoUaQ/v6AciOTv74bme0=","ualVO5H0rtVgHiiyXgkEt4JFvz8px878WQGOydabUV4=","G+F7t5E6LIYeafBdk9byZWDnX01qg/O/0aKoAH/Hw5A=","/S5UQ13OQzkUWiTyab7m4nHf9m0ymJUC5KR8XnRlWEs=","iKmL8RmWomZ9oGaiU9Dnk+D8H7R2xCIc6UpAFo/SRng=","WcdrQaABkwf7UQFI2p3zeaaz6CeBMlzSOnw9OWkTVew=","Bv4ofHNrHg9mWn/nFA0XC4q1nPaVQ8TLqCrmS4jyQJE=","EnGv2xq+nnVS/l+5tgpeZ/PdNKwdL3uK6Xoy49WkT9I=","oumQGqyQKs1FO8QABdRlpvGbNFYt510eXFiTXMPWajY=","b5/U+B0Z5ab+5r2o7pzdkDOikdrQRji4prSC6T4nuZo=","Ovlgt/OX0mVn/uRZ4nCWWfptk9BSkWU9he8PA8/jAfs=","pUrk0i5ag/cbOW5H0nmo2iDQOtpbzvq8eqFc4Xhln94=","x+BjSwuc3j89rnJB7easLS435ZB0kpTEsLZegWrTDRk=","Cg/hAcXuXg51xpIyAXmKjWizSUWNXVWDWDet3vx2/i4=","VNi06S+Xd5nwmL2WPGcDdiEd8l67jAUHWDNGYphPHDs=","HSEuBTL7Ov2NBcWXj5OmVAaHOmyzVfmDQ6JUOWyND34=","ohNRybG2N1FBRL5uCFoBVEL1ut7GuKOI/O/MAzLpV6I=","K2coh8pCy4BP0dI3kXwhXfRTKM4h0WGb64HMKKp7eQ0=","j1qSnhBzQG6Gzc0tbQPuD3tdFjTQ230iPKocw1nrisU=","2sP4i7DCGK5vRwzAQ6mC3iZyCc1IE62zm49mBNV3n9M=","CftLflPKfI0CAWZrQBRBBG1Gv1rZa8cZG2DYTt1malA=","Dz/XB2MTodSOQCbBfkh2djUsHEuJt/NtEVRyTj0tazw=","433VkgWyNZPJFCAhP5wfTXUJDARuLIHR+hkugqJrKug=","dWH+8yr3EHF+4XwoR5AfNLI1VWWTLB8PqRcJfnVAR/Q=","3zTbWH9q3rPoWrBwIs5LugC2HDxJZyCtnqvLJtxnj4o=","WRe9uclJiqLjw9/Sj84DRV0d98pFxUK7UEt/ULm2HP0=","OO2vtWkZOtXX0UmuOzcKNwDT1nLbpgdcmpify91GxQg=","Oj/x10KJ4XwUtVv+OEgzZNZC/XTvawZjT5udzQXvC1o=","uYFk3fppbhP/iYKLft6zgnSc2OymfraJ1LVOUrBspQc=","rgx3rcL/Km+gSV7RpaWc2TVrabFkMhfY1T5hwmGPks8=","eXobGHWAcuJj5mCZ3xZxl0QXhq0AnDrHT1699mnxf00=","ho6Bijym/tKTDNc6cMcqQw5czvAJ9X7HXbfD5q3RCJk=","hzRTNzsUImgPFYERTD04/uDKC6iUqv+WVyjl3zFD1eI=","9tF8UDJXKj1pO1Ggi5Wr7B1JeMr9+i8JKj+SzU5/2xY=","41w1EFYKLp60cqDKhh1up2628ATp/+LwpqcVeYDZoEA=","pmvK+RdEJYm5/Ihp5OehWhOn/DbMXBF47ksxMY7yYwk=","iRc8Y2z42Ar6BBTASpL/sOYuzZCDijKhLRNPSpambUM=","yC/nA6j6qiivOFr8U9XfKvMxC5vsqVu5Q2uNcOrYTyI=","YkMS63SDtmPmCWx5hJdQtYlQ94t0+OXf55FdDZr1fjU="],"block_size":4096,"path":"screenshot/large-screenshot1.png"},{"block_hashes":["T63KJkvhLLysPRKem3/Okevp875gQT0sfVhRi1pAha8=","ts38GIJD8Wj9/tiTLUprGzjrNpx94pKRJHD9YAsymYw="],"block_size":4096,"path":"screenshot/shot1.png"},{"block_hashes":["4Zn60ORs2XBOnQpC01WmEnoquV3SO7Z0roGNoOlprfM=","fn/sT69tVLw8WnhPsYLRevN2NrRgv3WbuKtIv3r2oQw="],"block_size":4096,"path":"screenshot/shot2.png"},{"block_hashes":["qkt7DpZpUXroOvst51SKHsjco4hbezKwOOgm5iYRqkk="],"block_size":4096,"path":"screenshot/shot3.png"},{"block_hashes":["Y0U2EXIVUP6W44Fdqn6swahdocIn/9M6RGvBH5V0fbs=","I2osChrnQMSSHqmX04Q0jWC0V8Xh+5J84+DHslU/CCY=","M/mryYatjMig8UMPcKDibMhrYL2Ab09jeJXFW0ixIGQ="],"block_size":4096,"path":"screenshot/small-tile.png"}],"version":2}