{"file_hashes":[{"block_hashes":["QhoTPLzHb3VPaes5tlCBwMFMT6+O5wJgVQC523utbps=","wfmAo3juZ/fw1udxRJMTRGdlrJpufjlu2Kzl1NY2RaQ=","YS4KSUuJPKBuGnXKMZYfU8eN0aNtxsJYCVkpr5lb4cw=","+/3gOMLpxB8MwZjLvtx9LA26BJwcbW77RSnfC613BMk=","K8Zo1UVunDXuYoM8+mhWO1ixMUWWLR2AA3cgBi7npfg=","o+IwWSVS+Qdcc5rH7JLzxIFMqMZSBKRi0Mh3b51V7l0=","dphbLs6VI1oUoA+imEcJFBvyM4DWksosai3dDu5FmR0=","DCDjPyq4zMvZM73/XBdHHNJN079oForGNltrnxakEqA=","QJDbs7gzKNWcIa9K+YyvjWuiaWQZp9uTLB3zfy6hPsg=","L+j04uc0cOYcELlF5kYrNQNgH1gOy7ELJ3hB51aBjNg=","TKIZUNKNt4XXoSjutT/WpP42kQo3JQ3hABcHjHRT/Eg=","KTtuRq3QewE+9Sjp03RtnatoiohR5NuXlLGD2kA3jno=","fgt/ZlZYglFFLR6mtw8cztd4DLuMSXk3VG7Buca7PjM=","hZ9lp4okfvchtvP9ol2ecdgn7+poQRgElfoktjDh8yA=","jhS0Q9wCGffNCwOC5qz80iNb4ggevbDk8Rkk+GTcLL4=","8a5bJPUXAMH9whFcrlZ0hyLK3jlmyzjQdQluQA8llBE=","yW9pjPIMlZOaEjAu7vRic4ekgny+TxIaRxiyV04osCM=","hQ60oFyyiLIyyH4M24cNWKmgZBPcMPeAp79+hRuz2Ys=","hkXXd2nqrnTTWOrUtrozjy+SD/jbwl87kccoPLQBLVw=","XZjalrcMDBEQJlkAEf6y6Op5clEzd5dA/SRQT+A2sG0=","QF2ZxOUgFtAgALpPyjKzhlFH8/TBkgYcE+Dssir4ke0=","/99InhmplYAgM9KnzUoKtKuXBN+4KJty9dfDorJlsQs=","dI+ShRUaxqshYvLOqNjOBpLq9w5FG7uF3AGlCEIAFIQ=","zjM3ZYLt0B2JxZQjieyT4Ax5rKCY+Wy4fn/Iittm+AM=","KCDhIKt31fFe7z5+/6l+D5639rTCFa3zNRU1HNlp6ds=","ut2nhRjixFIzfAj+fjri/htnDwj8rYL90LcnHwTebVc=","q0XmCn2/HAmblMSDrUJpyAT04JgBbOj78oNbUO4VBcU=","qbq2S/lu+r6TzhZ921USEvp+hqEy3oL3b7sLWs8Qzrk="],"block_size":4096,"path":"canary.css"},{"block_hashes":["LRC9TTw7INwNuAAhS6nf+Xwk6hwj5w87F2/oayyNb/Q="],"block_size":4096,"path":"devtools.html"},{"block_hashes":["UnXXx7tjf/lhejCj8nZ1ZImskyxwPmdPqvF4uvdnb4k="],"block_size":4096,"path":"devtools.js"},{"block_hashes":["g2DNzh5qUuvqd5FL4S4CjJW1m/TI/SuVQgq+LP836uI=","+XTOrvnYJYsEPyx3bLER+T3VwU+zeW1rWMJ3z3UB73M=","4BchwYay8idNgBelKFIIxhtkDnDQ5jdFqxDLSj0drE8="],"block_size":4096,"path":"images/icon96.png"},{"block_hashes":["bN0yJY6iCTGei89j0kbdbVHxmwiH62f7zTl7Li3ZKwA=","WIqQ+j/tvEEKChzdhacHOoUpNx7fpqRRZ9NS9JMeiVM=","IGw4iJdzvypaP8AZyS8O7ZsR4drMo/34DadCpqwetg8=","IqlS4fJ+vioIElyQpOLkogRr3WhhfvSBxGiK0afmAn4=","5sQLEMdl4MZQNgyquY3gQ+PBfEx58SCbNiibK6KHcmc=","qq4kt6mePVlKnpc1ZBZmhS38Ug5W2zG/Gel8CncHs20=","sigL3ZtTA4wSPhSB2lZHzIzlCo2Il2wqpljOh7t08dk=","1FHqb0QloS+oIL93flh7ASinvM90VAaT3zzPSKpwRhg=","uZKUXYlq6K367iDT62VhbQsVPgFoZIjSAYwcrQE7bS8=","kGGfwSpzImpoSeHCQIjK9ZCdd4bbC/H0kbPoMA1F1fU=","FqM01+NItAMZ6vdAr9u+goKydY09NgZLThWNKJDy9eE=","1/sCx2VHbv/3VeHkgcCiIQ+qkqMVVksSBkYWJC0ALlU=","3lZnjLCstk4M3W19Cm7neKCGFBcHMJZEnNbAdtLoEjU=","dQGKieQ5sPyxXquqtKTmWPlkRwnvAzxXXC4TD/5sP98=","gzMu3VpOtTqcskyLo08vQCX1AjluhOn47rGDhzNsnqE=","UHK7myYMv4juM91/UZFL1qKlaT+C4ts38NlSmVC1C4Y=","1E/ePBPj9Qrbxr37lD1RdExqqyB4025lhADwgXEks0k=","81AaEQdEGmCr5bbym0Oc0F/rFlNx3PpSug2Oo88TGXA=","KabzVkS/7oJejomVCgton9NuHkiFbcO7NqMTfOhcu2A=","yGNGWw7z50RIhBAOOFeLkVBECF2/TW7x2/KUCBhjllc=","hQ5sMLGTLB65L8Zhm98GY7jYCI/hEAwF9rb+2QbdCrQ=","NG7IxB+p2wdFC3Kpn5WL3hNH8B8g73TXGHX+dDnaYkE="],"block_size":4096,"path":"stable.css"}],"version":2}