{"file_hashes":[{"block_hashes":["XhJDVVNDluwqyRZcIhlqwu7zXs9mTogaR7NSdcXrFzA=","6MVeNEwt2pylERhYKMYiRuAT/xBged3HWPgkueFS1Rc=","y0WIdnLwqp26+Zg9ntnWR+IwK3xENISJiyYIfqPJVSo=","Hq2JECSuYYfnV63O5M0Ly3Bc7gPbBTikFuhm1OC9gMg=","nzjoehDUTLpsYYmqrPJPtiNE/6BnJWQx89nQFckMtXk="],"block_size":4096,"path":"COPYING"},{"block_hashes":["3J/qyxFx+8rbhwoIP1SbOaoeDIS3OpHEbEH4nOGmzig="],"block_size":4096,"path":"README.md"},{"block_hashes":["fErEg+wadLs5KQMB9qrSsMa6a92cB6m2t9gsHaNjTpk="],"block_size":4096,"path":"background.html"},{"block_hashes":["39oqKZeawL/4Fk6oiUNo7lkhSMsBCYAsN+9cUwNJvrA="],"block_size":4096,"path":"css/cssviewer.css"},{"block_hashes":["wj2i+7NFJvqS3k9G2ENDouRKqA4RInDTuZsLX5I+Q70=","l1syM0NWPTK2o594KdIed8/m0p8Kij+c8vSOBSkDW+s=","mPTUWj0cyD6tKc/zkfJXNX/FXhnkpN1C9GqWGBdmVec=","YU9H+PYLQU+5NZLf+GCYu+7YK1mfJLG0rgYshy7BjHE=","EldvtDFhmOF3pYGNNRzKLxSE0W7MaivH3qIy20Ld3/M=","rb3M5/AX/DPY6tP9F6eiBu7o4skKfX9SknTQbuNDkKA="],"block_size":4096,"path":"img/128-crap.png"},{"block_hashes":["Q0Sh4BNOHWm5o6q8L/R9CkSgXpNYUX4YC5QpIGS8nQU="],"block_size":4096,"path":"img/22.png"},{"block_hashes":["Id5veQudkAYODs+zDA4G88NcLDxq0ShClhDOleSkAQQ="],"block_size":4096,"path":"img/32.png"},{"block_hashes":["CMzm/+ScMiw15mgAG4n3qB4HwSjh80DhQX4cbJxMOe8="],"block_size":4096,"path":"img/48.png"},{"block_hashes":["Bccqu5MFhVkNvZBCxaLug17OmgV11i+HMTvlQCvu6Cg="],"block_size":4096,"path":"img/body.png"},{"block_hashes":["AXgoklxWo6k1SI2G/nRPrV4BjJD/TcvY2sf8W83SW8o="],"block_size":4096,"path":"img/btn_large.png"},{"block_hashes":["Udw5qxMEro+ZvSk5zTJ3D9MhqeNwH/5I4IYBjuhUUhM="],"block_size":4096,"path":"img/btn_large_nb.png"},{"block_hashes":["31AODSyWD5VV6A2YrIizvWHGf+BIiTtKm/ZbhDorkvU="],"block_size":4096,"path":"img/btn_small.png"},{"block_hashes":["/hGxYX9kKfoxw4KH6TnjrGy9MIZPj3CMXmWPLMglBek="],"block_size":4096,"path":"img/btn_small_nb.png"},{"block_hashes":["zgz8MNQ04GvvZG07Oxfd7/vvataugAvTwdowv6HgoOw="],"block_size":4096,"path":"img/bullet.png"},{"block_hashes":["KR3UgKKlVXZ5f5pT8eY45gTk8GC/ZKus2caKH5LjaC0="],"block_size":4096,"path":"img/footer.png"},{"block_hashes":["PJAhAE4QspSV/TxwLwcWCzpRBQkOUxMMkH0ey4Dailw="],"block_size":4096,"path":"img/header.png"},{"block_hashes":["7J9CA1croBNNCgvYSW0118c2iKz9ZGX7zq5AzXMtZ8I="],"block_size":4096,"path":"img/list.png"},{"block_hashes":["7/2AizKeY0c3UT4a+g6T59nCEoynOAZKJF43XxjMx1k=","IWGlTyDXLm9fD07syGGC8KYdCRlN2Tk4+13s32LOlyE=","tAD3vDnisGSwQLumX4hWahfWZbGMRuu+51/tIMR5f74=","shF+4aXXmSzscRasb1RJeYNKWkhpJHyKi/ZawefpwEE=","DNKddEQVgcz9tmXW11mivgTjrdb0U0AiFZaePmXJ294=","NJjZrQC2OGXIHJzoOlXgdtlYZjcKEoowEu4ER75uFFY=","xxjIUnCC5QI80MX8hYkZUHHMc+l7HJbECN60iHElruw=","NgdI1t5B7djAq/IhAd/+r7Uu71jrtSpV6zk47RaToNE=","xf9dgVbdcIREIeaB8Kxkbqd8QYoPr9v3BegZ2PS/igw=","Cg2bxdbQ9ez1O8RXS1iUOfu+t4/+9/Lm36zwJPF9y10=","BlN1fw80GgYqK5tSDg6z6I8krZK4SCZE8Rup2hPlR4I=","Acvt47+Po9sL11woqIFde4i0nI3ZX4aUlmceRa4SxwA=","7ooFUdEDnC38Yxp0cI7Pg/SygXgxcKPV6CmwaJWiO5k=","eeCG2iheFEVrobIcxA53qdML/2DZNmVb0myejkV1vtk=","ij6zcx8RVKQbDNhg9VZkPnrFBw1u2jlimC2BnLCgp0o=","Lmlg8DYoY7TIYAgG7XJF1oizcNMg3JLMkGoUh6IF16Q=","bsesItedr3KgaxN4Tg3hQo1slSgNU060zmkFh0/F7hI=","jAASfF/Nr4Yyx0BH7U/onLJ9hSEGEnBHMI2twjJtMOo=","yUAvOGua3NLOsPSnKEE/Oe0ReV0VSdpIv1j8GIrRnmk=","Y7qGzEX5IbhUq6P7rHGpAdVwe8yc9S0vez9AHvaekgU=","LUd8FV1boce9n/9AiB4X30zEUvQ+5o1M2NNE7j5lz4k=","AdcpxW5osuj68589Dv3usO5RDi9Gi41U857A6FxfMVQ=","tT+cb44wLwIBs3EYnvSOFjC7DdUTtdg3fkIS8OcwxMw=","1NTwzgszJnoZwnXkaIwnIBH1S1Jg2ITzHtEL9N35Nlk=","Wu463/BX6PNKyRCHFlmyXVApyJAMHTk6QWIxc2Guhwg=","FwkpZnytnmzZmducOBYusgE/G1k7NzxSLexKGFvG4hQ=","6ulRGEPsEiFA9uuLhZskyzt7OXSfBJ8ZyLXwxNPr8ZM=","36FW1IeCX5xGJqQE9ZcZEP91wNqB3wgYF15jotHjUk4=","73dGJejie+c4fMrV4lPwaqeWfkBbemXXZ35Po/6uGHI=","Gf89PCXfBQe68jzRFh26MuRUtnnzVHy8RyT6qacVsQc=","E8+qqxedowyXnLZfKFfelF8UFkWWcvLlLcL1RAKq+7Y=","Y/Y+FCkvrHbjONrHUBU/j+lEqlrUfXjTLXjDMUwTZKI=","NSVrzSwTm4PurrnN7wskgF/mSpCW6Du/0vTLrDys19M=","+jZki/CrGPflkNxr/fz8xGzV+L7yFfdtDBp//6hujus=","AhrPY4lEQRoaCbSilrZ9oqlY+8aeDaTrgQ84TuGwqsg=","i/+Zeq7cfsAfotL98qYbBCR+7FT28or8moXkxq4OeoA=","qQkD4ckGGzkKjsk5NJq/xjNAULbKagLCopo96kPq+lI=","81qgUw9lkmY9Vj+ng/Bf2j9yIun0aryohBFpx59d5So=","1Ngu30uXWEoCd6jaMXbArC88MsJyEgeFBguQz0apurE=","zkpeVWMoAivsL8BDVmM9FNWuME9SJi7/xJu2mKc8+ds=","yYmEKKM2+/cKrXoeQtEJjmKku4OBZCi7RarU7OD9Kdc=","yWiyYHf65PoqVizHWnJNhuA1PkolaJGTk99WSGLQ560=","HrQWTgI4qClxnpFcfFProcDITi8MYsL4p5sCrKCNrZY=","iDEs9oyYgSPK9rpSUSGR/ylrIqnWH6VQVlBV+5IYFL0=","9UTbKxBzO9FE5PIGuddv5DCU0g0CQlao4eaY8H+9DYg=","xIdw0aAp10O8eT6TCp6dvuZwoWJRv4YgJ5jU5bmczkI=","iMyRPEwU3vC5lT/aXs+5l26otZGLEvyq3f/QUfC+BsE=","Ms7kz2FWahHJMtmOjYF7L00M1ftpMQcUNdR48L3KkWk=","VV+6qpu19XBVbMEJxnGTkZrYZUePJAGjUdTSyWfD/90=","SSkFLNxROg7tJak+Q8vpYjJHsBhrRIdLJ7TDIdlAWuM=","a7+4HIL5FfnV6/GQo5bMZti9Lr9V8qihnJfV1HxePvw=","1EMxkleIwLrtO03yKSyyZkYGAzNFGVSq9dNO0vc/oeo=","gff+gHldvZRW5YbuWk4V+/dpzn+QjqHnI/1Mimge30s=","AJpyP0DtmiE1AaQr9jDXGaojwKShMeQWrgvzpHod1b0=","bfdEwAhoPt9SntWaISyrM3/wYvbsIgyofPlQi6u9p5M="],"block_size":4096,"path":"img/option-demo.gif"},{"block_hashes":["iYBN7fFSf2TmRSHO1vl+OVLfjzjC7KZT928B/kOR40U="],"block_size":4096,"path":"js/background.js"},{"block_hashes":["wZf5lOVDxoZiQsE1//wKtsh4RmcHoeTwss8CKI7hXzY=","D6BoVNgFXuPZAIXrv4tTqCRLPoWSpcM7xpAZBfj4ke0=","GteJ/hupInf6T7Hs5ClGzUlm12Z+JLusBmVwFNdGZGQ=","CIf7qEu2k9JPvoAyhZq7XKqcAiQI5DPwHD13iqXE7Jo=","A622ZAOqN2CAvThoZ7RjKYpyDLqaqwGVjxhFpiPvuvk=","oSys4quc76HW1lzS78FztdBb4h/i105yuctkgNrr2Z4=","uoWmI02hUbQSHPlFABYNWMH+7WcpLQo2W3rrIGImxA8=","lgjfTmGaDvc7DACvmhVuw58DyfiNuKGColPHvHF3X5Q="],"block_size":4096,"path":"js/cssviewer.js"},{"block_hashes":["Xc3BJJBOZckzlm3ipHNcZkOuhGFjYuekJXktCd9CL68=","O1qA6ICl2awQfYOg+5aqq1h9V2bfIO62cmuUaRr128o="],"block_size":4096,"path":"option.html"}],"version":2}