{"file_hashes":[{"block_hashes":["pcx9l2llWPhj6yd11+Psu6i68Za6B2wGu7w2wsaB28U="],"block_size":4096,"path":"background.js"},{"block_hashes":["nn9oIt6jCGgbmQTaVQolZaZixHCAjvmfpGjSdLyYXw0="],"block_size":4096,"path":"devtoolsBackground.html"},{"block_hashes":["qmDAC5lv4sQqkKzrp1nLv4HKhKQDI4xQ6GZHE3DUIE4="],"block_size":4096,"path":"devtoolsBackground.js"},{"block_hashes":["fd6Ruw4ZgRkGiWo+Q+e8AO79TN0v1ChoEE2ukyi9q/0=","N0bZBYGc0TaUwbhgwjyC2OEVlu4TOM9xrfPbmh3mbQ8=","902Mkzm1efiy0P0T3XQNB2fT4igs7LyYzTaAuvO5wPk=","/uv5wx21rRkjQ0W+glIWxuRMzbQNTo7+8ViX7vK/2Bw=","ay+eH8oEw2RnGXCeSJqzXNCy2NFyXcIDfqGqxPPWuGk=","LymqhJY8Gu8u4eoBtnVXq/pS5v/bORmp4A1k61us0Uk=","bV7UC+t18ZN8Rfkehc7g/f9eJwhkxezeZSewuzAMvvI=","TXG4tgXkiPXenfvSI+sKvhhAEoTPGYTEDAH9ojbAlkE=","rMyd5HfKlNhrj6TJ0SauHZlycbcT5ZtP3t3b07XlnBg=","Hk2n6FcVCekuP0Zer5xXPMXBxQjPzynVwMeFteUFh54=","t2H6PvDln5vJI3xOmFOhCmjj52JZa5RldI1CggWajDw=","3cwz6v1MrICxV9LOJ/PdujnyTtSwFEXAT5XBACluqK4=","zbzuKrQSMDlxt1OpDsJowUURyoK82tr+lrtnYckKVKc="],"block_size":4096,"path":"dist/hint.js"},{"block_hashes":["MMta6ZG9I6XkuefV0BQIRGZ7Df+b1MvfgNjkzx77L8I=","jtEceWZdRZ1vd1eY5j9fo+WPC7kYd9l9fbAZ2XifRtE="],"block_size":4096,"path":"img/angular.png"},{"block_hashes":["BXDYnRlcbpvbfxtqXvYGlqgsgnxN0LzpAkHROwBt2i8=","WTxMdU+8eTsK/n/AwSYYl+1GcrdVxwYk6BhvFyTo3iY=","oe1ytQmx9L3bi4pfvKtQvMndlnFWg8Oomx47wOwZv0I=","etGxOL4YpKJ70whN9IFBhmFkCAEGBmPV5XlVDYPGxl8=","cR4p4dC1SVhDXv+cpU1QUC6Jf2nVIT7hbuJebbp0Bak=","WusjicMyq6fqC8qRJznCCe6fkF4y5EYqWD3bMiskc/g=","Sl1is15wCmPXiiemqrEBDi3Qvj5w8go0OhDvpleZxSo=","HddU12v8ZOrpv0kjiGw/CxiiKTqVb76t5Mbmyd5IS8A=","jW5WlC9V5gkE6tnRnAYMjHd7tCX3FgwL4xxvq1DoMk0=","w158468P8ekTIBDiLY3FuItssXuIiClG4d0I94nJPew=","Tmgbkf/9+kcsxm+zRzt4rZGbE/Ksn+CUUZ6sCY4Uo/k="],"block_size":4096,"path":"img/angular.pxm"},{"block_hashes":["eo7g/ZIITMf3HioZ8fq/H63LFwBv/bDsLhVkKHdCXYI=","sF4EMn7xxUilbj4D30h+nIISO9Dz3jk+afJV4LNRh1Y="],"block_size":4096,"path":"img/statusbarButtonGlyphs.png"},{"block_hashes":["+H4uQBLMMPyKP0ao48qCOMi7+UQlSuicnQzbqk0/ClA=","+0jgEFYM1VOmDvDft2qwtmBU6kQdmV2m2fVh5B5HARE=","C6bGa8D04q2EOeopC6M07+PIiCxZEi9OiM7nn2D6IiI=","hQJByTP4mbFrOPVPADLnqFDphGpCDVGb/mbh6PjUlGA="],"block_size":4096,"path":"img/statusbarButtonGlyphs_2x.png"},{"block_hashes":["V8vZn/CZfb/lBGv9nlw+jTRMjP5YDfVL+GXu9fAT+5I=","yniMiTgRj85cRxI3WE8P2z6jo+INlswfXEyfm1sapro="],"block_size":4096,"path":"img/webstore-icon.png"},{"block_hashes":["V+4ZuKCeKkVk3S5Ms8mdl1Hm6cxKW13InzC8WxH3yJ8=","n5CsFdX5fbE7CdPQ/QvnoYvGIdUGsJ1V3oPeI+HKB+Q=","Uq5u6hFQcFBaGBXUyVv3sB00OvHumOzydKmMxph3x24=","6Ga46l6LrT7moBn2uoW3uU4SZ27dMltmMUSc7P3qiZA=","yflLjNidHi+mNXhw14zKB2r66JRXGxw1vdNP/1EFdhc=","Khp1DknEfQn4XYv1+WVz/zUTTx/xKX9rTGbJ0qsIwnk=","7egx3RjXZcwy6b4oukdMVKwzBw4OShWuUkw2FHPsCbo=","7FTSQk7ak6Q6h9aZyUmdK1bAY9puQEHBfxpcclbbUw0="],"block_size":4096,"path":"img/webstore-icon.pxm"},{"block_hashes":["epNLiZkmU5R8V9cLcQ1KY32ARv76/wTE0jD0/EDO5fc="],"block_size":4096,"path":"inject.js"},{"block_hashes":["WlO2NdpEyJRPwzBxTW7q2mPsTKQ65eCqxsoCH1SdfR4=","pnVbOm2QvFbEVWwioCmkqBmdhygUUqjf/jhap/muKoo=","4tnHyC4EpuuSJkf9sWN1n1QV7548K1SP4qktnlBXzv8=","MuhsGdOB30Wm5MoMoBk2uYsA+GMe+O5RHy6TYa0mHaY=","MSqFOrIEBd6JGfDiao0+qnzPkuL6nJP9HxQ37xiIUdE=","HlHO4DW23yM4uuEV8uzkWQDcjuffjKyWhyujYk6C3YM=","8ofsit/q7aGB15aWAiiKYuU0S+ZZEph6uORlFN3Umms=","Fe3Xr2z11NzXPD0CFA8an9q1ZbmXhg4xaZEkK49UxoQ=","HIUS4WGbYQYTQC6RK0Ynwih9J+uENyCRCQWJGiKKLRM=","0a/BZRruOub2bCRDOuei77jUMOnRPVNi13G1DrkQm08=","+akOVhgW+E87vYtRBN2XjscX9QRlEdKSw7SvNrdFhyc=","lcUfKUkZX0KgltbtM0PXAdrQp+4bAu6rDy2xi5qC+Dc=","ok3GUOSypUIvrSlbQzqlsLI1E/hBvAPXMDUFuUbpClY=","UaSwwI8xJ32LPC/xEV1hTW0kPHGLKFjfDGmBcwPEhj0=","FoC5DE6ClKyPONyAQwGOqh6wFBsotZcp2N6J5dEOnso=","GTK7otFRcrsHPkJfJaJkYckL2Yxb/9mSfRR/4+C/J+0=","8XB+ZQH1kNvemtS1kJSUme8ckgsglHg9IC3aksiZuYc=","4TO7syD2IDdDXwk6CvQ7nDppTJcZljS7rh/tjIx0YXs=","69VhdYWca+N/I0p4aU2IgaB5w0lhqbBiJ7o5giLgJFc=","B8pDWSmbzLIO2+b7jfvAMj/NKVxD31a72d921yYpcU0=","Gn9A22PmZJ64O4jaCqysRHw92xpRg4+2WjY7LXczS1c=","vFrB9KQq4IRZmp8zcB7cY8Hp9sca8HIWwr/ZpBID3CY=","Fa0ehwm/r471Yo6EhXTufVUyHrxQwQh+pQQtijJJDYw=","y+Bk6eiWovxf6ppxZBdgjVPLl7xUJQrf7I7WZVqVG8c=","svK6qitaurrIjrRefueUv+yYfOzyvkqgBZPl7JtWUVk=","y3nMGgdYa1jehuivlc3UWsptJ10g0mmSdDpNRFPte0w=","YE+9FkRuLyP4sKP5IfHgmqGxdo52UUkjpFL4F/HEMPI=","IhCDWkRCSEvVflhRuW5mKLcOjJRJox9Gr/CYlHLHQnE=","J0gO35LJy2R9hM1f76DNRpMW/+CQUTGOw4dE9iCJbs8=","1rsH13mjQjTZ6azvlc1qNrAbkZQxYZhQ/6WcIBe30co=","srjgkWQ3r8Z8SFVyrF5L8krmZnrL5mSdd6jMNuLusnI=","luV45Pv4N21JAE/D3UMcIJsXBOUYWZU1LmcWlPhdjKk=","I85oEKZHwa+w7qfi4FSzqCkKAqNpHRNaXjBAd/RqSII=","oWsgbG4zqNlrLdv/y/J82OFkGXD47/9sEP4anCAoDGM=","Doy0QnIWXTaDA98z5MexalySPfha+BlVk+kidVo3SG0=","MEr+U0KO3/tsKVjgbFmw1RufA+SsuPUNotgrPQWj3E0=","E4RyKyXY7qqchFm/Rf3nLrcdgvwGFcTz6SGTeUacg8M=","xlsgo/J8kUGLgW/rJEBvR4QzQyrZkvvVI7vxz/0IE2w=","8CL8eZGN98i7s4Eua+8wc5rmfSr+ZTNTNYttWpjU1VA=","DvF0pUuwZ+/X2MCSPRBlmc3vHK+0c8he1bzVqTrV0TM=","uLcd0p5xVZMAr+L0rWP746hbnVxIfNtnckbageZMeoY=","f4QPtdpTwoeTWgya4SLd5dN/M5vX5givlmo+TYcPKmA=","SvIBj8aGceThxZUjtUvq66ejQzau0aJPYF4n8epKEYA=","jYe9Ik9pDz2mtRml/Vwm0vJviAWJ5iyStQMp+4jbghI=","RDLk2Nc1IYhsr9wKVbU5y4bRmYa8iHmFMrtb7JrL0l0=","aDQfvusHbBq5onSiROWjtXzDVrkdzeeQtuzRyWolvvw=","wfrnccSv8UiKc3WBxJwwzmeKwQ7EaOWtVYMEj/ebkDM=","nQjgN2U6r8I8WMDBW0lKv0FDrmWPiN/o7bA0AUj4UGQ=","FFTx9bvdYbaSMWRNRykomOwGoGo7NB1BBHflRrR6RSo=","VwaLCuhTd4BMhpRHL8xnaEo32DUdKOD9lm+hmifFbDY=","1huy7sOWVIeGZhaXUaQ5tNdkiG0oidxMLj3cLzdHoLQ=","fEBDtL+Lffu1XK54TinTXacEIAM1fociZb7cl8/XcqY=","xt8drfs58nSN8XO90eWi4xO0BmBYTfQYFqDMETBaJSM=","Bs25f5FH4JWexaGJ360NzXuX7D8lrtZ2++ehIU+LEWw=","UqSZ6CDZhSZJ3THqT3odiRDn3gEYarJXiLvhf+NWP/4=","c6kXiBNmElwUTOdFsmmX2TQAV52GzEq8zWvpmzTE1BA=","80cJN72cMHTJ403M1p4zSWQumaAhN7DKey2P2rn33Dw=","uWWr8perxk8T7onSSvoCJFPAH6nVWYpRKGIGCZm+W5s=","pFi6xo1jOdjeSQVM0MOZh1fcszURAGoVX5jLkCckmM8=","5/SO7HuA1YUA/pFJkub9uHNFddp1xubDbyEKHAUIFdQ=","Mt2ItOhGL+znReV3WPRevcNNkEGiCWfWFclW4faq+O8=","o80KEEw8TTTT6buE+JIKvshtOS/xYyimwmB8iQEK3Bw=","ZMmz3LLv/Jvd007jbTz5EWDf2FoykmoR5Of3wKjAYws=","qtRUgXo8IKCT2xZBaNBFq1s+5PX++PUBFfeOJxKAKkg=","Bzvi+EtDRhIAK1El0B5RSAc20Qy4vh2Zqhg12FV/Wvo=","e/rQvxO5OY2VdlLzOK6xHziOtn2GJ/oQTmLta4mlns8=","fZ5GnlWnUul+jc3mbPWV6i7NPeGsthXUNzs3vqNbsuw=","o7kAi4xlTAtHltcFtlcZbJRIsk8gR0Z/BtN0f0fSwCg=","3boas6IPtkgYukWUdc4SP5MHGoWFwtrcHemwPUPToqs=","bFuIiR8sW+s86TowJzG5u8pE2ThLk5gqdrwh063IwOk=","lAOh3OtSHMv0ClpxSnuhQb+m0AggIpgnGTNXrvleqVI=","G+1zxXHV3CUQjDbbmfjehZqAP2PDAOBcVVK9U5u6yeU=","AoQc9ArKbckg19hXhV8RGuYEGLRtEnFCAVm5ybXK5Hs=","OO+4blRqs6XcUwZqUXQsO3zj5QJd3sgiQONFdmVJTmc=","1X6FXFmg1+mYoXqGPoScoPVDcs+7N7EVY8ZOUrXrQ70=","ZWS6FM6IEqNy/NyfDOW9tXbN3Kidi3l5jM1fVilxr54=","yhTyEqeXR6QeK8Us624nXq11mdPXdLxCee7ttQBAwk0=","Ov87mgRgapmT+jdMksRsrn73J3/wzLOQrb1/8dJNodc=","5ZZYURgo7iiW8XFiWt1YtvRn+Q9/o3qJ1P66mixOUlg=","AHL2kyZfwqsT2hGrtIrPRxPGyyPDsW9Ln2qr8QM2aV0=","mOjIpdh3/cigxSVeqrIRmC9addjYBpxiZGacg236Igs=","PtEgVjiHxUKrpIM1haJ3G345ow/sufG6AQ7C3OV9dlA=","DmNs8WppQ0yTjjEECvtT3YGxH2YYcFXkwrHVsEvV/8Q=","OU/QsLTNBSRJJKC/vx6T8n5g/DG7EwxZesBljf4bUks=","P+Fpu507izbvkkl1eHzmT6M6WUP3iFnHVgd01THuVpM=","KumtkWqvoppMJ5+qDdAzmnY9CmkRtaX0TIfCmiQq7tk=","tm0Yo8z6CgJw8nLSWg6dCvxpyJUUTdqgvxMSqAzGvXs=","81pMmv3MsRNq3Q7pBfXNI+XTMuqt+JenNOz0E3eu//o=","M3jPOH0LDJKmGFNXhut/0VVZjyfifs/7M1PFzmXBw0Q=","MLEE+6Lnbx3qN1mGb8uQfDynzXxm4zz400a0pftD9Fc=","zBB6+Fpyf53/x+CrklnTrhNsFxq84UiTRDYPRR9w6Tg=","Hj1rG53I8qBRUwDL7o4+wZKj5/AqLLahYJGCTLAEH7w=","I+8P2UmuGich6QhJ6qDAusil2ft551KvXgcWbGYYNFY=","ORXYfCwkZVbDfaFBGNrP+hg1Lfu9SK2KV/IovlcbymA=","6K4ZEIO8IXbq3qxq5eL6TIhKzHLh22g8/IMW/LdV80g=","J57V9xCL2AJKuZwHsdW4DbibUAPnOWeSSgfPcUd6fOI=","w812DFQ8NYcdN+EPCEYcQBIeaeO0fT0FFITEksRZv4k=","W+JEIDoUjJczY6ZUg2zYnJNQLhl2hdl4JFm9LkYkZq4=","oeJMUUBhlZY3l39zqee4XP/Pcguz5hvbZ1J/eSeky2A=","8ibYo5vqSl9vhyAq++jr57x7kPYFGMw1CCQCWmyc4f4=","91azzKVzSqKPnT5Mm8uMLcszSEfurPt8N+sRrr+j6GI=","LmPl++9biTrwmm3mNtsfrOOvTvxYkebX7HgdR6EyokM=","6Nb5an9CPwmygXl4twd8L40BP0NS+9U8ZiSwuxBj7SE=","QhTMLqziJlQxiIkPzo5c3WXyD/3MVRRtmkAsuzdXwgo=","gOWGIcJUlwJ0xLPqYA9wTXWh9IsoBnyaMHr51OpwEj0=","gBbaNlzSOCfkXwRyXu2G1WutTY3fUgxXOcjm95wKI0M=","gb2yOpsdpoHL0q5yZMTs3CfvrqTqSrQ1vGodjmUYNcg=","lGOa0O6tvIuqZqZja7FjQmjcFVi4aFHrkEaQVkd5S74=","X5zlJsUkepnEuNLUDOggCjjWdPUKSL/9j5OPi7uouyQ=","x39RNKcG0NO5N5a7qsstGiVivVAZiqKyCwjFDHNaIc4=","eg9jzYU7KYoqGTTim7Nw52sb/5COzUOqrx6p9Id0pIc=","etTEhYCAdWRF5igyAIo6uFTmXx4HXfVnGAT/EoUwf0g=","3y+dP0viSeTmqgnSeDY3b9oWN1NybAUtoTkxDfEHe5A=","a4DVtWq0qClJlDnYqwW7HsHpl9uWP+jtA+2o87weIQk=","4bj9lnBejVO1A1v9lbs05IWfr+UIiNt5XM6oSIid2fc=","YBwdQ5naDziGGbkxZ4OCnufZnFq5P4K8Fy71XN7F7D4=","zAp8Gf0dmeuW4qtoRXShVDrvjTyauJk43ruPyTzotzk=","//ir9abnhOleNLTGCd1+yF2JgLdzAkNffP52qQ564oM=","Mng7r+E8hr8YFcoF66bbld2WD54xU/FF1Hfiiz0CTjQ=","E21+xAonJM6K5aFahz+Tbsyu8wVTWnfnAhIeH+rV0E0=","sA9avu0D8NkNWAgYxXW6nwgWcIAtJFYQkr5dVT/GNZU=","85F/WtY0PMZYRCd9kuJGVXw8IVYhZAPcN3VLTzzVyVc=","uhC+osKldtulldZxGPk9w0lf/yOVKcKz66fH7pPA5yE=","lO+jqYUFUldDkV+MYzYAftnrm7fMhdiTxLgWhS8qCBo=","/MUmjBkRjDCvycNiRr5JdT8UQCQDAJnMMcIL646XJuE=","J0mOMOeqQqdRbQMcwUkg3J9VPk8kk3R4SPVucRfhTAM=","IuYBnDdlUnPRHMQiglrg9Imb3Yq9FkNV8KKUl8u4q4E=","AwL/MciHomz2vGb646HUVFfVvh0DyQ3vrFkguObYuzg=","be+HUqcKklI+az6buErUS9Kt8ksirz7sNVm1dQxKKSY=","eG1aSSFj7VGeh8yywQ+v+dUQbvVo8Su/mVLyJjTvsg8=","B5/ru05oWtGIOwz9d/7t+ysT1wlrBZmTpKlwrF4Illc=","3DxXiPMlqFRpoa938U6n5LMUd6P4Qky35+qM3vr5Ibw=","E0XmP6IBlw9KRoMLXLZ+Xuf8g6zyY3r6PLLGUxaZ9sI=","b55Ot0hRcBcLTzlDm+S2wZJW/x1NRJIm463zWifDtSk=","aToO68PFBWbAl2jWixltg0GE4Du8XhRMSZy6PQua2Zg=","QntkhVZ4ijoQKNssBvbbaRwMemUvbPlk/yxZjPorC0o=","vjkSkPF+ZHubxizPndSJCD3oFerQzaPO4mH14d1Ku/g=","FzSO2NNNd6ApWUxewovI2hbWWac0KFgX+Z1EFLiVmNc=","tK9kYmTKOBQyZq6CJ/mmhLdih8ZINZT4BVCVzqFpicc=","8FKwpcDInw780j+XLUmJa1XNC4yM49B1oV5e0AJ0lLw=","ZgSIHzl5CrsLE4rfJviEYwaFpjpkmycp2iHqcATcO9U=","+x6l2d805PDLitrXvl3DJVooy0Ir+Y5ycWQA4zS2FRc=","8IPNhfbhSyiKonLhd8xGbqOq49WkalR7PBpbmWcJziU=","qp0DlsG7E5prsLu9cykskRcKukTzR6MyGbqI+HO95J0=","xpTaj8EKFUfD3fz1htfEBslQ/9+0QP1YxmvxWYDXRGA=","pkk5XIbfkWIkbaQXCCyDdjCTjvzKxM+HzrmcTwRxUvI=","4U7bqPMh6MTjMfVuwZjkPvKZ+RxtTxHcXpGaR4YDQoo=","A0q3w6SEPgyqoWCF17a19l8tJF0QZd2zG4+vvqLBkYk=","Uct7H57/nJ7TRzC6khtvtGPWzVU3MDtH87kl3duwOjU=","WZo70bZEdssHedpNv7j7Ks4o96JleN7lKp6UjzfJdow=","PIpkfRkbKl8/Q1pgENEDzJbBoHoWw258i9YnQdufMBE=","3vITtQGfUj5wfDCBO/eemSd1UApB4idnyz66xdpdT8Y=","sxOe08YwLfGiCCfv8y+QEhunprYLbuDhA6YqHPCqIps=","3NioxeXHtzt4rZ+6LjF0i5/ki75GJ37VQqiS0fButx0=","gud3HItmYQKx8b2dJ55kkCj1E6FMhaiPUvJak4hHXZ0=","harlNs6CKVfmSmkShbDKKI+tRFtjZFkSwI3KPOWnoRg=","DXOn+lUZaZ0VgwV/yjlYNvdYC/2h9xjFKmle8Ybmo+Q=","eQertp9ZQs6MxC0YAJ0mCBQR+4JmIK0FcQyzetjNpfM=","zGGLaHsUaj7rkXz4Czky0erjt1tCeRKEi2sMbkkzlpw=","36AGhc9095P74Ru4bpMmtpTBRgCDqh8D3jbppdKFolE=","/GmCLD6k1Pd7fcbMsB3JWTv2PxwnBwEMXUN7qYHFopA=","SO3lvQY0Tm0C3asb8NZK13qJT2IVpoNu99v/devptCM=","X6BXYqzMoIZm0P3+7beWX1/iLtjTfN6rpIvvpslU8NE=","fwcT+vcYzCgaEOKNOQBRNxDDRB6SG06+sQMVs48ErNI=","w9nAg1y7saSSLetClGN472wkN7YP4sdjBli4nUyhikk=","FMSFnKo86ek01lrK5BvE6rkg1tq9df5E0zpNj4oS8J4=","nYQz6X/pldVftmeKUWOTsQvulkc71+wRte+iuclM0eY=","29m8q6wo2h7n1Y1555ET57xFVVUSd1M3PSQZSwee9jg=","v+5gtPlgEBHansWdp98HHd5jwK+AVcOeDVNVBFut76w=","UqbD6HK6dI3g0vt9aQ6WAAp0hKLNLiaVHoRcqVHUjug=","SzI8Z/730zN4Qk+MNFCZolNAA8i+o6NbmSkucTJvh7Y=","OIR1281rEfN3wGEgsphIFAP3YoU19wGsE+Cvud6BE80=","2PhxNCr2Ps//EdSWLeMOKR67IFC0fX4UzBIQ1+uIzIw=","B7Htq2dVoMw3aKPDBULuXxyNNuTVu32L0KcfhawWCnE=","mdyL1vbGlm+/yMEdm2infuKZh/H3sMPRj9fcNmObjT8=","oaasTVjO4fSNWscnmEPp2H9BHTcOCo9VnvX2qxQk3Vc=","30R1Wr3wXv/zxlWUfiaIMlsoovZvArp3LzoSm4fOp9g=","M8YPl+JZ/NV/r/XHY/hDKGEJvvNNA5n2D4oFdEygF2k=","Qjww9DtjD0gCIJujxgxcbPBRc24lw2ad18tF1WwXmPw=","N4ro5cfyj/inqOcUc5QnV4fhiG0HlPaZPJEmW29p8K0=","QzbN3r2+lW6rHXksgod8oNv5xLAq+Dc7v8XSHkzMYAE=","Sbnv1EvFQlqhPRQMo5qb5f0GXmvwaAASkacPeJPe+Hk=","mTwaj8dzDNnmU1blrwTLkra9nMX/w/kpTfIInE6FlT4=","wQnriF48lO4dts1rW5Y+H9mBi7rlx/YT/XVeHdIInOE=","So8cDcqiAm5SXoNfQ2gpaA3DTNk8zUC+xUvCfzFRdQc=","1tLduRX6sfomUFdx4tj00I7amfGwD6TE4A/eNAp/yVs=","r6rFLX4Z2z190sN/R0SVQKVliGDd4pSYU+7RvTn8D8I=","Is2NZmgElrk9LMJAN42ncRbTmE9VpMKmrc9QaJw0lEI=","bLHXNvpysiF7cZA4uJhtE7c2a4CXOO5z6Sn6Z8rse/Y=","yeE4s1YYStAU9x9IUdRSvXM46h+W5duzlG42LwBqj3Q=","wDAPz/mwc+N5q2ccAcSAceu+i8Zv6cVO0Lx8gCeodjw=","r/Izu4U8y/zdKXjGsURY1h8DSlNoEhE9wiPiMA0glqk=","J/tqoIwB29KzfX/u2MM/n7HSBra+XBL/AoElK8kvW60=","cWmjFjumh+6+WIeCwuZBJ6/dq6SqqBIdJyHiLqk8dMY=","VngCvEseIL0R7pEeXXv6dc3cgJCVxofv7lt32GMXnbs=","h2lANPfCNm5HqMJaYQsQqLhfetMlid4u1CxVW1XHat0=","PYoOKRHmlmbxzW1D1VGEmq4TpomQ20WlimQXHffv5gQ=","1ywrH8u1LxKyK285PRFSJ3yyF8oFgrtlX0RuosXKzRU=","k+rJwg489x+9aXhb5xqWTdmre9jpF6tsiHuqHGRl3cM=","B9POMTXqis+jWtoMQuNt9PMEfpgvFrpRMZ5zOTwL9HQ=","n1SMQseSOCQrEcMf8Noy9AEZXU5087oTL0uj8pBVBg0=","Djg783G1NsNk8oFHDI3JtCUKkgDjY/Wc5TEdSIhdK8s=","WqNCXGfC+s7F5IrFbg5vzn9l4EwThjSFgV7SqbcDAVc=","d724dHOVCvZeQKRHqh+rwJT67F98G9/7bObKZbtsWMU=","xADVFYyJaC8BW67fRJ778aGmYBdUP6HndctmAsFObUI=","ToxodnBbKrB+L2PMKt2LcyJRz4cbgLdeNZdsZK/6PiQ=","diMEskDeY91tadhfup31u3kp38j1J+3lzU/aQPD5fZY=","9/XeowDPC72fKOiJSr4rz0aqmx0yelEM899mrI7BNEA=","4ws+ftqM2GxV1x+WpD8iY+3RznZ3CwCitSrWrNYeQuc=","byqLxRzozsMqDFnzjwCPaeHqQVpBDqt7Nv7EnHR6lUw=","ItORV+FLU5ZHruXPIjJaTttfu/I3zwSX2aLvrJcIk+k=","dzbv93IQk/C0LX7uceQHb9aqJMek6kM6egMmN+9Yp9Q=","h91n3GNIXAP2Gcpk+xp/y8/FpxXUSpuJWC7/kOwsYDE=","sSochqzkZmRgQg2GrXg6hIhyTKDgCoAa237tOc9sN1o=","d7QBkyjMm0inqRyJqhKNN2YMunuxxfx6tthZ3E3NoeE=","Oak8yrUkFb2YzUEbgcSkoex+Uzki8DCWXNN2VKHSt2s=","DCZMziYlg5mSGCjtMPhi2Egul6pS5456OLWsypBw0SU=","fSz0eH1XTtV5wiLwQefKpMM13Jw3BCm8aGJgP24h5I8=","0b25Ua6lMPlBgUoJZJTjixrstyus7siVVYdxSqPsYpI=","/SihzO5EOfMWPEqPVTrYxFsI4HULqPwRY4flVlzrf5g=","NAVFpBjOloKx7GzTaKQx1FdcckzlPqFu6CsaujL09+Y=","o4GCJJKzPIkTQ3vHywoiX+YSKlvsb1rki295we5vrxY=","NVDqtt54GYpw+alEf5IJlS5bE7N9wtk2rnfHx97NEDg=","mC8LdukRXl6mw20Zht0CWx90v1KHkrD/fRrpRPIgTG4=","MnWTdMBkl1oFFaJRybzzvTfwXQnw4h6vtNaeMkyF3dw=","Ke/FBcW5dSfTDSXt4OjWEdOUPnbfT8yKVBFq3h46nIY=","k3goS285r/LWTs8H2m7I1QikMLZs/6n/joD234aa9mM=","L/AYo4uNh7TdN2GGRxFA1vzIrU1rK2ehV2iluFKG1Ow=","uAlW39p8tcHczDyUFB9uMflPAXDnvnw+sRihAwqCi8g=","qYbWa08FfvyOfaevOMtB/Lgn3bi0+DFGKrn9XksdXlw=","aVy0VjpB0tHgpIN6/98fuPqvJZmBqyOLZPP1rB5iORQ=","nadA1kKqlB9muHer04Fb4MO46sbiSM3UUdRklYr/LJ4="],"block_size":4096,"path":"node_modules/angular/angular.js"},{"block_hashes":["nmzViI2XrO/10uOUa/qRpZS908x7gusewX25X/Uk+L8=","7wAGjSF5KdVJjYpfckn63AewsZn9lBSdkbhh/8VlkOY="],"block_size":4096,"path":"panel/app.css"},{"block_hashes":["0nFeYnVGjRLTAibPXkyVJ1yD0XmGDViGZZ8MAAvNjTM="],"block_size":4096,"path":"panel/app.html"},{"block_hashes":["RbGHfpngwz6BjgEF6/wdYora1bTWTck0uWXr8ux8nEw="],"block_size":4096,"path":"panel/app.js"},{"block_hashes":["Mux1SczW3alI8nlos9YNbSRd0XWa+S1702U1Yoks3Ss="],"block_size":4096,"path":"panel/components/code/code.js"},{"block_hashes":["cJRrM3VyT28gC67YdkljRQAu9wMQZwnk5KFWk0GT6sg="],"block_size":4096,"path":"panel/components/inspected-app/inspected-app.js"},{"block_hashes":["CJRS6JS5AyxRPKjfRXdak7z4ooBruWZphHmUBD8NC14="],"block_size":4096,"path":"panel/components/inspected-app/inspected-app.spec.js"},{"block_hashes":["Lc+pxjb/zitXJ5Ij/k8I5R6UCkDOx/tRUWaM1Q+Vi04="],"block_size":4096,"path":"panel/components/json-tree/json-tree.css"},{"block_hashes":["KjT1Lb8TD1zjvkTIS9jv4Uxz8gmr2iEoRdKz9VkQtOQ=","V66DsPi6MBSvDJ6IULlj4L63iyIcij7xnwunmYg/m60="],"block_size":4096,"path":"panel/components/json-tree/json-tree.js"},{"block_hashes":["/pLS0Z5e2C+qoNcOBVXFS4O6oGBWG0m3ATqxKSyKaYc="],"block_size":4096,"path":"panel/components/json-tree/json-tree.spec.js"},{"block_hashes":["gHfyBb+YlC6xTjSr8ErBwbmIqS+YeOKf0T37yZna010="],"block_size":4096,"path":"panel/components/scope-tree/scope-tree.css"},{"block_hashes":["sZ0inbhfxB2XMaa3unzmof+IFD3rhWOm2gS/qz7UaBs="],"block_size":4096,"path":"panel/components/scope-tree/scope-tree.js"},{"block_hashes":["G33J6crgymuVhrFWJRac7Ve+U7feMf5BHBs+iQGNaBU="],"block_size":4096,"path":"panel/components/tabs/tabs.html"},{"block_hashes":["+7Lhg4Ca5sQk1TIknyxMaGTDu1M+GqKcRGBtuw3jROY="],"block_size":4096,"path":"panel/components/tabs/tabs.js"},{"block_hashes":["hJEoLP7pPE2Uf8KzFKzQnSpdxNIkWVkPYbq27u6aCgM="],"block_size":4096,"path":"panel/components/vertical-split/vertical-split.js"},{"block_hashes":["pUMu7ZTBqZ+oYuKsmnEG/FZ5rWAV97vqkJr/QCzAIeo="],"block_size":4096,"path":"panel/hints/hints.html"},{"block_hashes":["fnN/aiaeLYFrvHL6kfQkO88bbxwgURdVCf+b0IsHp+o="],"block_size":4096,"path":"panel/hints/hints.js"},{"block_hashes":["euT3Jy4Q43X7VEd6+7QaZvQnzaTQvMrF9Hos790bCd8="],"block_size":4096,"path":"panel/reset.css"},{"block_hashes":["iFfb347tuJ/VeoNp/jAmmpY4MhT7tzRxu/MSaHB0RnY="],"block_size":4096,"path":"panel/scopes/scopes.html"},{"block_hashes":["V3VW/8aEmPk3DG1ZToN1Sv0IyMhq1eNlfkYhk4jWHyw="],"block_size":4096,"path":"panel/scopes/scopes.js"}],"version":2}