{"file_hashes":[{"block_hashes":["8DxhUZozxHLuEiP0NKW/I0b5LV+MJ/DGeDqilCTglRU="],"block_size":4096,"path":"about/about.css"},{"block_hashes":["oIfJ7pj3HSQoC5seFkmH5W2QMe/5p/StFAArBr+JXK4="],"block_size":4096,"path":"about/about.html"},{"block_hashes":["v+vJa8+e8tSrp6LtGwBcZF/U1aYIqKo0EtSPQoZm6rA="],"block_size":4096,"path":"about/javascript/about.js"},{"block_hashes":["CoIcUbMancEhNmFaJHBLYQ/qG0kKUdiSajEnUvkCXCU="],"block_size":4096,"path":"background/background.html"},{"block_hashes":["TkG2pEtWniYuJm5jfwMsNz+PPVYhB6XAHGm/9K8UG0M=","UoDWszqao8p+BIr7JIFd2ZimkN7ZS/Cub0V0Q17lU/0=","SeTCGP36KfGYQ+jEj++PEV4XIu+JP+9DCQKDRQ4vx+E="],"block_size":4096,"path":"background/javascript/background.js"},{"block_hashes":["KFL38eKJQ+8XMI6Kwbue/rgZM45eNmw7QRkzgffpKmQ=","fdaOVFEd9P75jeYm+DqO92rMJn9HrSllMpr/ywaj5jc=","d7Oqb1DEKgnHF7M6GiEWPuBfJIAiOLb5e6xg833AATk=","t/j0iuTARSF5qSGHVwPq6uSdvcrrV04dYKwTlBkQB9c=","0nR4IfhP/C/3Q7EN/dbLUbNCFuDJDa1Mir0leop+gg4=","IvBbyXq5NiXSP0eB6+yj3aD4HUgmv2kEnZLubz61bbI=","Ic2mI9O52Saod8oLY9hgqKLSX8Ha2dBtcH8qyFYlzs8=","eY+glWE2gthWClFKFylHs+at1oW1xf8io+hTdgoqkZ4=","q+HouSyKucI8Z9o/B64DQ12Owy2slarW2qBkzsQXSAg=","T9Em9+kWZ3CTJBoIdRhRXCVKdZAiwqe6DHUVR7Z8HUM="],"block_size":4096,"path":"common/fonts/fontawesome-webfont.eot"},{"block_hashes":["yoiM27Ju8sEKVc2+UtbLAdnuPBhq8xR58CxqHFSIrWU=","FqlHX4dKSPMBXHW0A++OfPfCeLlkU9SzHwY1k6F9Btk=","U5xKVk+FY99MMwX15l5KhMv2n+Ytyp323WBuGorO1js=","xgObsXI0q2OWKLlf1FUVyV9aURUtymj0Cm57iAhwyEo=","JTbuZBu7XPJmqfU2OvRa7A/td0r/kumm14AKgmlgkgg=","LjXBoV9q6Kijzjb2PKN19dKTk+JvJZ7bqSKa7BHh/zY=","zjMpdX6uDqE5iW6ffHGZxf9pTZK5iAZK7i++dXRXeh8=","1x2w078rb3hJLyPNOJWfhn91vFaGZ233rJC/6AEjgPQ=","p0w5UhVGvMeemb3I9kVW8WGT5KKOneqs5t3NFlHrgF8=","hgbex9IzGYygkM6QnUDL65G/FPYqdU5fTmVmiJ6uxv4=","ceB0UZaw5ggfWLQEd3KqyrUvKQgH2EBj6k+TZ9XzI+M=","8my1552XCm1qctlSfNqBRjQNC0VvpUBWOEd6MXiVpv8=","IKf0BHRTn1eM1fBKBvn7CB06IV9AGoGn8gWJBUo7cF4=","KgvKOkLUNlT9sBjdoDmerpkWQfbvnAX8HybnPRyE1Qc=","EpvbQRKdBAwv9FYsoQdSY3CPJsYePcpfOh5jpQNmpCE=","ND6Zxf6c6CwXysIOEcbyPlo7Dx4uFllP2fh1Q1HCJ2Q=","c/Fk+1v/YQJ6sC0WUzuceYy/h3ouZIsCsC1SpcrsvEE=","zYvPSYNeEmHqcbqSDIqu8CGyBCdUbOqJZt3bB9HnKoI=","rYUy2p274AxkBr6NyjyHli0vqSC8MfumNiSauwj9bhQ=","KmnIRFy7FLl6cpolU9lB6sk7XrzARV1y6vbS2Tqwbkc=","7IpPz0u6wHKKYLkl08gRAD/fPjesc5H9899TlBi4rcY=","agHFFJK+ZEPwK1DsESjKn0+nSKXhR0iiMQoq33rH2gc=","fjIrO3cLIyTkqQURNs+nL6Gkx9PYh6+TtRIja+cAoA8=","JEUSo57X/ousayCF8Q63jft3/bnSK3JoA6CB8/ML/H8=","zr3kuigvdmFRiZL0b++Dh4s55Iou5pKu4H7NKNidauY=","icU5UNUXGXTosawbEmY99OTcnxtV0J+lQBph0RUmbiw=","VamX4PrzeMXrJV8xA7e5qc5Y8WCws/xa9m6hFGj3FJk=","Hi58t8mQpmgBg4jKJqi9py7LwqXZQ4TJDOX1xaT1HWQ=","thhUr4AZ9/0ry+7U1M6PIVh12za6HuOTORJcqlxwdkc=","0Qe0UWlCJXocUTJO8zF9Ubsmv3uSunBvDj/unKkNgww=","XE/9iHpZU5JdhqHllr4jiovOHoemUIjiH75O5hx43gE=","SkiB7nwnqgBDZfwqwfrvRqe+YxnnWH6abx3U2YESBBc=","rJSrKfuOqq0bTCTVovBPnccwkUaifrqwMctdAnIK5MM=","LnGgo7w4zk6z9FkPDbj5yzSeUtbz03DxSLCtoxYZw7k=","dBJ+a2Ux7adgrL1xQu/XbXcW1MijNjr9XdvuMTbmVmE=","uhobckDfusIb3UBuFwxF9FztdlXjamGDxUR2fzi8pVU=","FDBrLcLNeA+EfN48aUpENXS6z/lUBgmLGJ1X/VKAtZU=","rJr6YebyqF8eK/bb8ck4/ZAN+1/y01sQhdvPAzkS1K8=","9ggfue8G2NMqr18S4R+xg2ZyO9hulekrbp+P6K2DudM=","MXA4GV8p+olfnMy42ja/EPDkruy8l63EZ/TSS2/gEEo=","XTVk9UTQGv7nOglqlUYVb76opuh+uLxb+eUOtjpEe+k=","SVFQN0hn3YdV3PAngHgTvT6CemHhw0lEYoWNXmU5aN8=","LGbXq2hwZxkelnezd89p0Ca50IzmmqOmQ2KDsmPwZ0o=","L0EmkyLXLzdGZFEiBzQJvgP4Nm3odPMCHEj9x5BGEJQ=","zxsVwZ5a1ifjnqP2B8FFqjdscDqz+6Y0FagkF08SO9k=","iLF+yQ3J7i/affYlMbJ10oFOqBb9rrG6lUnt6M6RMzY=","+ZQvt9ldQPYsXOtIYTLItQC975JU83jPny4b7yCYMn8=","25bDGSTeMN5Ar20rxXKO/WUE9n4KPVay2XBuXy8jhuw=","7ASF4TRpGlmOnKuUYYoBMhmLg6UiIxrqi4JvkAPqB+I="],"block_size":4096,"path":"common/fonts/fontawesome-webfont.svg"},{"block_hashes":["a/fPXQF3tbNZfuEXJC0dX1XtHVMM/GKUHStqlN9raXI=","4ot6dT9oPHQeH/rQA1LwPoJSXETU5EGAYDcFS+aDdFs=","7B8rRMK6pHxDXsYykiGiUMIODL6M8r9akw3HzXse53Q=","Cfyn5A6x2nURVCAK8nCdrlRIYADgr3wF7KspXkcvWl8=","xOaTzlCVHwp3qvzptM8Ipf77iS/kEWYaQQdMRIIS+a8=","uzzJ5+jfBjRhZef4b8UICcg1M0qQZNmSOUprrosDhqI=","033lSVTiTEQ3odzsCkTnI2YjjqxxthtFFvfnz33t+5c=","My9YOB4SO+44XBe5QBHPQVUP0C5h49cwsVILeB0EIfM=","+L16DXOLunuQgsSeGtPPObG9arXIdXJmL6VxtydjQdA=","MOQ9YVp1OndjH4rWayGW300MYmjk8V1fydFUOUvo8AQ=","S8dPOD9ejqxTXX4nX2sbRmkhSgcNhnBFvr20SbaIveA=","I3jW2ZJPpPGOlwcw0Ihbt727WczTjT47ZX+WRGwurk0=","WU/nDG6MMPJl4f3uiNCvPKoKlM4C5AuxlT41fqZ2lLo=","NqAV7INNPzkeHCqcH8Rskp3vDloSD+KK0nAEt2IBCco=","fHHwU9Zl+EXpTale4GN6wJRh9t8BTpAU7rs9719KX+w=","uHgzKKqQ6XQJSyPQJiEa6pXno+lPwsECIbxWI4dnrSs=","3uFw4eXe2FrYeMQAwtSy5YhgbHvxurSD8q5/Zr0dhtA=","mx/Av0vofl8FS/CeLBp39XrJLHwhgI3vNvorqEYAHCE=","c5TToM0ZIhEYkHB9F3PoIDGTKc8g5BzdCoranPlPq2M=","Xe4kuzIu3p7PbfWg1aQHA3a40NwLDESSuuOVTWaEHkU="],"block_size":4096,"path":"common/fonts/fontawesome-webfont.ttf"},{"block_hashes":["GCbne+5GIPsKKxW/b0dlxcJGOBR1oO/3XenB04Y+0Po=","pHUA1v4+15TN4MvZFg+jRqeai2x2f8N+RiBIPUFGCFY=","hX0oqhYKUs51SpnoLl+BS7kvsnjgMcyHkQKW4woW8LI=","zFCvjFdSahi2PB0gvTkIcpqTEazmWYMiZ8q+AnPMIFY=","O2FPxmGB1jKbqPk/vSGiIrVqLScrpcDvu0aybzKGQNw=","sPGRNvJ/qlhAWVlYc4tav4UL+LWb72LnbW2GrbydSrA=","skYxIzPrmgSLB2JKV7nip073xCWnheusTr/dmSR+6rA=","gGu+ZRM0K4+zrcuQER38LNcHyvSX7IT/tnOh15pO9bE=","t1uBcf+nh8E53W8vwZA/TLwksqRe9dWmBVh//9harNY=","TdfPk+IV4Zpvij8prGuZQAogJk8/yt0g5ava1IwWmq8=","XbYFFPzcIVUO3bWdylFYLw0xVS8GqCq0+7SCB1JV5j8="],"block_size":4096,"path":"common/fonts/fontawesome-webfont.woff"},{"block_hashes":["uh8+VpFpHNFm2G0JsodJARIuj2LLgwTy46QtcfLEUfY="],"block_size":4096,"path":"common/images/logos/32.png"},{"block_hashes":["ZObi3d2EcmtbbZmMpLK7EQPpeC/PnGAI4LZMWrAGIIE=","8UNO8KDeP9MmcSKY2DgrKIH5dcS/QlnF02IEH6SZXXM="],"block_size":4096,"path":"common/images/logos/64.png"},{"block_hashes":["D9el33+/dVl/EHWxNiLjKt1oX4iqOY7GI37XOjkyfjQ=","POyQXtZJtzW5kxStYdgFtH1GjLj500unfMFOxUeTuX0="],"block_size":4096,"path":"common/images/logos/favicon.ico"},{"block_hashes":["6FsjDV+crm000pRsFMua5fc2jb/LcimnzIdamwkpxzM=","WzfioAVtSqPWJHEf6vdKmIyuHzUIIzNiSrxK4B1JS2A="],"block_size":4096,"path":"common/javascript/bootstrap/collapse.js"},{"block_hashes":["g/ICDGpZiUj/rF8ujsU17qo4YHpa/MB3izZliBCmsiE=","wahpJBna88Cm/gSQxKeUqFRBUEdWS3dZ7TCm00ASEjY="],"block_size":4096,"path":"common/javascript/bootstrap/dropdown.js"},{"block_hashes":["7/I2Ag3PGxba/wZBB8shz64yj3mGXR65wNvx+1lupsU=","lNjVthnQHnv2TMCgcyAyK6hvymGqe/vgcIC8PWJvN10="],"block_size":4096,"path":"common/javascript/bootstrap/modal.js"},{"block_hashes":["sVaTcVg2oG9Hfl574XIOEWv82C2EVEqrxDBYmTq7G94="],"block_size":4096,"path":"common/javascript/bootstrap/popover.js"},{"block_hashes":["bIr5RxEzRTVPpmmHCOXWgHeQMSv7kf58KLJv6nyJAIw="],"block_size":4096,"path":"common/javascript/bootstrap/tab.js"},{"block_hashes":["jzL1g8NZI4qwwd4Kd4CYKNBK6lduuTl0A7gDVA+xTcQ=","JSAdFgQiGXrRUVAERQaCa7+ghwiH1PZBWSgElXtXy9Q=","zdfd2mzCwTXq0SONLicgy1FGSY3a6w14tSIoSa5fQm8="],"block_size":4096,"path":"common/javascript/bootstrap/tooltip.js"},{"block_hashes":["0t883t/o0yKAkZVQCPOjlT1oNxNxi9EQRxSgQ00DQGE="],"block_size":4096,"path":"common/javascript/bootstrap/transition.js"},{"block_hashes":["2RV2tfgSFxUVJpyfpsPUfPKZyiOBB6Cq+1BdGYuXZPc=","HDCgWWX1yOEjnJEpfmlPmORH9ZSY3CDnNzHlSdl+fss=","f+btwueC9z7NtoKSJY72S1TeIxryOOkO+9hkIlDMTqk=","k6IOY1/f/4qNY9oMvPS5aQ1VuTj6/CKv3ZGp4VPVEDA=","1quDLjNeaVRb2qsILA3WsLXotF+qFNefl0ioBFGWTuU=","phiSrMqFXel2hpkn1vBG8nX1S024njtxKI/deONySvY=","GNE1tvkULy5k45T1K1RHuXMELOCLslRb0JVtATx90Cg=","O9/WollUrqDRd3iL948o1/YDrb65gmIy6H+odZUeW0U=","LMN20kGoBJsNM/03kaG4+3YhorIk0U1hZBhg99pciXg=","4CA8Allspo2gPTXjhT1F7MFPBdXxPCjERwx/cOAL2UM=","TM4ge37zhYQ7ahRM+HWXTYtdhIw7WdhUAPAMPWCOl7w=","qYiwYsDlezZnMRqKAw6nlphfYi4BVcUjwTaKCbIVZIU=","HmA/bTf56R9wCPwa4ZGLhPAm9uru4PJxhXldgWJjimg=","78TSb+dQLnz5ZfOSsAZBnfWOEiqn/PosYkAJfmllxYM=","kc6FAgIZTHPrihUIwzlPOj8iNuAbMq0/mgmGLJNWtH8=","UP0Mf4kn71py6JAPHTV6VoLFIOwuw4nwKquAwcXf1dw=","I1/0bNNpi2QzO8GDT1wa0bdwURentc88eVgqsZC642E=","GNWC07LI/MpFxkFVqLr7Ae9YrfpmR2d3syu/Ebs5Mkg=","6ECDkH83Bfq+jBDLhGclTUX/ZOkZ+W/wsy4wvv39PYo=","8DKqmYAXek2SBnSe5ae5bHgZzoEznUpTmQvthW6PATI=","yOGS0XDUPnZGtcfTUE77qauOPp7rr1cZxrYNRM6SBes=","GwlQydT88inofr2XIOZ0DhXB/lK3oxBpGf+0s8A5TXs=","oI3olFQRxWf6SuFHzTW+CJp9P92AqRWa9/NXppSc6sE=","xWj9LJJbDSBTQXhALpOmeIPhLBkn0ndF0O27cjVEBSU=","KGD0y+Oeg4hbwUhzyISjx96tnRuj768DM1acjJyVjQc=","ZCejyYp4K+ZTM2Li4oxHBIMpzrE19iPInlHF9JTc+H0=","kxaLu+UzxXVnJGdBPYDofY5FuMGSLTxndofAK5hqEHc=","/x8ffe45nBv7lXHUK92e1giH5toPzt9isdE++G5xceQ=","Xv0lJqdjlt7jxoI0yPOhVTnNIzBVW6tga5WHtd+o3mE=","Jyx8jPutbO82rl4R98geLnaW1SIAWZ48cCohRhkQ+kg=","gVr9EyyKKEn0p2s0d2HRGYwhR1rR47j7NIAjESpWtYk=","dcxbEOOG9+mzkkaJMoLNZVj1MjgLqj1SEOAZHgBdErw=","PA7duPDilXVnJhINJIQZo9VVilC1Exm/kI8i/HFY1b4="],"block_size":4096,"path":"common/javascript/codemirror/codemirror.js"},{"block_hashes":["v0PKIyCRNsTWH4TWplDdfrXHDULxdONbBuAj1c81ObM=","tkvqL9Urf6AuwXMY1QOaKDHweJW08hx8eNntO+up26E=","iyd97puRVwvXo3rUwHKZ3TjkD72oTdU+OM4fHiKQXOw=","+QbeyOc+hcc/cppIo85qxBwsK5/6nuJmuERBVIbuKnE=","zVNjUYP9yL2e4w3SIoRSpRHEhkC2jDJIyikD65SMHo8=","s+F7/nPxQxFPTEtwBJUkgV/zmxH5D3KkrPBUS5O4Jps="],"block_size":4096,"path":"common/javascript/codemirror/css.js"},{"block_hashes":["DeZ2CR2m+s5g8i9IXu2JFZghA4E/rVF/DCkDiYw+vdk="],"block_size":4096,"path":"common/javascript/codemirror/htmlmixed.js"},{"block_hashes":["ZJPjZyxUAcH8TkAqewaZIyxpgYYGQovSujVC/acxh9I=","5K9ann/+6R4v/whdd8vrprYovFDb/wepif3kj9Lsvrg=","+7IfemBjRvmyjDDVCi5XqNwXZkEYFyNu+FF7dNnNxW8=","A2xPxxB9Pl/iQDLd4L1JkDg2e3Poi8fRQmU0Op1dVpA="],"block_size":4096,"path":"common/javascript/codemirror/javascript.js"},{"block_hashes":["zUiKRwUA64pIXV7xNL7fH7I0YJEmDPt8H4VE2ojLets=","R6+X9GyLVG8ihWZtPA9dk6JNbF3+1ygyX8zDPtvVQiw="],"block_size":4096,"path":"common/javascript/codemirror/searchcursor.js"},{"block_hashes":["Ar0PkIKQQtHt3+/eADCbBzMiB8SmXjxDQlnH7b3ROgw=","4vlzPYtrAETM7y9ehckN2K0/O97A7o2+BQqv8zj0WIU=","ozI6hWC3wdDBHy0Owy7jjkF1nyNUIMk2qW0UqQtRwB4="],"block_size":4096,"path":"common/javascript/codemirror/xml.js"},{"block_hashes":["jWNNekGu4qS31aC2ynta4AhMjPSk7oyUB1J5xyH7gkQ=","TeZTLBbfvBS6A5QTKTJma+Mw+SQcWvkjJectGOaTtVs=","0vRu0NVnWy9lw28ZGOqUWHMxKv+1KyADaXky9G1PGw8=","iRnmNPUC0C1nafvAMnLaQ0ln+0Zg9Y2oltpg8lkZ0HQ=","OuAMtoFjVzR08Ot8Bm5zxLEdvgxjF2qQs16BwpVPUcI="],"block_size":4096,"path":"common/javascript/common.js"},{"block_hashes":["epXb7RrMwLgxefhi93DjixuAOHX/BYOfpNAOyLLR+mY=","IcsWzuYsiJ8ksN5HdBgNgycXK78Z667wAUoI8+XXya4="],"block_size":4096,"path":"common/javascript/css.js"},{"block_hashes":["Ix8vnh/Y+wqAvkV5X2+oeWYKOIPiCCZWlU0JJO7Hfhs=","O7GtKq/sPrMTV0dxcMy1EM3bcPRsmqIxA9chAg8bi8E="],"block_size":4096,"path":"common/javascript/jquery/icanhaz.js"},{"block_hashes":["/obPSeN4lO3M97k9+P21q0yOxFu+CNLHstOcu3pZFtU=","s+P3HNRW+ecd7voIA1ECIkA4mCwzVdjS5Z2Oh7rBfv4=","tPWIUgtyN58gBJ/6bbJqzPETQg4+/FoXAL3HrowPKAY=","ynMzq4T/eSYVPNBX7sQwFD/NhAj6FXS0XlEfnPvSgKM=","aSKQIZAmG1JrXirV2BWSOMjucjFj2burgdllxxUzDvU=","lZgeq30Hpou+qC6pm71H7gCZVJ5aRH4M7ObQeZtLaPw=","GlLRk2dsXCN270XO5sR9/BkMF8Sw++RkzYSvDlkrtHU=","pj309skwjLINnoeUlyLUsyRc8/frBxgXIibg/q2WUwA=","B+GH7RAv3bdcVLD+3hUjrYI6igM5kBde1sl+NeLq+xI=","alusiA2I8Cby0lqvIxyWhhEvwp5GLizcJulQpxrWtYY=","VELn831I2Hiyq0XKYwB5rj8NXXo43O30pKQErPJe+XY=","wWdbxBlh479H5f0wpZOg5OMdCGp4sRrZRwwAHuDFEmE=","xXr7iaueOySRwVBmMvRVGKY2m6uAXiogJG3LjHto5Is=","BoTKarqkF1S7XsTFZHqTpYRHrq/SAPY55It3rO1wu78=","GEVWhbQ7y0bsQ8Z5t5RgFou+5U/KAUsNbPQtDx37A4Y=","VgknHq8ioBUT2Ycxgs4QKLj36xdkfKeCuIoQSyflHFk=","5vDQOo+i7QeFUCMD6Cc8hbEzisgl7AdoJc0g12mFBl8=","nMaZa+CWFDU3LuLJ8v6gcO+yqfqipEKKY6kqitUSaCE=","SPnToUgzbufkiv4MrSpsajXrt2Np9NIMqlgPy2bCsG8=","D+8PqMkTg3RrGfRRZ+iE/oSVGkfPm7JPKXhfGydj2SM=","EWNSefHpQD5Ci6fslpA3CqorGW5ko+j2thoIyqTstIQ=","8k7Ri/ZxSkq+NuB8b6B3nVLx7L34dbq1mhntAH7eXmM=","gvS8igx9D3LZaneNQ8UYolPp/GlTyuvFQbP5UxsmB7I=","HBXCJcDMCiB/SOWIcU3CQL9xVsJhVU3y/sLH4zZibMA=","3eQlIQk3Ya0NSDzfPCOfHBrjlZjQwL5DsBjG6qw5RtM=","aBv+vB5pSeCUq6an5TUgUU98Hb9aP9PDyBZx1nZk5wM=","mCJLaG0mqx9ZA1WeqxfoVQnA9pKnCUsCgJR46GGvsqM=","qwSCT0U7BvuE04+rIWfMViBzmwkwVN9QYwCxyS1DEMU=","sB6eHc+P3zVFtIr3B7t68k60/FB73hdiHCJQsyMlbpw=","4RRYVipK+bdJkFL0JMI1dxJJgU7Sp/cowga6pBHVQeM=","Ly7qACPExUJGnEZsPgkWnqaoJJb34YKFZB5OAgD0nyk=","zLCwW8a3E5TJcfH8BMvb3CoKdHt7xx3bt+o5XL+bsQo=","zTB2DSSeEFu25VWWmN3mODNxYV8+F8kv500tm/5ssSs=","O8P57csRjzBCYMIrELhJoQxo4EC7GavXP+USJF0nUQg=","tRLB8R7x9zAPGU58pnrys+P+LIMMV/FimdlIOhQIMrQ=","jdFuqB1ZW5tA7ZHTNXgUaiLPsQ0RXoDYxbL90881wnM=","cIYfbV+Lt1glsdPGBm2jd83yqE0PiwVtXi3CEiBsa8E=","M9WnLTC8gmDMq/A1WvLpvNzvXgecouD/D9mnI032pfQ=","MPV9zOKK7RFkp/1yt0+NRNBjfy5BXkJ00fsde6vbnUQ=","0tKWNCZiQ2x5okSAwFmGJAUsVBFCdjLDTW/MMIViFAY=","3Z723IhSo7q76F3XKRX2Mm49Sny21o/4yfpMITlMmfk=","0zBpPOFDM7KmmXpjgJoLrLPztaMDxde2ov15RmQaHGw=","VBOyml2dn4xqiaIl70meW/w8TXqNN3MlTlpG82KyMJQ=","USE+benddt/dDAVeOGVfVVZ/DRNawExaesEqP0LmNlo=","8lzvDF5ezkQPn2NcZlgMjGfcxkX7abDVlMM08j1oF6E=","hGnEIlkr+H9H6WkaTK1PjAVeGdeV1IInId1F5rNy9LE=","RouMHG8pzwIYasujjZeE+3Bq0AUTrHgG9x4L5o5t7YI=","+zy1vps0TGV5aWrv7U0f4ydnQc2HgZiaBZTEy7kR6Ao=","JkvJdkbFlyiIHTCijYlpG4ed455vZAQ3E/APO5Z45KI=","4Vd8lDArPE9ENygXD1KQJJxgHEVbf8v19txrPMAeY8A=","/fa0tllxcumyfnnRQXR3j/fwONpTZpVztlIVE5JR4xE=","oTLDufnJ34JUk/3vaPgrzL7mhONDkF84fXr5QNxjdnY=","b03XyQKBEP6tseyFgSlnGXPOFfVq8kTH+mx9+XhrzDg=","sQl6JN+BW+opUpA/VZx2R3KGPN76Wm60SwDZ2i0wA7A=","0tYlnSAXc3g5IKBbKO1SM15eWAZzIQatoZHj/yBt440=","YHsf/rWwSz7vcvpqnxPs1I+Uor9AZd/qobYchve6Ols=","Bn+MElKl8L7yaw80GixLs0x/oU/2xOg4nUPdTwZvAVQ=","EvJwdFRVQJgrwB098ICLTDe/qmsm5aDPIC2NRJm5IgM=","bgfaauZ5ZwIwwtNNX6PyTXkCZ9ty6SW4A0J8kfa6FYE=","QGOxZZLOixwCDLZvA81unSlFifoaMOF/v4LgjjNk8ec=","TDfa8QcCCNK6cGtiRtGUdB+ML0C6lD7GMSY6ppMNpww=","j7gFoXnKa7+vN2UeTa2uUYZgOmgXv1TTHFMKKo3yJa8=","QCnEKs2cpONkgUXCmQXd0jxSnr+eY9+7ROVCmqMO+ac=","kYtQ2sSKCu+2Od42mDUSOHn5ySIu8dad6+p5XRL0hT8=","nl44HXUSTuxf+jTUKi1RF2uA5+bE754MQSe3VwHJv+4=","YDmA+/h8/dYsLbZJPbeDE+QWxIWBivpMG9N5MzSr5rU="],"block_size":4096,"path":"common/javascript/jquery/jquery.js"},{"block_hashes":["rUFoLPyBYgU4SYCXdiZmJkt54D/ABD4sxfY7JcGLUJo=","opZmcqI+tbsj35awepM7EpVCIb3yBpZ8RSxXWBc+Ba0=","dZSKNwD2bXUGm0xru8G4YC1Y0uiJ4jyxZv3V7tZybbc=","LKxPwdpSGkxVQHUuuIBgf3OGzpeFDujwKW1FyYKFSqo="],"block_size":4096,"path":"common/javascript/jquery/tablednd.js"},{"block_hashes":["Df/edKdI5rHkIJSoGe+tuZrY8GcLSwIROcoSPJNTn3c=","Co2bLwfuIwrHYQlTssja12jtQcQjYb6fNwPyBUnzu14=","8plOPXHMVrazRcm3N8O7OcChePA6U6hFwHS0fcplamA=","VTdpzTbsgY8C8QWDJwTyGGe2mI6UOnp/eR3SomAwkG4=","vLPoXtl79Q+YjFEzIJo3u9/Ouamg2gculjHFD7nin44=","UYMDxTz7j5CMLY2Kuh7ZXgIx6qwRc8+xTfHqYFlmpxQ=","9P3GgekZ7ZjM+7yRJmqu3gyqAAXqXLk6VA/BHyWmEFM=","wgn4ZKVY51GH/BbfKG7s1QOOacGNIgaUTNDJprHA2ww=","N3jce5Y8ugRGExJUBRujeP8oBiWR7nXdpsCgUmrnHhI=","B4/SOYTP+jqQ1bBJjhsklTWAPLwQ9hXrzc0RmnciMnE=","WDUyTlCnXTd74822e9cUaKy9Ad1rPSft/iR3Bcu4AaI=","DylBX0RUzGJrpJLUbkytTJmTJBRkmKhASQ6vsQxJAi8=","UbYB2njlZo/ODweH6cWyCaH+zsaEk86/1NIXuqKrsVo=","wMQh6l53RloDdimv7J6XX2aEZjL9e7Y6N+T2l049d6c=","UBYvlvBClvLHMLiPOjbde8F8zc0Z1SMe7kz0POdwaBM=","75UzCQ2N44+zYrrRWzWBGGdcBD4QXIxB0DnDV69AOd8=","+M0BHQ00ijcQXxrZxAriEevRhQUnu/G1/IDH2/w1NqA=","qnjSqQTA1S5b3NwqOlY5ZNBINsSk4P3XILRQ0JmJhX8=","JVcEXy5Mpn8V+HrYNtyaF+LhRwzLPUiq4nrfWkFDmXM=","Hhfy5OHmLVKEaYB/i/nfkUJxaMlyy0ScNiKZvWWdAyo=","uddtbaWRhCt5DO2sxCuuqNUC6FPafe5vt/hpd5O5z70=","f1Ng0YXYVgWLIqVWUWrly7J3VcVdHZ0bxTtOfi9yVpM=","BQSi7xBGr1qdDAjVMZ/PGVIjSqk52rbCQjJJ/r/mejo=","hEe0g0gvrM4w6CKTmgb/kS1jGgCCZZm/dho/BsNbUvM=","GzDhtLjcYKrgEmQZLEPJcrQXuVg7j2a5WMf1Oi86ixc=","7KYRB7NYpAuaouMK94SfEwGGblYReuIyX1GxVAZt68s=","d4r3PpARpBgDGb8oTUyVilV+p+l+OZb+wlmJ/w6ZIv0=","eYRdX86APIxpNRhtFxT7UjscsKHVyseeFgxwCJu7t/E=","c8tczKclsUkpZkLULCSr33gqgGU8+bggcbhcnciwXvA=","5WEPzmYOpcEYo5Jr9E3XXbKfI9eAkrFJNTxqoFPsLaY=","NEfIT7VfGf3nXtGrAMAGveiZYOZOhm5Kv203B625PCY=","9bOmD8121sD7vsxTcIvsPhfjOPY7qQdUg03109zjqmA=","3dN/kWAEIhoAe6QozOWmBtg+BBfhg40XJGxy0ACbI9A=","n9PqPcTfbNOprnCNF8TkfGXj/ynkqgR3Kc24QiQLLs8=","bi3YztzY+epbuJmzM1MTd1Q+bgIdtfPdXsDYHV6tEbU=","NDxob92UWf62ZuYZYn9b/YRRE7P5VRTMRmn30NHedqU=","tiYrKmAWpEskukdTbnBu+Rk65QS4acnC+XroHVkpdAs="],"block_size":4096,"path":"common/style-sheets/bootstrap.css"},{"block_hashes":["qLxW75FGUcCFINdVOti0SpbA3879xc9HzYOjb64xSjc="],"block_size":4096,"path":"common/style-sheets/generated.css"},{"block_hashes":["EtFNt9VuzWX3PWXtYGzuYNqsskMwpFSMhYU82VdCJhI=","GFBjqPVaRBW5DM3TUxsuTsHPO/D+af+72aiHlzhzTGU="],"block_size":4096,"path":"common/style-sheets/syntax-highlight.css"},{"block_hashes":["jWNNekGu4qS31aC2ynta4AhMjPSk7oyUB1J5xyH7gkQ=","TeZTLBbfvBS6A5QTKTJma+Mw+SQcWvkjJectGOaTtVs=","0vRu0NVnWy9lw28ZGOqUWHMxKv+1KyADaXky9G1PGw8=","iRnmNPUC0C1nafvAMnLaQ0ln+0Zg9Y2oltpg8lkZ0HQ=","3QK0csz7PgxCxjVfhC+IGEyep+m0xKYboq1t0Pddctc=","FiJtgqmixMLu0GVqIP4nWJG9lmgw4FbSPCc8cXEqKi8=","D9fBtXF5GO7zUlGjyMsO1W4ufGxEuwaphxt4EY7/ops=","xIlclCnO8f+i9d4h4Yx46sPM+ksTCVDtZx+3O4jKRns=","MdUkWKNaTBsuty1ilUqZGMmmOsb/wAukXqqFAiP6InY=","niyegace96mvspNoU3xcXfOj/W3MeI5qmbEY8vCqRZc=","YaHBu03GFXrj4M+hqkmD3/bdqbCy+AbBowQLCv3BPfQ=","uqyueWNhmJpGr0dc1QbwV42xQ3oieGNMBBZK26ORT70=","tlg7Kevj8vELKATIersJ+ZawfvpRSk0CXPRnvi90A1E=","fxOKF4ZdubtP3wCYniprViipV7patC/yyG7T2C62Syw="],"block_size":4096,"path":"content/content.js"},{"block_hashes":["DFWrCiRa/Y4Qpd+2cMFmOtHNTqmZa+7vHnXwvwSGz58=","ZQgeEzqYGGysLtQ8l0jOeXjd2rUTv8fJrsYekJ5hcGI="],"block_size":4096,"path":"cookies/cookies.js"},{"block_hashes":["aDW7IkVq9O9sA5fh8sCUDvv/R+PpU+VEerK51POYeTk="],"block_size":4096,"path":"dashboard/images/logo.png"},{"block_hashes":["jWNNekGu4qS31aC2ynta4AhMjPSk7oyUB1J5xyH7gkQ=","TeZTLBbfvBS6A5QTKTJma+Mw+SQcWvkjJectGOaTtVs=","0vRu0NVnWy9lw28ZGOqUWHMxKv+1KyADaXky9G1PGw8=","iRnmNPUC0C1nafvAMnLaQ0ln+0Zg9Y2oltpg8lkZ0HQ=","SEX4c/uqDfCRJLHEBbmCPLJe0LIqF2nx9ub8XpUhw34=","zP1CmM4PjN0wJ8+nFTGYHmHOzUV+3lzYP0mKrVS5Ky4=","n2WzVv6p+7F/4+jz9JoZrL+R6t73anWo3XEmdSDnQVE=","WJ1StoTLuMx0z3GpRVo/eLdOMmge/0e+tp8VdANIF7g=","7UqGikQvZ+WkFE0WlbVsY1/9vAoqnuX3du+hnNW2kE0=","spTgGjEHxqOzvfWTmpnpRH3t0BawSl35XU9nE8ddj2Q=","BDamxfW6AP3zBE+D+LbVj7Ds8vPzmQ6Yu++SUd4P7GE=","emS861j+jKTmlt3iMC1F3Bhijq9aiP1wqGnZ386WJ3Q=","P/B8ODjR6a/UUfofNKJRLEQAZQWopp41cgfWxIEKxKw=","FRfQ4bx+lj+nRbjzd0UWg+DdyBg5r9M8COIDMtrK4ck=","wU41Oe0sEY/ibt6ZF1Yg2E6kdTHD7eBM0lbwsILFGyQ="],"block_size":4096,"path":"dashboard/javascript/dashboard.js"},{"block_hashes":["0+a3276toZ0M2KDFvZSdREbw3rdLWOvLA9OgDHUVJPw=","LW4HZbLKQHXmMX91hXRlAo2cdaAdKV3f3pmQZtozikU="],"block_size":4096,"path":"dashboard/javascript/html/dashboard.js"},{"block_hashes":["Df/edKdI5rHkIJSoGe+tuZrY8GcLSwIROcoSPJNTn3c=","Co2bLwfuIwrHYQlTssja12jtQcQjYb6fNwPyBUnzu14=","8plOPXHMVrazRcm3N8O7OcChePA6U6hFwHS0fcplamA=","VTdpzTbsgY8C8QWDJwTyGGe2mI6UOnp/eR3SomAwkG4=","vLPoXtl79Q+YjFEzIJo3u9/Ouamg2gculjHFD7nin44=","UYMDxTz7j5CMLY2Kuh7ZXgIx6qwRc8+xTfHqYFlmpxQ=","9P3GgekZ7ZjM+7yRJmqu3gyqAAXqXLk6VA/BHyWmEFM=","wgn4ZKVY51GH/BbfKG7s1QOOacGNIgaUTNDJprHA2ww=","N3jce5Y8ugRGExJUBRujeP8oBiWR7nXdpsCgUmrnHhI=","B4/SOYTP+jqQ1bBJjhsklTWAPLwQ9hXrzc0RmnciMnE=","WDUyTlCnXTd74822e9cUaKy9Ad1rPSft/iR3Bcu4AaI=","DylBX0RUzGJrpJLUbkytTJmTJBRkmKhASQ6vsQxJAi8=","UbYB2njlZo/ODweH6cWyCaH+zsaEk86/1NIXuqKrsVo=","wMQh6l53RloDdimv7J6XX2aEZjL9e7Y6N+T2l049d6c=","UBYvlvBClvLHMLiPOjbde8F8zc0Z1SMe7kz0POdwaBM=","75UzCQ2N44+zYrrRWzWBGGdcBD4QXIxB0DnDV69AOd8=","+M0BHQ00ijcQXxrZxAriEevRhQUnu/G1/IDH2/w1NqA=","qnjSqQTA1S5b3NwqOlY5ZNBINsSk4P3XILRQ0JmJhX8=","JVcEXy5Mpn8V+HrYNtyaF+LhRwzLPUiq4nrfWkFDmXM=","Hhfy5OHmLVKEaYB/i/nfkUJxaMlyy0ScNiKZvWWdAyo=","uddtbaWRhCt5DO2sxCuuqNUC6FPafe5vt/hpd5O5z70=","f1Ng0YXYVgWLIqVWUWrly7J3VcVdHZ0bxTtOfi9yVpM=","BQSi7xBGr1qdDAjVMZ/PGVIjSqk52rbCQjJJ/r/mejo=","hEe0g0gvrM4w6CKTmgb/kS1jGgCCZZm/dho/BsNbUvM=","GzDhtLjcYKrgEmQZLEPJcrQXuVg7j2a5WMf1Oi86ixc=","7KYRB7NYpAuaouMK94SfEwGGblYReuIyX1GxVAZt68s=","d4r3PpARpBgDGb8oTUyVilV+p+l+OZb+wlmJ/w6ZIv0=","eYRdX86APIxpNRhtFxT7UjscsKHVyseeFgxwCJu7t/E=","c8tczKclsUkpZkLULCSr33gqgGU8+bggcbhcnciwXvA=","rRl5gPyH0qtI0cxXT3w6P7woG8WyDhrIbzs/d3gnLD8=","XcZNZHfxm947Hqe0+GMX/oVjqfzEZqa4EWZCNdhS0mc="],"block_size":4096,"path":"dashboard/style-sheets/common.css"},{"block_hashes":["oFbQb8RvHUS6Zfwiu1wYGV7Ubm5rp5eYNKxUH79/LKI="],"block_size":4096,"path":"dashboard/style-sheets/dashboard.css"},{"block_hashes":["jWNNekGu4qS31aC2ynta4AhMjPSk7oyUB1J5xyH7gkQ=","TeZTLBbfvBS6A5QTKTJma+Mw+SQcWvkjJectGOaTtVs=","0vRu0NVnWy9lw28ZGOqUWHMxKv+1KyADaXky9G1PGw8=","iRnmNPUC0C1nafvAMnLaQ0ln+0Zg9Y2oltpg8lkZ0HQ=","JHXZXQjCNn+AyHjh3ZK7y3wl1t3n8sQl7zXTVLs9K30=","6IJy/a0ljpuS5erenDL3LQwMAesH2CgUX5M4JLYyReA=","U6z3uk9MgJytHzAEDrKPVnbFz8XqJLxRx86Tj0C+lSQ=","pi94HDDTvejDxbVKkDP/bFiX9cDDKyCoaVnIteVaOV8="],"block_size":4096,"path":"features/javascript/css.js"},{"block_hashes":["jWNNekGu4qS31aC2ynta4AhMjPSk7oyUB1J5xyH7gkQ=","TeZTLBbfvBS6A5QTKTJma+Mw+SQcWvkjJectGOaTtVs=","0vRu0NVnWy9lw28ZGOqUWHMxKv+1KyADaXky9G1PGw8=","iRnmNPUC0C1nafvAMnLaQ0ln+0Zg9Y2oltpg8lkZ0HQ=","Y/KFtCfIRzgtEGwLdt8LKWf4SN8Nlw9u1CZ1W8LELtQ=","PKMaomJXnHEwZr9K9gYx0ltm7o+4ll3z5IImqoZ8IPc=","OdP1m4IbZZoJYpgeVx2asNZVcjNUYUqbKuh6uLMXnEw=","tQwwT2ak8oAbpqUmhASVbbh6R8u7AtptORxOyHtjwlc=","pEL5g/1KIxe+H6UAJiT9Ov4rsNOy5UWdP2yR9NM2BzI=","WCXKYK4h6Vw20HNgHbugW6GXGF+RTNSw96X21HCoc0Y=","hMiXvgFUUbSz+x9b4L+Qg/mNOpvkkjskWt8Yq0nt51Q=","5YnVESYL7T5UYLqHHoyu5Ni2ULY56UmiGSxnbLZH1V0="],"block_size":4096,"path":"features/javascript/forms.js"},{"block_hashes":["jWNNekGu4qS31aC2ynta4AhMjPSk7oyUB1J5xyH7gkQ=","TeZTLBbfvBS6A5QTKTJma+Mw+SQcWvkjJectGOaTtVs=","0vRu0NVnWy9lw28ZGOqUWHMxKv+1KyADaXky9G1PGw8=","iRnmNPUC0C1nafvAMnLaQ0ln+0Zg9Y2oltpg8lkZ0HQ=","Cl5Vj7Wo2kzi43PGxgn8yjJ22sYLmG62efQhaPjpQc4=","MDUMHk5wRuWSop14vJvKp8VRUympKn+MrvIsoIn7tnA=","8SGP8mCUrL/YKrv94YJUNJk44gakGooTBwBGFrdvGx4=","t/t6ZVe2ntSOIxdXvbCq8mL65XsMB/vK0HNrcIUOqX0=","AuAeikWCp7CpUzIVLXygh6+RbAERYwZrmnlWeG6pGEI=","GaGTPPG1GpYM1OCpkBo3bvRmnHfnd/bTMTI/jG4YLac="],"block_size":4096,"path":"features/javascript/images.js"},{"block_hashes":["jWNNekGu4qS31aC2ynta4AhMjPSk7oyUB1J5xyH7gkQ=","TeZTLBbfvBS6A5QTKTJma+Mw+SQcWvkjJectGOaTtVs=","0vRu0NVnWy9lw28ZGOqUWHMxKv+1KyADaXky9G1PGw8=","iRnmNPUC0C1nafvAMnLaQ0ln+0Zg9Y2oltpg8lkZ0HQ=","2JQxPvX9kogpMMVvHPovj0lKA18x3+4DfNMYafPwJlU=","1z8qjX0kQxQsEd7v+/P3NoEGHsILEYe57w0G9Q+NnUM=","ne0J0a9VX87uJZbQ2cZHzT5ZSazd83EAQwowK7A7gA4=","ooQd0E5XMfrvnAF2ilxLxuZD8U3pOY6yyO2hTNjMe5k=","1j1cAPPPoNZw2GS7IDl/XC6cjbx/IP9AYB0Uuw1AJWw=","qpBXNUF7b0z81CSkUpv27/bqDRVvxF0fqVBhQklowFA=","aNrfAoT8ydiouIhDQBbh+Yqc+Sr9n6sHUTtKcY60cso="],"block_size":4096,"path":"features/javascript/information.js"},{"block_hashes":["jWNNekGu4qS31aC2ynta4AhMjPSk7oyUB1J5xyH7gkQ=","TeZTLBbfvBS6A5QTKTJma+Mw+SQcWvkjJectGOaTtVs=","0vRu0NVnWy9lw28ZGOqUWHMxKv+1KyADaXky9G1PGw8=","iRnmNPUC0C1nafvAMnLaQ0ln+0Zg9Y2oltpg8lkZ0HQ=","XbJ6+EDGge/S2UL3R3oiWqH15BP00DGZWQ5QnC/F50s="],"block_size":4096,"path":"features/javascript/miscellaneous.js"},{"block_hashes":["jWNNekGu4qS31aC2ynta4AhMjPSk7oyUB1J5xyH7gkQ=","TeZTLBbfvBS6A5QTKTJma+Mw+SQcWvkjJectGOaTtVs=","0vRu0NVnWy9lw28ZGOqUWHMxKv+1KyADaXky9G1PGw8=","iRnmNPUC0C1nafvAMnLaQ0ln+0Zg9Y2oltpg8lkZ0HQ=","TLFrcP7LJSUPR2jF5vDlcEQ1qhpgvxsJXSDj8/OzXHU=","5+LKCC23297eY9iWvNHuWF6LKZMQZqziQfuw1Nr1a+I=","d8Flp2j4thHgMkNh+FfP/tSS2q3E3y7dAgcb7t5JWlE="],"block_size":4096,"path":"features/javascript/outline.js"},{"block_hashes":["DEke73OTIEW7px9GBtf1ooqvmc92j3n/x15R3VSNTuw="],"block_size":4096,"path":"features/style-sheets/before.css"},{"block_hashes":["Px4MpORh+zdE/40UtfjCuvF03G/0AUMRybKnMiTZiSE="],"block_size":4096,"path":"features/style-sheets/css/disable-browser-default-styles.css"},{"block_hashes":["tETBZdbOuU96636GKt41NipiIB1s1LnZUUmb6M8n6bQ="],"block_size":4096,"path":"features/style-sheets/css/use-border-box-model.css"},{"block_hashes":["p2OlV/tZrsNMJlzB+eU5y60xpcYRPPnyB/yeICEtbnM=","JQ1bE/yZ8z5gFMpkfVcj8LzECfNZVEjgj4S5cZTinew="],"block_size":4096,"path":"features/style-sheets/forms/display-form-details.css"},{"block_hashes":["PyjkNESgkV9KYWg1n2ne8dmiqWrfIyO91k0XsY9ZdoU="],"block_size":4096,"path":"features/style-sheets/forms/outline-form-fields-without-labels.css"},{"block_hashes":["b3WbeBb8ifuCtrYosiRkmdVJsnnaEIIcmxzWC/Wkg0w="],"block_size":4096,"path":"features/style-sheets/images/display-image-dimensions.css"},{"block_hashes":["mPzKvtLO1iaxRQx19pAYsuZP1mlBQoEaz0iswcslh/I="],"block_size":4096,"path":"features/style-sheets/images/hide-background-images.css"},{"block_hashes":["wCruxjNFBD0VMgfr3XDXl+7E20Tov3MNOY8P//YCVU8="],"block_size":4096,"path":"features/style-sheets/images/hide-images.css"},{"block_hashes":["/aCkMqrbvvm/D+3n1U1ffy3iuEjDUiEWd21jB+QHk/o="],"block_size":4096,"path":"features/style-sheets/images/make-images-invisible.css"},{"block_hashes":["KPQuqQKE40WNpbd2Xjt1qDVQMMeovetMFdXJMHFHuv0="],"block_size":4096,"path":"features/style-sheets/images/outline-all-images.css"},{"block_hashes":["gCyLG+KbUPBRL7aBMUx3q6Vs4eiF92RsQR2ZfA7JwcY="],"block_size":4096,"path":"features/style-sheets/images/outline-background-images.css"},{"block_hashes":["YO8FXK1/H+OzH91288l+b9yLGfUA8lQ43tg11KJkWPg="],"block_size":4096,"path":"features/style-sheets/images/outline-images-with-adjusted-dimensions.css"},{"block_hashes":["D6xLBvCN1Sq3HO5wCQsbiu7SYQQbOz1py/Gwtb3DOwA="],"block_size":4096,"path":"features/style-sheets/images/outline-images-with-empty-alt-attributes.css"},{"block_hashes":["vdUvnM5FOmls2DK+mw17X801UwuN8sJmyM0s2g5V/1w="],"block_size":4096,"path":"features/style-sheets/images/outline-images-with-oversized-dimensions.css"},{"block_hashes":["RCk8BwBGeG/f+uZ9WPX0LylyICOxxoCaihupo9Tu3a0="],"block_size":4096,"path":"features/style-sheets/images/outline-images-without-alt-attributes.css"},{"block_hashes":["Qb5qIPEcW5vNpcb6p3t8E5rDksh+o6wAFDxhS2n2C38="],"block_size":4096,"path":"features/style-sheets/images/outline-images-without-dimensions.css"},{"block_hashes":["BGT0W0laWqyNDm7dTMAA/vTT+QGHuhp7f685z0CHCF8="],"block_size":4096,"path":"features/style-sheets/images/transparent.png"},{"block_hashes":["rde4FyXUGQUny0qQuKCswZyULkgBpQr/GHk2fY6IUXI="],"block_size":4096,"path":"features/style-sheets/information/display-abbreviations.css"},{"block_hashes":["3jwu1HMnDlpF/oB6gqVkIfjhCNdrRK7zQVVKpgRB9dY="],"block_size":4096,"path":"features/style-sheets/information/display-aria-roles.css"},{"block_hashes":["0SOX0l6vnHir2Do5W7KFfTSSU7pISP8lcSlVss7woYA="],"block_size":4096,"path":"features/style-sheets/information/display-div-dimensions.css"},{"block_hashes":["0SOX0l6vnHir2Do5W7KFfTSSU7pISP8lcSlVss7woYA="],"block_size":4096,"path":"features/style-sheets/information/display-div-order.css"},{"block_hashes":["zMvgZPFTmLXseKLeb9HAevXp9KHd26VCMA/FE2xcjho="],"block_size":4096,"path":"features/style-sheets/information/display-link-details.css"},{"block_hashes":["U5bWCPj0siMga0cjWTB5j3Ui68gweXgH/fSREpFw25w="],"block_size":4096,"path":"features/style-sheets/information/display-object-information.css"},{"block_hashes":["w3MyMo2OuXJxqA0tSqh3ZEWPEuWI/4kkjDFk5RCKHYw="],"block_size":4096,"path":"features/style-sheets/information/display-table-information.css"},{"block_hashes":["1waSRzHVGTaByssUCH2YjEltc9OLYUCbkCj5rCL4XwM="],"block_size":4096,"path":"features/style-sheets/information/display-topographic-information.css"},{"block_hashes":["ART9o9bTJFxogu2lYlRnJlzoDB9jaBQlhVw1k22p0GI="],"block_size":4096,"path":"features/style-sheets/miscellaneous/linearize-page.css"},{"block_hashes":["rhDw3oow5TEkndMMUy8MiZ+qg6kWpV3FBmgxD6pEK6E="],"block_size":4096,"path":"features/style-sheets/outline/outline-block-level-elements-before.css"},{"block_hashes":["2qul6Nq/2+8/DVA1dXPZoODZLVvPjx1wwgZATyvAzws="],"block_size":4096,"path":"features/style-sheets/outline/outline-block-level-elements.css"},{"block_hashes":["IBkzgQazhbl3q6lGGKHaWNj68mWTA/gCKY93lCgzk08="],"block_size":4096,"path":"features/style-sheets/outline/outline-deprecated-elements-before.css"},{"block_hashes":["0cYl02/bhmtQmbl+Syq0dQyE6gcT38p0cDqhNc3zhZA="],"block_size":4096,"path":"features/style-sheets/outline/outline-deprecated-elements.css"},{"block_hashes":["UA8iC+Ukyt1pn7luW7cXpquH/pGPL+wsYwFIVKKTpOo="],"block_size":4096,"path":"features/style-sheets/outline/outline-floated-elements.css"},{"block_hashes":["ir0RBYzUK5DrO1USMgXAzZJoxsfR8qlLLQSS3Tuw8o4="],"block_size":4096,"path":"features/style-sheets/outline/outline-frames.css"},{"block_hashes":["hgGHObDJqUQqrcyTT2wII7jwOTNsVn1M5K2+WI4fwlk="],"block_size":4096,"path":"features/style-sheets/outline/outline-headings-before.css"},{"block_hashes":["jl0AYE6NJlT3B5Wp1hp4uCQpWJKQ/zi6dwPsdehSlgg="],"block_size":4096,"path":"features/style-sheets/outline/outline-headings.css"},{"block_hashes":["QQ17Sf5SYQ3AvR1LtD/HkmryihlrTdU1dLQIvJGqLI0="],"block_size":4096,"path":"features/style-sheets/outline/outline-non-secure-elements.css"},{"block_hashes":["EvHxBygQVwo+UR16zDSDRiEs6mFh/4Nb8sLmpu36b+Y="],"block_size":4096,"path":"features/style-sheets/outline/outline-positioned-elements.css"},{"block_hashes":["q/c5NzcE3Per3gtIXqj64lSVmA2NwmlWhe5Cl5oIZo8="],"block_size":4096,"path":"features/style-sheets/outline/outline-table-captions.css"},{"block_hashes":["vMV8TmWGvRRZI28xu6qDzTPu0u03Kkct/+/QWsNN900="],"block_size":4096,"path":"features/style-sheets/outline/outline-table-cells-before.css"},{"block_hashes":["O0ZyYtnROR0smkEyxuAVXYMvLfrYHIQfuKieJToVHq8="],"block_size":4096,"path":"features/style-sheets/outline/outline-table-cells.css"},{"block_hashes":["sUB7BwwHuAtj4v2eNTGZ9ScbL7NR+I2fk6J/iF6RdYI="],"block_size":4096,"path":"features/style-sheets/outline/outline-tables.css"},{"block_hashes":["M7CDdYHKujXgooW4OcwkjwqTwX933OvcEZoAtRCn8zY="],"block_size":4096,"path":"generated/find-broken-images.html"},{"block_hashes":["avzYdej0lx3ZRreSCOK6gWMO46O6XqWGrFJfZw81wig="],"block_size":4096,"path":"generated/find-duplicate-ids.html"},{"block_hashes":["aSz64x27WmyasvKesUBa9LBAW3bGrJF6cJE8VYix7h4=","CuGF7NzJfBWj0ALADb381AYoY3Z2hg0ROcUW2GQarAQ=","sFUSUnRBSD+p2kImInbCoVSvasNpbLqSidCMwwoNjBA=","5r7U32x9d4AneIS8cJv0B3bxSKmgQz6jc1KBDmsJAaA=","m7hFtKaWNHMh8tUyhoGuIpROF1d+A2CqnbM9/Syu0ys=","tW4m0tX7oLiR267HBBhDanMmp1mIQNaPeceFkRA5Q+w=","4ymgXJT/2D20Pqhj5TM/78vHZq+YhFcnIMdKj1CrYtk=","zk805OuOXx2v6IYx6MhsqZulbbObgXCqyTy6GGebqQk=","kz0rDqJtXoKiNQ4vPzr1HYgJcj1HvlXLvM8GJTRsYNM=","m3qm1w3Sj54DtFxGgEmkN5EQoq5bhoFXpVRM8J/i5Kw=","MfThWm/TJyf/6g7UD8/5XqDnzQEIvu3Pg73a2G8ennY=","jSBi5uch6bfA3FF+vPPKyrQPMPcnIb+UtimLKY64t7I="],"block_size":4096,"path":"generated/javascript/beautify/beautify.js"},{"block_hashes":["Dw4gV+HMnvJlOqaGWwjyQWhSQADPM/HQOJ4gpzUJMsw=","5EU072BKj2vPXHUGrWRVwgc+Pce8uy6EKox9XKr6Hb0=","r2MkPpD+6BiriG1wmM33S25cIv6KP/VtW7MgPoBf7/w="],"block_size":4096,"path":"generated/javascript/common.js"},{"block_hashes":["3UMkD+aEkuhPmCfV7ZSpNDJ9ZLOob1OwfkWq2DnTKU4="],"block_size":4096,"path":"generated/javascript/find-broken-images.js"},{"block_hashes":["zKeRpcU6yst5zW4KFrV76ZilTAocaVaJzqBNfM2VSXo="],"block_size":4096,"path":"generated/javascript/find-duplicate-ids.js"},{"block_hashes":["dEnWW97/V2SHMwSiX83J2L3tdSjw8U5Watx9fC8MgKM="],"block_size":4096,"path":"generated/javascript/view-anchor-information.js"},{"block_hashes":["8oSVJ0C1g7RaGE5mSrn3b2cuKgy3eCrN7bVQeG7VSyY="],"block_size":4096,"path":"generated/javascript/view-color-information.js"},{"block_hashes":["PmovllK4tAtP50CY3L1BkpBpzaqWv3m5VHb5S0pfUZQ=","a2XwxkAA1XxYhvP5xmrd/+Ud27a2nlZ9GZ0y7LYTuOQ=","cecc6BeDl/pxN832uh1NO2uDLdDq+aP4l4ktrOhXuhg=","SahnGcQZZAREAw7rXuvjmRQfSpT2M+Nq9ccpQeSjqO8=","J7irHCHelhAZkkK1rIRchobluzOwKYeF1UIZUGD3oVM="],"block_size":4096,"path":"generated/javascript/view-cookie-information.js"},{"block_hashes":["JaXX3RcWvgoFZcacHeYBnqzNxp39HPOiDdNzCRBXnJw="],"block_size":4096,"path":"generated/javascript/view-css.js"},{"block_hashes":["g7yObhjQcoOPNh4ahe8MsCEdu8ftW+0TebHzPccY/zk="],"block_size":4096,"path":"generated/javascript/view-document-outline.js"},{"block_hashes":["wf+8Avy7cwBfaJpSERa7fTfgRIb75KnP81QaCLIALVU=","osfnWhG8PzQRmT4ddbr/+m3DHPRk+E2Z3aiV/EhirS0="],"block_size":4096,"path":"generated/javascript/view-form-information.js"},{"block_hashes":["jPI0W7Z/iopQyRReXoTenKK8GJjBsBkGLzHq0Ick+ds=","4fug2A4R4ZYDEWbAE/e/ode5S6sS+SI5SeSKL7SAOZQ="],"block_size":4096,"path":"generated/javascript/view-image-information.js"},{"block_hashes":["zgIxsulazeqGIZIHuXRKEOTIJPk7fTcncS02sluFjbA=","sakB8AEn45msExikZa8IrHg91zBWYh+i45YxDMSRnYo="],"block_size":4096,"path":"generated/javascript/view-javascript.js"},{"block_hashes":["gQC/R6MuSJeA1nyj9pSY+ArJQ+NS8x4mKpV5F3fDRaE="],"block_size":4096,"path":"generated/javascript/view-link-information.js"},{"block_hashes":["1KEaYYcV0wjHg4R2Fe43W7w5Xx9pWUuApUw5rqmsPa8="],"block_size":4096,"path":"generated/javascript/view-meta-tag-information.js"},{"block_hashes":["O7QksxsakACVAwUDbLmrgjpSZzaGaO181+qg+A+XW/0="],"block_size":4096,"path":"generated/javascript/view-response-headers.js"},{"block_hashes":["McJjPqgO1dunOLpjkLP2SOSYitfqjL349dNMZglHLHs="],"block_size":4096,"path":"generated/javascript/view-responsive-layouts.js"},{"block_hashes":["aVfhtP3cxePnpoE1pyj8U3G4W5RAsUOwjl+TmnxEMtQ="],"block_size":4096,"path":"generated/view-anchor-information.html"},{"block_hashes":["1yO6Vc32fydBXjIYs0n80bVC5u86D+fuyCuQjd92CL0="],"block_size":4096,"path":"generated/view-color-information.css"},{"block_hashes":["J/hJoRkbNOMJijsiOYbw/O2t55/nUktASCrhZz7yuds="],"block_size":4096,"path":"generated/view-color-information.html"},{"block_hashes":["Go0v2kfky5fdGpzQTG1hO0EufeXAYKyhb37j94hR2Kk="],"block_size":4096,"path":"generated/view-cookie-information.css"},{"block_hashes":["fyfDNSNSmpiSTiMl9XwIrTeMqWsEZ60PQXXTFd/gN4s=","c7ky54Gkqk/NIk62pxAgXe58vOV7u84U+lAIoaYnnxQ="],"block_size":4096,"path":"generated/view-cookie-information.html"},{"block_hashes":["P4M8NRUuglXZIFJ0SfpAntDIN5FXJmhD3DjM5Uyw0SY="],"block_size":4096,"path":"generated/view-css.html"},{"block_hashes":["1Q2i617oZiubbCymU/K7S/LWxiTszHm711BwfIbmnoQ="],"block_size":4096,"path":"generated/view-document-outline.css"},{"block_hashes":["kQ7aHFR3bqQzslBVcy6wUO5Cns/AzDywOJpyg+6MpNg="],"block_size":4096,"path":"generated/view-document-outline.html"},{"block_hashes":["AyB2VsdjBriZWMJ2nZAR2UrBVd0bgSgy3zp75k0EUCQ="],"block_size":4096,"path":"generated/view-form-information.css"},{"block_hashes":["WebqcgJK6fv/1YTPln/xN0AXz6Th3NNxyrgRzBg1luU="],"block_size":4096,"path":"generated/view-form-information.html"},{"block_hashes":["aeSLAwtdmDp+/KOoJpyNuk/nUOZJTcde35I3KdwGs3w="],"block_size":4096,"path":"generated/view-image-information.css"},{"block_hashes":["L6urADVcAwwlw/B8f3hsbIdLNGtFTeKMf6ZsOk9YLDc="],"block_size":4096,"path":"generated/view-image-information.html"},{"block_hashes":["mjvy29Q1sogqIUa3i+SPaX4sytEyuk5S3M4gjJa1lqw="],"block_size":4096,"path":"generated/view-javascript.css"},{"block_hashes":["ewpORI8xZIj0AXAMjg5Ft/u0haep1ghwMiWBQzskuIY="],"block_size":4096,"path":"generated/view-javascript.html"},{"block_hashes":["BxMoQT0KpYgiby5Yz9a6rKPLyvKrUM+Wy4IFlypAx/c="],"block_size":4096,"path":"generated/view-link-information.html"},{"block_hashes":["94YXJ+GOv03IpjTxo8uIkVW+efvPMPv2E0Z4olMPvQk="],"block_size":4096,"path":"generated/view-meta-tag-information.html"},{"block_hashes":["BfgDE4exmr9HU1uzFTCkiEDjTll8oXCJj2BPS9Ewhzw="],"block_size":4096,"path":"generated/view-response-headers.html"},{"block_hashes":["sTeia/dupEmMV8Q2w01JQgMHjgAoWn3TwC/+CChOTmY="],"block_size":4096,"path":"generated/view-responsive-layouts.css"},{"block_hashes":["9gc6Qs/H3VlT/CPGCy13m8q96DvQFpUhsrZRFNDa++4="],"block_size":4096,"path":"generated/view-responsive-layouts.html"},{"block_hashes":["mX/PHeADXcc7Ur4sYtYzY/qc1orwj8BQQUMBQ1ICHNk=","i8H8JxgLymKgObk0cTd5mJCfPZ2D4g4msU2iyJ4PGk4=","EnQ9pJRxwfEj0jmuZcFS/fq+a5aWhkAjP/DT6DKwOAo=","7a8B3Bjc++KPyDETvq5ChjtlgeWKzPlu/DZqm5v0NA4=","xQWOB9wGmotm4M5j99T3A+7AAfZ1tQ+Yy+7AJRod7YQ=","iHqJGPvFUBPK3pK85V9isrKlgv4OX9Mey2Rx0TUwy5o=","rLRsJHxLNjLYJYPhiUtbCepn7daC+edoAHesyk6HqCY=","3TsLXlJhBmgAad8JNq5dK5K4ky4/NK22iagcC7RRR7U=","9NhWioYtHib9wAp9kioKuhE946czUFc5q9ugOygJxYw="],"block_size":4096,"path":"license.txt"},{"block_hashes":["hTLr81m5jnRatLdpGypjyaTjrQnL+tM6SjB3dZHxpt8="],"block_size":4096,"path":"locales/locales.js"},{"block_hashes":["kr2v80HtAO+ps8XLEnE2mDbl7aU7dQpLKHAHFi0FXo0=","+6JwJqRWhWcNSaFEK0r8E49Tnn/hh2ERdyUfVFuUzYw=","h0FQsud1gm4Vu5RTkvY/uI3mZBH7bLbno8QpEIOdd84="],"block_size":4096,"path":"options/images/options-2x.png"},{"block_hashes":["NleRef983ZjbMvG0YrGDTcMEj+Dz5ZKQN3rqgQZZAxc="],"block_size":4096,"path":"options/images/options.png"},{"block_hashes":["tKJ7oOu/cXXoRXJrleYNWQPXMYW1sKH6icjbcpw1hJE=","S8sHWI5vzfF12R3YaGq/W0SLXdrZM1KpSWwvinbD/9g=","34t1ag6R+Zpf4X64YhumPQAXsGfXz1tkKqJM/ln+2GA=","mU3VCHGf7h0Br6C6dxU7GEfiYBvvePdb8R2+7P3TKtI=","ggjoKhEpuTehEsxUo0SKh7DlWWvGCSNEKv4OJooAiVw=","Vd5ReVNry5nwHyXnmS5JxwaRf3ylC0BdT/3/gxs72Jg=","DmOb4Qvuu+WEb7mtAH9nk4URuNTa3xTvPTqgDce7JdY=","hkeFQoqk7oUWt8D6sZZqOf5rLYQJ+hFeBcb+9+A2mU4=","efaCIBnDQhyLO8fCjmqan3oRqLjrWYjt63Dl30fZhvo="],"block_size":4096,"path":"options/javascript/options.js"},{"block_hashes":["68gDf9VuI4q6N2OHl+PIJEK9FYHLPudYsPnvzIqh9qQ="],"block_size":4096,"path":"options/javascript/syntax-highlight.js"},{"block_hashes":["dVDDpipKRv2h9p7CCZcJ/WXQ31o9RyxXN/M0tEXzBM0="],"block_size":4096,"path":"options/options.css"},{"block_hashes":["NbHuZi6G50uJlucFhoF+vIALWIJ8Eca8iZ42qEFaBe8=","TddfPrJmwld5Y8+p4QFuSwU9CdwsQSopauldYSDMs2o=","nMQkikEwE3jgiaNTRmCwBNDcNZDeSK+FPjfBNXIkebI="],"block_size":4096,"path":"options/options.html"},{"block_hashes":["lXVEZP9MqcSKsWSw0XS37SGrUGmNRFLUMmgrUrntEQI="],"block_size":4096,"path":"options/syntax-highlight.css"},{"block_hashes":["VxEodUBuNuZmILwhNOXucjevChAUedoJpWyVMQKbQp4="],"block_size":4096,"path":"options/syntax-highlight.html"},{"block_hashes":["uXTTUp/u2YlPllsBU3z+QMIFYjN0Z43FjFQZGQP5wO0="],"block_size":4096,"path":"overlay/images/feature-2x.png"},{"block_hashes":["0/0xZwmkAbc8k476O++bvp91sVLRwBGWXsTO11IbUm0="],"block_size":4096,"path":"overlay/images/feature.png"},{"block_hashes":["rEQ66CKm04aGZBfQRY+N6tjr4o81WeM/pPBa0C4izws="],"block_size":4096,"path":"overlay/images/icon-color-2x.png"},{"block_hashes":["sht1W+PFih8pm+hvhhddj8kf2i5KxUJv2+nAax3Eq+8="],"block_size":4096,"path":"overlay/images/icon-color.png"},{"block_hashes":["MtSvUNwTq7Wg6F97Qz2wrIz2GD7PTAelS2vpumR0dnE=","30VF9ZzGQj1YnBZ/Zo0DGr9Ujg68YkEIfIN3X/k0ZSs=","e4dOqEJyEC30Kw/qbKiEk/02BrvUYwGuDXWVL3VDLuc=","hXTIqvei8cQ78hr/xxFTnUT7CleU6QJgqSpxQN+762U=","3OJx9HFEcE2ZZhaUWXBq2d78M1gUa26VyXLe/9ATvCM="],"block_size":4096,"path":"overlay/images/toolbar-2x.png"},{"block_hashes":["O3lPbr27T3kC7hxpgY8Bv5Da1j+OIVROG0agfFaE8Qg=","fcKESr9+Fv1Y4e66oaCfINqm1AJcBgIFRR+UN1FOhpA="],"block_size":4096,"path":"overlay/images/toolbar.png"},{"block_hashes":["2HFQD/utZM37fKp+b1CnkQcX9tzFzeSLAZLUVltaw2k=","7CXqeAgYqU4QcukH8PgFBGVUIKDW8LEZqzlaQDGtPcg=","nCEXCANZF56kAkcJHguVbKZ/zEXRc0kV1ej4xj5ORD4=","+pXKAMur5s65Em/bPrUXATTuSIhMnLP2eTjJNEkqjrA=","nxt+sElHobVpOirfoFCeDSQ7vE+XynVf7ZMuNfbv7jE=","5/nsIK2R5/r6tr0zlPaohcJ5m9MX/v+vZrT20J56/sE=","gvLimF6G92fqZlT0IGeBbT1dzHGOW1+stxxgWg+1iUQ=","G2Ho9GObnCD0JOfvISR8JhhPQPshtZwiYlXsrymESm0=","R/5fqBOTGcsHccyiHpssDtmzSk1rJ8fJbAPNxcEnugc=","U6fWpEror5Sh1UFQEyyaBstf5jU28/dPz0ybq5EfeGg=","JgGyQvUvCsTCO7D6IACOAQNbQ+Ga4naj0GJMhkqSWjo=","+Zh2lJ38Yks1X05RgPcbLSQsbdEnA1xDVKL0ukher4M=","dNpixETj64y0f3lyb38BeFW7mp6FtXW6Ofc2zeYP2aA=","nr5AlsHjnc+LKS/6vLrLTBtJzc3/AcTV34E5E0V2UAA=","xzvMIhYcIjYw12cwrWWGAfbAxUzsyAWPctqjUVEct8A=","/J4cGnYCQ58F+QZHVrZ7voc+ZxIKmPPalJFIvRO8dII=","kBhgo6dykOPIf1QBLfm9RtdtcKEQ0RyapjAJJMpgon0=","Vz5MQEvO2VUHY01oJfQeBtxJn/Hz2cGpQLsj6wxz16c=","9KKEtwy1YTlUQUmIpVORH8BpHHPHWx39P0bWHG4Vx0E=","hC/CObptr1wBx1gX6qAPDHfhHBkR8yr1F7o9xGZx7Fo=","eVkBT1CqcvsnrhGwx3S3VryheBaqxtzyiFnqn08Vsk0=","CObC5JzppGElryA+rLPYYNBzdki/pEVOomRZvXqt6Gc=","FqiTE9pXOngt9EyYkPsI/n8tceHFmeqmueZshlmvUJY=","5954Qr3ilHqa++3kOlc5ln9o/npbBq4ISSJ2uW4ozcc=","jGlfhOL5cMbpTGcC8VJ2Z2yYq/eWuJV73wS1u9FiS2g=","QNE2axJNDrMdDKyd1Y71233JC36yCET3JOu+mKGwbOE=","5UmG4YmXaj1c1kk/Ol4Dd2PeLSM8PzFZL5y80gXLcAQ=","0INVIc5cgNWkix2VIhj1oWQ/55tMTC+mQM6syMjWvow=","6kO4RjI3wpQk59F61WBpVVIC737XYY7sdF70Cp56+2Q=","ppEAOUnqlAQTG9Z4YcmOhEG+QnCAk3WJwf7tAMHeNFc=","fBhYpz7RKpbvIcRwfnStlKVPTpK8eZwvWTittG2pAOc="],"block_size":4096,"path":"overlay/javascript/overlay.js"},{"block_hashes":["4m16HH2ECBwwInCysvIo3TxTQX7358hMnYxyFBdYZIg="],"block_size":4096,"path":"overlay/overlay.css"},{"block_hashes":["4bO/fMFHIUDgBWw+V/OnwNwPASzTMX2l0cYjrq1cJ9A=","i6isxK89tHP35ubjA9HNgHKuWYyeDGfVFnBhoWo7BzQ=","0gUM2c0WSZ6LdUAdqyT1fNrux/6/zYH7dqxJb+s7+ig=","hDgU5eH3xciu5rEGpOBcWZT46sYumwc3HGlOAGZiMoU=","B7RsSBA1Utkr98WT0KupRbxGi91PZab+91dq9VNEugg="],"block_size":4096,"path":"overlay/overlay.html"},{"block_hashes":["K7QlkmT6qFUtskHq45b7MAbS065jZq6zHkjr97a2OKs=","YOW+hwfJDQIVEwVLew8OcegqtIrGUyfhtWJcE4JR6Os="],"block_size":4096,"path":"storage/storage.js"},{"block_hashes":["Df/edKdI5rHkIJSoGe+tuZrY8GcLSwIROcoSPJNTn3c=","Co2bLwfuIwrHYQlTssja12jtQcQjYb6fNwPyBUnzu14=","8plOPXHMVrazRcm3N8O7OcChePA6U6hFwHS0fcplamA=","VTdpzTbsgY8C8QWDJwTyGGe2mI6UOnp/eR3SomAwkG4=","vLPoXtl79Q+YjFEzIJo3u9/Ouamg2gculjHFD7nin44=","UYMDxTz7j5CMLY2Kuh7ZXgIx6qwRc8+xTfHqYFlmpxQ=","9P3GgekZ7ZjM+7yRJmqu3gyqAAXqXLk6VA/BHyWmEFM=","wgn4ZKVY51GH/BbfKG7s1QOOacGNIgaUTNDJprHA2ww=","N3jce5Y8ugRGExJUBRujeP8oBiWR7nXdpsCgUmrnHhI=","B4/SOYTP+jqQ1bBJjhsklTWAPLwQ9hXrzc0RmnciMnE=","WDUyTlCnXTd74822e9cUaKy9Ad1rPSft/iR3Bcu4AaI=","DylBX0RUzGJrpJLUbkytTJmTJBRkmKhASQ6vsQxJAi8=","UbYB2njlZo/ODweH6cWyCaH+zsaEk86/1NIXuqKrsVo=","wMQh6l53RloDdimv7J6XX2aEZjL9e7Y6N+T2l049d6c=","UBYvlvBClvLHMLiPOjbde8F8zc0Z1SMe7kz0POdwaBM=","75UzCQ2N44+zYrrRWzWBGGdcBD4QXIxB0DnDV69AOd8=","+M0BHQ00ijcQXxrZxAriEevRhQUnu/G1/IDH2/w1NqA=","qnjSqQTA1S5b3NwqOlY5ZNBINsSk4P3XILRQ0JmJhX8=","JVcEXy5Mpn8V+HrYNtyaF+LhRwzLPUiq4nrfWkFDmXM=","Hhfy5OHmLVKEaYB/i/nfkUJxaMlyy0ScNiKZvWWdAyo=","uddtbaWRhCt5DO2sxCuuqNUC6FPafe5vt/hpd5O5z70=","f1Ng0YXYVgWLIqVWUWrly7J3VcVdHZ0bxTtOfi9yVpM=","BQSi7xBGr1qdDAjVMZ/PGVIjSqk52rbCQjJJ/r/mejo=","hEe0g0gvrM4w6CKTmgb/kS1jGgCCZZm/dho/BsNbUvM=","GzDhtLjcYKrgEmQZLEPJcrQXuVg7j2a5WMf1Oi86ixc=","7KYRB7NYpAuaouMK94SfEwGGblYReuIyX1GxVAZt68s=","d4r3PpARpBgDGb8oTUyVilV+p+l+OZb+wlmJ/w6ZIv0=","eYRdX86APIxpNRhtFxT7UjscsKHVyseeFgxwCJu7t/E=","c8tczKclsUkpZkLULCSr33gqgGU8+bggcbhcnciwXvA=","f/tv5yfcFhTuSeHHk6P5aYvkN9WrkUZ0dP2lzZwodCY="],"block_size":4096,"path":"toolbar/color-picker-toolbar.css"},{"block_hashes":["282qKeOkvkJNqR2eGR/RfGqrP9L8lzSDDv1f75uFgDE="],"block_size":4096,"path":"toolbar/color-picker.css"},{"block_hashes":["sabapyV+jh3hc6z7tKhVSnJN6YLBVtpa4vZYkR5WDnM="],"block_size":4096,"path":"toolbar/element-ancestors.css"},{"block_hashes":["SZ3Ar4CL1mAe3U5/y6RDL9dR2r1TtSd21uv75sx2Pv8="],"block_size":4096,"path":"toolbar/element-information.css"},{"block_hashes":["aDW7IkVq9O9sA5fh8sCUDvv/R+PpU+VEerK51POYeTk="],"block_size":4096,"path":"toolbar/images/logo.png"},{"block_hashes":["QihGN277HySZUXN9f0i6z87X33TFTY+RjXOSl+1dIO8=","2P1vcHGAL2gaHGzm0gYDVTIKekqp/gBfy7M9GLEptrY="],"block_size":4096,"path":"toolbar/javascript/color-picker.js"},{"block_hashes":["QdD+rTKui0eo6aLqx0gkGRbTDbDgP3t8k78Uv6SN1CQ=","xoRGIIhLTzXQIm6zeVHl6exny0d/k3VP2mlqi7CBieg=","ycSWRJhGJymgZNA1vwLYtw24FODdGhveNF1pzllkLzU=","svXEoIWt0PSDFvD/tue7QkeIn3uTPNoLr/lwZyCCTIE=","MbS6sAgLe+ZT3SnV5TMWaBYxJfNcUetlBZPAxJerK14="],"block_size":4096,"path":"toolbar/javascript/line-guides.js"},{"block_hashes":["0JJSSy1vs4LQjN4WXgG4wH6sfR4kqfI/IXkhX8Xp5xA=","dOQLHLsHIp+BiE/uYr06Uggo6LuANxLiZ+oaEzoOWaQ=","QwHhwIEcncenpIrL70bdDYXFVrZvGBKry1m2UXCrreg=","M8FjHqvYmBCdgxJMwKEXYF+DgBREAynPuLNeNbcpYlE=","wZlqnsys/IebjMt3klJUqWzg3TyOqPwlG7uLvFS5oT8=","oJAmmOxbfqJqL3nQy7vV+uTw5vKulVQ8pEFjUC/kWdM="],"block_size":4096,"path":"toolbar/javascript/ruler.js"},{"block_hashes":["Df/edKdI5rHkIJSoGe+tuZrY8GcLSwIROcoSPJNTn3c=","Co2bLwfuIwrHYQlTssja12jtQcQjYb6fNwPyBUnzu14=","8plOPXHMVrazRcm3N8O7OcChePA6U6hFwHS0fcplamA=","VTdpzTbsgY8C8QWDJwTyGGe2mI6UOnp/eR3SomAwkG4=","vLPoXtl79Q+YjFEzIJo3u9/Ouamg2gculjHFD7nin44=","UYMDxTz7j5CMLY2Kuh7ZXgIx6qwRc8+xTfHqYFlmpxQ=","9P3GgekZ7ZjM+7yRJmqu3gyqAAXqXLk6VA/BHyWmEFM=","wgn4ZKVY51GH/BbfKG7s1QOOacGNIgaUTNDJprHA2ww=","N3jce5Y8ugRGExJUBRujeP8oBiWR7nXdpsCgUmrnHhI=","B4/SOYTP+jqQ1bBJjhsklTWAPLwQ9hXrzc0RmnciMnE=","WDUyTlCnXTd74822e9cUaKy9Ad1rPSft/iR3Bcu4AaI=","DylBX0RUzGJrpJLUbkytTJmTJBRkmKhASQ6vsQxJAi8=","UbYB2njlZo/ODweH6cWyCaH+zsaEk86/1NIXuqKrsVo=","wMQh6l53RloDdimv7J6XX2aEZjL9e7Y6N+T2l049d6c=","UBYvlvBClvLHMLiPOjbde8F8zc0Z1SMe7kz0POdwaBM=","75UzCQ2N44+zYrrRWzWBGGdcBD4QXIxB0DnDV69AOd8=","+M0BHQ00ijcQXxrZxAriEevRhQUnu/G1/IDH2/w1NqA=","qnjSqQTA1S5b3NwqOlY5ZNBINsSk4P3XILRQ0JmJhX8=","JVcEXy5Mpn8V+HrYNtyaF+LhRwzLPUiq4nrfWkFDmXM=","Hhfy5OHmLVKEaYB/i/nfkUJxaMlyy0ScNiKZvWWdAyo=","uddtbaWRhCt5DO2sxCuuqNUC6FPafe5vt/hpd5O5z70=","f1Ng0YXYVgWLIqVWUWrly7J3VcVdHZ0bxTtOfi9yVpM=","BQSi7xBGr1qdDAjVMZ/PGVIjSqk52rbCQjJJ/r/mejo=","hEe0g0gvrM4w6CKTmgb/kS1jGgCCZZm/dho/BsNbUvM=","GzDhtLjcYKrgEmQZLEPJcrQXuVg7j2a5WMf1Oi86ixc=","7KYRB7NYpAuaouMK94SfEwGGblYReuIyX1GxVAZt68s=","d4r3PpARpBgDGb8oTUyVilV+p+l+OZb+wlmJ/w6ZIv0=","eYRdX86APIxpNRhtFxT7UjscsKHVyseeFgxwCJu7t/E=","c8tczKclsUkpZkLULCSr33gqgGU8+bggcbhcnciwXvA=","zL5I3rc+fK2FPyGTtJb7grwp/r7o/09YUDlkloWgzFI="],"block_size":4096,"path":"toolbar/line-guides-toolbar.css"},{"block_hashes":["5bh3ErqkTvarH1Gmw7LOlCLjW6KGU3W+h9g9LRSEm4Y="],"block_size":4096,"path":"toolbar/line-guides.css"},{"block_hashes":["Df/edKdI5rHkIJSoGe+tuZrY8GcLSwIROcoSPJNTn3c=","Co2bLwfuIwrHYQlTssja12jtQcQjYb6fNwPyBUnzu14=","8plOPXHMVrazRcm3N8O7OcChePA6U6hFwHS0fcplamA=","VTdpzTbsgY8C8QWDJwTyGGe2mI6UOnp/eR3SomAwkG4=","vLPoXtl79Q+YjFEzIJo3u9/Ouamg2gculjHFD7nin44=","UYMDxTz7j5CMLY2Kuh7ZXgIx6qwRc8+xTfHqYFlmpxQ=","9P3GgekZ7ZjM+7yRJmqu3gyqAAXqXLk6VA/BHyWmEFM=","wgn4ZKVY51GH/BbfKG7s1QOOacGNIgaUTNDJprHA2ww=","N3jce5Y8ugRGExJUBRujeP8oBiWR7nXdpsCgUmrnHhI=","B4/SOYTP+jqQ1bBJjhsklTWAPLwQ9hXrzc0RmnciMnE=","WDUyTlCnXTd74822e9cUaKy9Ad1rPSft/iR3Bcu4AaI=","DylBX0RUzGJrpJLUbkytTJmTJBRkmKhASQ6vsQxJAi8=","UbYB2njlZo/ODweH6cWyCaH+zsaEk86/1NIXuqKrsVo=","wMQh6l53RloDdimv7J6XX2aEZjL9e7Y6N+T2l049d6c=","UBYvlvBClvLHMLiPOjbde8F8zc0Z1SMe7kz0POdwaBM=","75UzCQ2N44+zYrrRWzWBGGdcBD4QXIxB0DnDV69AOd8=","+M0BHQ00ijcQXxrZxAriEevRhQUnu/G1/IDH2/w1NqA=","qnjSqQTA1S5b3NwqOlY5ZNBINsSk4P3XILRQ0JmJhX8=","JVcEXy5Mpn8V+HrYNtyaF+LhRwzLPUiq4nrfWkFDmXM=","Hhfy5OHmLVKEaYB/i/nfkUJxaMlyy0ScNiKZvWWdAyo=","uddtbaWRhCt5DO2sxCuuqNUC6FPafe5vt/hpd5O5z70=","f1Ng0YXYVgWLIqVWUWrly7J3VcVdHZ0bxTtOfi9yVpM=","BQSi7xBGr1qdDAjVMZ/PGVIjSqk52rbCQjJJ/r/mejo=","hEe0g0gvrM4w6CKTmgb/kS1jGgCCZZm/dho/BsNbUvM=","GzDhtLjcYKrgEmQZLEPJcrQXuVg7j2a5WMf1Oi86ixc=","7KYRB7NYpAuaouMK94SfEwGGblYReuIyX1GxVAZt68s=","d4r3PpARpBgDGb8oTUyVilV+p+l+OZb+wlmJ/w6ZIv0=","eYRdX86APIxpNRhtFxT7UjscsKHVyseeFgxwCJu7t/E=","c8tczKclsUkpZkLULCSr33gqgGU8+bggcbhcnciwXvA=","vZg0Q5kx6hriOMSjs8ieQJNGKLYpq+molTqLY49ZCDA="],"block_size":4096,"path":"toolbar/ruler-toolbar.css"},{"block_hashes":["s7b4qGrMTVk8qv0hAzGcTTAcum1+AVyKePX2qzVIzcQ="],"block_size":4096,"path":"toolbar/ruler.css"},{"block_hashes":["mgRwLBTxyyhjIb2cp+Cnqc+83M9J82ta5ChBQDWLV/4=","zgirIoURCsgK0DNhzHIKfbUwk+3X//DP45z4CMoPob8="],"block_size":4096,"path":"upgrade/upgrade.js"},{"block_hashes":["+Bbg/0hXGlD03kJoBaakZ9ZV4V1/CLOelw/PkONXh/A="],"block_size":4096,"path":"validation/css.html"},{"block_hashes":["zOT5EDS3Afd1X+lhanB87/ya808DyYforrUNy6A2pDo="],"block_size":4096,"path":"validation/html.html"},{"block_hashes":["J0iXjpG0aShCw/iK1KjDJvDWxSzuFvcHnDvqXEpm2wc="],"block_size":4096,"path":"validation/javascript/css.js"},{"block_hashes":["HL2apNy2NLZrjF79tIYJJDxYFg+AhEZMVESQkzANnes="],"block_size":4096,"path":"validation/javascript/html.js"}],"version":2}