{"file_hashes":[{"block_hashes":["bBjjH6baZhC3dCY0JOv4+xFhtSa/taTzAf3bDr23dcY="],"block_size":4096,"path":"GDrive.html"},{"block_hashes":["mGZpLVkejFjmmIv2LT3NSC24YjTeNsaxs/aCktBClWo=","n7JT8OjDR1yAhuv0VsqRokVygpb5uy0tKc4hfKwJzCw=","6sTcleAU5e71KcYhhLB11IC1SSqD9NknAQTWFdL+dWA=","0D1kI895aLnSzKJoT3bT/YGsjf/CR5HvM+hX/0DGzig=","QxDdlJJPuE6IrI539CapGMDXwlQ5KbcvYrRpzGnQHbo=","RM/AVZuo7qaOfxezs/JSG/fudK3G0bf7oROU2tSXfQk=","yvb5xTf9DvR+Q5MBA3F6TFhhR1Vi56KA0PMwjbm1NgU=","z2JhTjU1YN4SPSGOEyOH9ZqlINT8cRyAszuo0yzOO/M=","OSm7C8qFAjN5VDezz32m1BB7xxaV3nF0CXMPsAHU6QM=","VsVZlWZjAnKlU65i2eoNmJ8KL+6JRiNhDlIBg7N41v8=","G9wcttnJ2W3OlhDDXNdQhENct2fkQEKXKulMOvCRwiI=","OAsW7OHp0YjlJO+P0C+6c3gFji92o6jNGb0Cs/60wgY=","u3LUhR4faGwSBf5WCvVwiBQW01cbqawL2htyilK8VD4=","vjzzfd8c0EBexo7K8FojMAvxB4cYYX2S6GS06pPOQKk=","yP61IHHw0X6sv6JSSzHS3pzWASRCTwBBaFOesuIWbvU=","71fVwJtFE9sp/U7IqUcgSZaMA3rW9aSVHDVN4q9248w=","rROd26ebx7YK/G2y90pcHLkNDKBB02cPHO4nYb+/uOg=","x28Oj6Bp2I49wx7wGvuhcjQo8qvhNokop7XdOniUwUw=","gjkxKvol2Nxh6Up5mf7iXzajHoPOyGcGjeU/8YX3RVE=","iu3QfrIZmViNLdN2TKh7ym6SQGGXcmHlIZFhdfiEmFE="],"block_size":4096,"path":"RestClient.css"},{"block_hashes":["KkkBpxyljLL6Am0XxH/xi8nrjGV1Z9oNio8L4g++VRE="],"block_size":4096,"path":"RestClient.html"},{"block_hashes":["T1TVMMG/vWHAMWbouXBiu+r/BGqrfhZgwhPxx/iAn9s="],"block_size":4096,"path":"RestClientApp.html"},{"block_hashes":["yv0LX8DtM4JEveZGCpAniMOUUEo+5WHyvl0RRedMruU="],"block_size":4096,"path":"Starter.css"},{"block_hashes":["0Pcqp4jYnZTk6z9LuRxvb7vkeIosse5aDiGSoc7/3os="],"block_size":4096,"path":"app.js"},{"block_hashes":["vzNr6enQJplxS5Ft/sYja6WTpvaQAZPZz0Yey3pWE4I="],"block_size":4096,"path":"auth.html"},{"block_hashes":["+OFa3+ujnyRRES7weLFatN8IZ98Z/QAbDWDWKPMxd3w=","2YHz7rzAKIxANHazrSfH/COnObts82DwcCKyXxH2rJM=","z8VYgwU6L+hGJ9lvDHNY+MYTZYXpMl4F3OyzQVIsiY0=","eXLgE9u8PgDhI1BaIr2B/mU012MLljVAubXPAHvRkLs=","t0pncHc6Z5YO4WQ9aK/JrKLY6+7AEQj8Ce95azy8E6w=","dytOPOJodaUVHXZyAoRfpS7/rtn9cCYXNqGh8rLp8cM=","JUo4OrKLXga7N9KLHwEL4JZ5HkLpQAb1Xd1Dq7PjQb4="],"block_size":4096,"path":"background.js"},{"block_hashes":["+OFa3+ujnyRRES7weLFatN8IZ98Z/QAbDWDWKPMxd3w=","mwTa/URVgHLMiW6nngAe1E15j1uigiqeKBFCd6NEjiI=","Et2oIrrm+SyMbr0RdpRLr0mveGeW2jMVmx+6Hw5LYoQ=","1i6sbRyGigmWNExWZn8bOztVbWcyrWHKF7vmlgSj3lg=","K69vf1MER2QfujKT39q3JfjYwuzNzRPUVsOqpngxPGw=","ej8v6FehuVeDrxoCIctrJz34qfhrokN/TRNKKckaMRc=","G3Jbswe8qxWDjffdXaDBVjqBRRYVPiWm3AkTWXT3/Gk="],"block_size":4096,"path":"background_old.js"},{"block_hashes":["3WcdK7f9uigDM84PyeqqJqXlwXCboHRX2cAh4Zttbc8=","y42C0bvfFWJjq85bhYWYvh4qoGoky6j7Br+R2qvF6QM=","xawUPqxS17Mfts6TutT68/iHb1WhKVK9AzDbvsmYyCg="],"block_size":4096,"path":"drive.js"},{"block_hashes":["4P92egEEgVrZykZ6DuWWcW14xOoq2nE0IM7CZirpeHU="],"block_size":4096,"path":"ext/codemirror-3.12/LICENSE"},{"block_hashes":["9gh1mgw7s/TIch+STeqKR5EPdXLF/taFzY8pAY8+zWU=","ddelXnETnOTvUsPFOF9SZ6ybxZdrMjjBuXyRK153Yrs="],"block_size":4096,"path":"ext/codemirror-3.12/addon/hint/headers-hint.js"},{"block_hashes":["XV/CpAvIduI5A9r6+AFS7porHMLy+zTxK6NAIo2d4tI=","SUWTMBdL6G4bm0KT8MwK9dt52sPKS1WR6Iz3BbspcdA=","81bddmImmrRi2nnKftn0RFj9+0fEF1LAl4GNAjcrt3w=","L3uyi+/tY3JaK5NtBGvJ9yeQOoLvkqlS+qHUAuO48JQ=","vl6PkOvebo32TCU6N+AEPJvsSGkDr6o9ndKSstKV7/g="],"block_size":4096,"path":"ext/codemirror-3.12/addon/hint/html-hint.js"},{"block_hashes":["XuMxwpxwFrxTjckdLCdzGLIUM0hOsXN9UECofUan3G4=","XlfPVZcOKCcqY1eJCh0OHs/MxVaFV9tBgmAlGAQn1As="],"block_size":4096,"path":"ext/codemirror-3.12/addon/hint/javascript-hint.js"},{"block_hashes":["dqOBsUcW22aYGeub2FG/lvrf3RfoYYjq+8H3lJzrx6E="],"block_size":4096,"path":"ext/codemirror-3.12/addon/hint/show-hint.css"},{"block_hashes":["bVfudiSpL3bN/tnZxE7fVhWGId/efOf7NgauGBxcKTQ=","lwDUbclqTGLtS62gF2DNFRq8ZyzRW9wyao4xul6lSIQ="],"block_size":4096,"path":"ext/codemirror-3.12/addon/hint/show-hint.js"},{"block_hashes":["YucXMJu+FrAKK8zFN8JtDQjWJ7i5PmcBwwGeK0gqxZ4="],"block_size":4096,"path":"ext/codemirror-3.12/addon/hint/xml-hint.js"},{"block_hashes":["hFZlDjJS6eaBsvpcrnZIxrytmvnqY+lPmLGomrIlXco="],"block_size":4096,"path":"ext/codemirror-3.12/addon/mode/loadmode.js"},{"block_hashes":["H1KxDEPhVrOyN+MUFQ+VhC/9y8dewwvktVnnJayGpHI="],"block_size":4096,"path":"ext/codemirror-3.12/addon/mode/multiplex.js"},{"block_hashes":["tu7PiGc97ukkph+jPTNbrn8VZp9PuPat084li5b9+zY="],"block_size":4096,"path":"ext/codemirror-3.12/addon/mode/overlay.js"},{"block_hashes":["zOuW2TOt+e3CxFLDlUXmXkdXq3yLh7HP21NM9elixyE="],"block_size":4096,"path":"ext/codemirror-3.12/addon/runmode/colorize.js"},{"block_hashes":["jh5PgcuzxV0s9Q4APhdUz9Iry76f/RGx9skfGxEYtEU=","Zm3ZVQPnOiLnm7wCeDPh25Ib6iMb1Pz6fOFya3pRYyI="],"block_size":4096,"path":"ext/codemirror-3.12/addon/runmode/runmode-standalone.js"},{"block_hashes":["MxkgmXr+mhZzGkA67ecC6u4LNBX7RrTKGSER2c6pufE="],"block_size":4096,"path":"ext/codemirror-3.12/addon/runmode/runmode.js"},{"block_hashes":["7iGTG5gzshASDeP4ORVfefzsbAqdBfTHWr3wZX/aRfQ="],"block_size":4096,"path":"ext/codemirror-3.12/addon/runmode/runmode.node.js"},{"block_hashes":["9GJjAWfP8O/UIcNyv2Ed3HfOhrbl6YZY4rviuZd9Ctw=","BSGmzP9DLF/K/7C+95AXOBTGM4uDuUIP9q7Ehy8ayDU="],"block_size":4096,"path":"ext/codemirror-3.12/lib/codemirror.css"},{"block_hashes":["/84upiZSf+2J48OmZAZ8hupXBjaOsPtlADN7tx2pj/E=","h+SYb/NYySPFpHL1OW9rhQJAOMNepsLOwAdU4uaPm2w=","VFAwacELCETGWpOVjDt9o1/Q1qbEIR1bI4gK4p5hAYU=","EuEplCYHNry6/H80CSTe/Uk+apTs0VbGu1RWAwm8X0I=","C2vBhQuEzk5eFKHYZw4cZ4C8Gut81DgMHU6Pb9A0u7w=","yZZExaqa+IkSvVM7rFbAICAbZfbus33xc0eqLh5QCm4=","KM+6c1VjG4JcJ4VhoLzHI7P2uHVUsYmfLmXxX+4g8rc=","A9JOaOCV23utsyvp/epxIeMH/ybS++W0+lwzzYKF+qY=","Pzuv/61lNihzB5RgSdwVhRP2flvOKRwiPL61Jgl7FtU=","4lumAa8cC6DfPBZKGmsYODcUZ2YDhCYL8mPyvYwUl+k=","8wKRdYE2UneJT+3J6kmvtvLrwmQu+TuXyK1iIzT7U3o=","p/uy9MKREHvY6NOJg9QJsJaQiEuRXOKQHlp7nq/EwkM=","KuIbKGGMv+mNYft3DGnXXx7Kk1XmbKJrN/rloUX1TEc=","7GaNiyz1aTtJgYKIFR/XjmNZ/Hr7Nmr9uIqEo1CjePM=","HmlNUj1GlNx6wV2m1kEF07W9xWSqZZ/Y1nfwzbpIDC8=","1BYPmGlQHKMuedbOkZMVZYcAPyCIdco08XX6xh5ihCo=","R69VmVAzTbiwbPoaqyp+U+LFdtcP3DuQHT4d59Uykes=","k6Szug69XdEtLbNqihr4WS1/qohGSBh9o8XiVBfze4Q=","MjYlC0kXzjx4gN/hQR+m+bw97BEthJSOE9naIOw4CBM=","6ZancwO6RGmA7Fr58CPLGlS254wWiTQOHAwens4GdlY=","7xflwb3vwHiN59A6WM+Bt52MNH7YtB4ADvma689d57A=","Ufu0nVO+L8aL2VGFVBCTSV+jh6kze3ZaX01glFOKoe8=","+VqTkMVXSMTGKw/koBto751BetfLImwUo513oL9FKNU=","JVA7yVpDC7dar8vwkkFUN8yDXTKeCSJMGvurSngDulM=","8x7+/l1eIC1EKNnUGOYolFlrErk6tDBPg0vzeb8lBN0=","GzjTbtw+ZGraeC7o9GP6evMqiNgayXN0+5EZXf0kREw=","Ou+TKPyg0iNfVnxzDBkR1Ljl+tMCqhFZ9PaLz5bTN3s=","+HgeQFzwc6mrlIC+7aZmvEXDTAZwIcMmxtq5vDCnS9g=","FbdHt+5SI7cOK2rkszCzSkDJV8a+Js1m3LYlwlPxKzM=","BQHaVpdx3OgBBVYbrl39qKHw+frDZSjbR1QkSyVWQtw=","ciWBPdGL5lA5sHuTcrXdc3nB+XtqWVL2cZx3knhWfjg=","PoIu2jTDhNaNX9/6SkgA0GkdDCD0Jd5hI+mw3xfIYQk=","lEGooi/NxAKCY7ltMeecBlKhUf6ZbqyJb3dovfjgFkw=","PgQQJ3MZtb5AywpTdsv4L66e0MHUZ3Ak1UKlDxytaBU=","ivyFwILpDyrt461dhUV1c2rtsw+b/crpFldE9cd6ReU=","RCUvfmxK7pW955zzMHQfX5g7SBZZky60mM+ePauOeO4=","sD06O+ffhfxhbWknZlM4Vwad/2BPIAGFq1WQDK/94g8=","qfUr7Jf4XYARrtvVyXZUhSyUmj9l/uWG3K/BrIYqxmo=","zgiD4Joe8RKLhFZWp3DezNfDDjILYnvLmZ4bLMJ2g1M=","Wlqyg3DkAWG3+n59m9F0R+LmB+mFs7gCZuGZMy3IPY4=","YRFZRsMUlv497ApjdasUkKx6D+HVDkv0gCIK9gJqx4g=","9gA4YEmeb6t9nLVweZe9UCUxwFwqOqfjgZdUtPfxzlA=","+6Kbo4SsxJ7qkXEUDzpMl1AbldtlOk/iDB5MS4MD5CQ=","IEFCQ9YmZxVLJw9ID0HZsqFyOIZTbDoKPPostDwwaqk=","JlLB+PRdui1O8qm/wt94LhoC294TEkO74RlT2EUhOrA=","hvGknPeMatvr0lLrd1vTx3M3Ow4E1Tm6arTk/3NI54U=","DiFOjCJlMOpIOAXGCEXxCH35BX9yim3/IS3fXjC/Cb8=","ScmjGZ63NU0xIbqVTuWFG0fZmOTxA8svlWfNNFaLlbs=","X6P7PPRPByAswnbpQs8CUdYvAkUs4NhnggyXDGBU7Eg=","1M/z19XtG3Rjfn6GSEd3QFi1WEUPOdKigiosWiHoA78=","mXewxO/mUhamAUBsHcDIDKN/ifLEczzoAuQrlk33x6Q=","WqI4XaMSSx4pALC33wfU4nZLRC+1MrBhIxh+e3UtlFc=","NZKMKCtAq3M3zvWWL8f/0BKi9PXUO/1mMYZoLUZF/vY=","w70m5Bn5rpkizU0r60tZBXmrgLq1Zho5Qu4kVzHjj7Y="],"block_size":4096,"path":"ext/codemirror-3.12/lib/codemirror.js"},{"block_hashes":["e2KGXoRSUMBZoDh5pX/np/03eQXB3KPg5uMKwAar95w=","EgMwYp3P5nnbCzxSvipd/GMkrQUsZ1hIl3/ZGqRrRR4=","esTlySD3BwGVXWH+jA+yxBy4rxKS/CQaqJEtr77Fi04=","yipCpzmQW56mg6xP1NTKiXxYQXoFCt6wUTIUk+WGbc4=","EWfONCkmUVPOdJZv87Apjoh3GhbC6x7zXxV4AK46ATs=","N/3mTvvJw9iNQDQC3N7YbQO4BU1jpUfTnXZP0zR+sH8=","RfZ2a19YOIGcVGIU8OVG3IxBXEc+K3BVr0A/9pzCce8="],"block_size":4096,"path":"ext/codemirror-3.12/mode/css/css.js"},{"block_hashes":["1N0bMBhbprO/Ww9k4rBW1MZCc7ajrJK6QOpNpZjQ8+Q="],"block_size":4096,"path":"ext/codemirror-3.12/mode/headers/headers.js"},{"block_hashes":["6T0bzNWbiiix8LToSxPhp32iPIWU250115uetyP9Y/E=","ateta2I+uQ0ANFWJGJ+Ff3gIzuyqrsXNq5fVGb4Jbfk="],"block_size":4096,"path":"ext/codemirror-3.12/mode/htmlmixed/htmlmixed.js"},{"block_hashes":["grsg/nE4zH3z5VqKbUFpdA5qfd2gkoMhchH5pUrzivI="],"block_size":4096,"path":"ext/codemirror-3.12/mode/http/http.js"},{"block_hashes":["3+xvtlbNCHk/cR9SEC91mszARYJR0D+ItY4v3Ut1SWU=","5lLMa41JLaXJD4rqfsBW8+rFVbTtuhgWbisVd1t/DlM=","mUjYRG7/Skm9c+5zfSXJeuLOVeaXUw8ot/56Egi+AUw=","RXH2+V31bGdzKpWCV0V67SPYFZlzMx9e492EVAeXBTk=","S5g/r/ensBPBRqpuE9mmj26JviZNV1lH/u0o1IEGB40="],"block_size":4096,"path":"ext/codemirror-3.12/mode/javascript/javascript.js"},{"block_hashes":["NHQ/zfFAVNOeDYSjeMuyFB9/Wf8bznMfyUpl2K/CW80=","Arj8yz4WliIeAZM3ntpq49sEHTbroKiPB1YguwMNB9M="],"block_size":4096,"path":"ext/codemirror-3.12/mode/meta.js"},{"block_hashes":["M93eu9NOPAf4mZlEUtLQ24p5fIYlAfpInxkEpcDhU1U=","UsEciU9UwbJa0yqNpeuxwXuvnrDpB8gUSp1gqo7lqdc=","+xxwrEsK3i2JAaw084e69II99ZZP30LHoHXfqQjuUNE=","MZhQAfSaxxGu+9SP3Rqv+zuyuv25kXNXM/ZDX0YA9dA=","+rPn7ir1C2bVKMpXqob1TQsbxxrJiNiFCCeTV39tBU0="],"block_size":4096,"path":"ext/codemirror-3.12/mode/sql/sql.js"},{"block_hashes":["hQiD7Gc4xtq04w+G9/pUOGxfJfgF0zviDi/6NVb4Svs=","UdkxTl7HQVfPNtyOsTjD3+gfXv/wPFeeR4B/f3C4MIM=","0IYQgSlEgtBDrJHKt24V1iO4zARlXytf9ItGVGO84yc="],"block_size":4096,"path":"ext/codemirror-3.12/mode/xml/xml.js"},{"block_hashes":["jYabxpYKeIQBRCPbjFGLxUqyxm7e415OVaDvTGtRTvU=","fWdU8ZWE3jpikWxeMPDdUaQgawl1SxyVPRd6BZQBa78=","neBXVqFRFq3feSg6MuCfZVSZAUCLtmxxJ+khMSjHZEE="],"block_size":4096,"path":"ext/oauth.js"},{"block_hashes":["KXQXrj5NvNWhEoa/shCz+6eBdKrGFpnsWaDqfEvjGDA="],"block_size":4096,"path":"ext/sha1.js"},{"block_hashes":["famcLq93DjMMWygr3hxuDvCurbIaQAofvVv+E/FhqOk="],"block_size":4096,"path":"gdriveinit.js"},{"block_hashes":["vFIsLQZB/9JTuYVdccpHgqo5CfYQS7BA52yzykT9wEA="],"block_size":4096,"path":"img/1_navigation_refresh.png"},{"block_hashes":["FpdkgXWuprgvbVHrcBX18pZxj9iP7oO2cam9LC64s2M="],"block_size":4096,"path":"img/5_content_discard.png"},{"block_hashes":["/0tTdNPZuMWKtn+kgl9RiPbrfEXi4RWejxjDGo0pQk8="],"block_size":4096,"path":"img/5_content_edit.png"},{"block_hashes":["7uQMrkkfTNsoyZiVxY0ja418MbWqNxxPzAXHa+xoINU="],"block_size":4096,"path":"img/FB-f-Logo__blue_50.png"},{"block_hashes":["M/5M7sQq8Tnv01YXckUJxa4lkaE5VCpi83cCx99jxPg="],"block_size":4096,"path":"img/arc_icon_32.png"},{"block_hashes":["EMb3Cn7W98MG3o+9vjBTF9atU/CBHNl8WW2EjjSAvfs="],"block_size":4096,"path":"img/china_flag.png"},{"block_hashes":["Cu1A2USG7XPgge+rS2s+/zTBAyTVCqv9gP+lbLnlw94="],"block_size":4096,"path":"img/drive_color16.png"},{"block_hashes":["63mniwbyat5ZUO955yFlp/R1qyHeOAu9JeLc5AbbQM8="],"block_size":4096,"path":"img/drive_mono16.png"},{"block_hashes":["sjAZK8q8upYTirlgTyDbaQYLaT3yh+0j/c7JowpgeEk="],"block_size":4096,"path":"img/fbicon.png"},{"block_hashes":["la90ROmvtvEfWKyGBFlXU94oTUaqeqfOiXIR+1/4buI="],"block_size":4096,"path":"img/handler_arrow_down.png"},{"block_hashes":["BAMkPM7wNqGO6CpK3rJM+IQExttIdRcQlel88vGrAjg="],"block_size":4096,"path":"img/handler_arrow_right.png"},{"block_hashes":["vCTgQJ6gO/KcAYRWejFMXTCPFASsPHFWeDyIgunM+yE="],"block_size":4096,"path":"img/loader2.gif"},{"block_hashes":["9oPNthJiaTf23LKpY91dgAdrMCiC2faRDq5IQLnwdH4="],"block_size":4096,"path":"img/starterLoader.gif"},{"block_hashes":["xNlsT4nF/CewL/KQU7TNDQmKwD8GJJh3ISh4QxHTreI="],"block_size":4096,"path":"img/triangle.png"},{"block_hashes":["RCv6vsBUx/uAa5L22x+VvwO1n/lsXn2xk4gqm4xO6sI="],"block_size":4096,"path":"img/twitter-bird-blue-on-white-50.png"},{"block_hashes":["vMgyxhV0OkfudV21CP0IF0agsgreKyzNbhzTJ/trWMk="],"block_size":4096,"path":"intentview.html"},{"block_hashes":["d3Ff4XXC4183AVDwTqaUfD7y5cu1090zm65HJRWJzSg="],"block_size":4096,"path":"intentview.js"},{"block_hashes":["Dh4ni0tU4fQMYqdFug8qmBT1YzvdWAUjC5Av7BDcPKY="],"block_size":4096,"path":"oauth2/adapters/bitly.js"},{"block_hashes":["sDh4K2mAw3AOw8bUBNxFf2cuYEM6OshxBpOVeQnQj7o="],"block_size":4096,"path":"oauth2/adapters/facebook.js"},{"block_hashes":["mhqxySJ0qjaG3OyGvLhrv801NZVoIpK29Kb72Xll1B8="],"block_size":4096,"path":"oauth2/adapters/github.js"},{"block_hashes":["mbBbqEnA26sLuBh0JSRfBqNiTMPJVioWBB7QLU2aACw="],"block_size":4096,"path":"oauth2/adapters/google.js"},{"block_hashes":["LUVvv3osuJGeCCJLLySfSQzgtC0YzWxQGWP4tB5Ua50="],"block_size":4096,"path":"oauth2/adapters/sample.js"},{"block_hashes":["4Lfs8C08VAgg140017ylermKsAhFz7hG7XfslRW6VXc="],"block_size":4096,"path":"oauth2/oauth2.html"},{"block_hashes":["PVdITNCDp0ArjQoX7RB2vnCF81H2FxC6PINVFHQBxiw=","P6eR9oZnLhV0zFCtzv7UuLQ/ZFjxnaiWmIAsTtPrVw0=","WsNmBJ9/8EmWRIS96u6Hipc9rCxsB8hav9gT3Ue2njc=","q3Lo8XeQz/ejZKPc9rkbf9bDhaFK88/ODv2QTr/gKIg="],"block_size":4096,"path":"oauth2/oauth2.js"},{"block_hashes":["HHx750MXdG6DqUYD65Q+VNzWCWUw6XVmsIcjrEKURdM="],"block_size":4096,"path":"oauth2/oauth2_finish.js"},{"block_hashes":["oeXjdSLVYg7p0wRfS88Im41N/4hzY/JpMasKYbhUWGc="],"block_size":4096,"path":"oauth2/oauth2_inject.js"},{"block_hashes":["47DEQpj8HBSa+/TImW+5JCeuQeRkm5NMpJWZG3hSuFU="],"block_size":4096,"path":"oauth2callback.html"},{"block_hashes":["nzv5aBoUubkzyOmszF5Ygt5Y80PzLTHP5Az0XVPqmUA="],"block_size":4096,"path":"old_rca.js"},{"block_hashes":["s7AD+GTDv15yd8EgIapA1bJkaFmtcf71twrOjZEC950="],"block_size":4096,"path":"removed_csp.js"},{"block_hashes":["r+Dc/KKSoProvOCKSMFNPlnJ2CxgUqttSKIuzGxI8nc="],"block_size":4096,"path":"restclient/clear.cache.gif"},{"block_hashes":["2XOn/5mKiTRt2YgO5D5ZK7T7ETuBTnfRQX2z/gm9zjw="],"block_size":4096,"path":"restclient/gwt-log-triangle-10x10.png"},{"block_hashes":["12bBcUOJIZiQGIGpCXudB+CpTm5gNHvuRjxkjadcfPs=","3bmJMgzHxn1VuPtXivogdChfIgwRMbLc7OXj/oOnb+U=","ScyUFup3M51r26LgRhJfN3e5W6AoHYRZmNtqUpZkBQ8=","FQDYB9tEVfwgt2SFt4L+B6+EoSQIwyio2CNk3D8sTHY=","BI9Gn8q3BYrFxcvh8D3DdJZAG7lA91KrBFg0LTnz6IE=","u3zHL+IpsugnY4qxQ0Hsv3iYAkr0c+c2g1UFpbEai30=","k+LTEOfxxOQR+zPvwMFATK0xsAyN86U/dSCUYQtamps=","wHzFIA5FIiyT16qH6kaLA4Qoxb8o/emDvxz2bB/cYQ8="],"block_size":4096,"path":"restclient/gwt/clean/clean.css"},{"block_hashes":["g2LptUBLzXY9OTbOPeyaqautYBlRW9shAnRgt3CZx3c=","Os4i94t/5VKCaQitEJrqdcNe9mQ0dUjPFa0se+IoaYQ=","ZJLxf0yd2Hv1ivhIgClFlWYX82nkwlKm0eyszu7HmLo=","yH9VftLD7N8yybv12RkrCLrq69L64VB3jy4uBqcfYBY=","qts/x5J2UCdqcSHOZt6TmBq3j3THq7lIbxFwsSWfPBo=","bJo+vVwTyggZW9yU7BS6UEjuYMvU5lieoP8PQFJnlnw=","aRq/60GfZ3uiuElrxKIiV/gkMqRHCtlylFVggY2CIk8=","54bZfmRdkRrU5VUTIXnadjAWVPSKm3BiRVUVeapRxlc="],"block_size":4096,"path":"restclient/gwt/clean/clean_rtl.css"},{"block_hashes":["Bmzsd2WMZcwEb1E7tGnsFsOAISugA+I4jyxT6xwAprA="],"block_size":4096,"path":"restclient/gwt/clean/images/circles.png"},{"block_hashes":["KnUc5OOUAUMjAfc4eXD+dz++gmMuK5ZhehME2JYeZNc="],"block_size":4096,"path":"restclient/gwt/clean/images/corner.png"},{"block_hashes":["Dx7JKSvseMeA2KBcOrUXxJLd7DCFkqwxGPPyuYJRj9Y="],"block_size":4096,"path":"restclient/gwt/clean/images/hborder.png"},{"block_hashes":["kuSmWM6a1GrMpkQvF1rtHx8K0NXjXTCFk4BW/M2NT1g="],"block_size":4096,"path":"restclient/gwt/clean/images/thumb_horz.png"},{"block_hashes":["N06rPVAxrR+C2wmbV0v/MjYMlBACmOFzv41iU7VjeQE="],"block_size":4096,"path":"restclient/gwt/clean/images/thumb_vertical.png"},{"block_hashes":["AN2Rju0C5oHVK54sRYIh6cGzwX0cihyTgSm7KPCtyU4="],"block_size":4096,"path":"restclient/gwt/clean/images/vborder.png"},{"block_hashes":["Oj0/FccPgUOhw3vuN0GRjrBImds+7qKY/UMSRfOquhE=","f7rMNq4suZZBY+YU9jTZAVO7IaAHkJANH3A2IynwMDk=","WGI8MCJypoQCC638v485A6W/5z22tqrOUvqQvjEXnWM=","VE3ScW0wE/oqj6NmaFUB2CiwLwYN7rW61/NDg+0TeKw=","Ho1OIcoDaOcMjHQVL0PtHqlounGrMdCEI8FRnKeZGOE=","SqzQj3R0/+gHJkI5OrAa555ymArgMLh7LXc1LbLb8zY=","p4EyYA0G+hYv1hhPI9z/rFmCkXWBRyl00NHS3zaGymU=","yfa4pwhs1SclRpZKGmXc7kXcE9vGUQhkJsvI3TyxTsc=","N20GG6+TMeetpX+p8N9mdUoFKhI0eP6qM+3CMhxbeIQ=","VT9suITJM/DrirIYXugHp17c8DQilrnKDCjRFFPWr9c=","wZ+3iOgL8wPFyaRPbbnpR/il4lRYwh96PRRICI9HZHs=","L/OZi/yeK0+2XowNvO4bdscD3UHtlOV9oZnAODeUHYE=","w+mOvFuOGBIJO6rC8osxfc6UcwYbucSdkgInyF+SqaA=","xwIJRhGTAXMSUvR/y0oLblwwfzhQX8KvQJKdg7uxOJk=","8eh80D5UWyEzSGbcAEwkBdGubmfU7zBYbyH0C+T/zzk=","9ldR9R8l9cBBAYgfqH+DqaE3bA4p/S1JwE9CX4ahRZs=","gfhxaNa5SilDsNWmbEzfm6Wo5II+xzLUhyjRKZ0OAs0=","2Kmo0wLgUUelRAgBYEoVVKkxLsYmti5HmLoF3DM3tGY=","QwK6daUkE1UsfTk3CEhFoaUOBRSFOdF348QXMIfHhw8=","r4KJp5+YwATElyrM/AfOu7b6DtBCV2EOlKANvEXjxaY=","6E27R11ZNtkfg+msS8+DHJDZgQQeEc4C8qIf+hQrhBY=","+GmHSvX7j2b+irsluR/fs39sVh+ltg75seP91DKqgnA=","ELbARKVrupnFk2lBJTZgi1is3UNpnA6lkjidBW5UuUo=","DsBbN8eCDaTtG7pZtXu280PydqwqcYrTLAXayGGNir8=","dAf3ReVL7m+dtE5IgvlNnbYm7GvVvzjc5DoSMdPcqRg=","YYp6qdMGOa2UNh6RIXAt1xbRxdJJ7uX2EJ9L2iYzScs=","kCk6Dj2cqSOl5UXEV1jB5jMEulSyA1aIHK/PhjB3Ero=","EGssO+3Ugxw0MUpKfzPkf3FN8gx/x7HCkLLAN8mW6QI=","fuzJBEPZMLZX0NDZbnxrYyjyMN12QpN/Otsv8Ps2ssY=","s19l3ezDoWwwyKAxJm/xf45aoyrw9crKZ+EDfHIVb/0=","JICL3rAY0JYFCE6oVQdPLZVxL6t+PvbYgf/RL8PO8MI=","GAtBVYImzUugQc5Wp3GulPKBRSFyelINgJZbdCRBRHo=","f4pTLO6TP1uQG8h9LdLvxVEejYEcOIILFSCcTIpN2KI=","tN04eXg99BpkFHL1s1cUkL430ldArN+FuhhdOmGemFs=","TtRpfzYAZIWhdGpGZ3t8VHoyDVzGZbQdqRYjL0yaN8c=","GoXKxZEk+Qwof5N8fuO9rn/FjbkZ/Uvhg86Pd3tLOJc=","9qlOBX5KjSLKNo4JyL0ZVEMDio3CAImUNEsT0Jdyat0=","+PFwtm5Q2DpLTwLkQqUzV5ugeGAGZNzfj2euB+wOdTA=","HZrekxnLtzGxAZ1mzqNbcpOgD56ptZxkIU4wK01+0oA=","FTzmkpNxfIV3MXKGMIk2fVKLXUTYClJOtTOs+XaDhNY=","z0ed294IXH195qh0bC+Y4IaRfAfZuafSHiucaLPVR+0=","lZhZXND/2ZCZAxtzFb40hycZOoQuUquAVzr3Q32+Xgc=","RP9sFSzzIw6pPP8gbP2EiwAA/e8zRGqgW/BzxDwr09Y=","z8R2WOk/vLZp7euGWoyFTvbGqj43PS+/Tbrq0d2qJfI=","RdvRSm0XeD3bFO3NG/VLaIBuNDNS7S5soodbegbKjng=","pS/s9l3AHyeWkyHW+TkyfRVw0srcPhtK2MMupG/aojM=","3/5EKQQ3HddMHxaQNobZMUn4L06fXNHkpKnLDWcKD50=","wqntVjhZMaPbrXYJtKM2RN0HzBURvqse06Q/AJslJig=","7Tb/OBkSYMNx3bKoQTt7MAL5bEb0LGFX74h66ETcnEM=","RLw0HLyJPF7TdH21xZNLMrHJWasz6fFP2Tc/D518ARk=","H4CIwkTKJ8p1xRMesAMAA/Kx78er66l6gTowILdrs+0=","gBF9/6tleiWapRsGBwMhv0RGqY5nav/2EOOjyc/V73k=","xeE3CMExw4wgdUcrc8i+eEBM+EPWEZSOynKN8OI3srE=","i/SPyYW2heRS1c++MZ7G+OOuRiB2W+HgKGp4uEK+aQI=","JdEjvtMZhR4XeQj8krGRW3B9LGdga2EhPAuONNHUJqk=","9/VkM7lT29u4lpfafzWiDiLMExeTcMUPhiotAlmZWyo=","YiAEF1RewH8+t3Qk/tRpSBpC6+GTZMTBeJdkO4jQ41I=","9N0RU6wBjRq/aCCrGSdL3qgOoRf+rZJejZnkPtLhYcE=","pww+9dKmJmGKDgHqb+GzrnfpNigiv5Q1hJFORxFnzTs=","ismdNeSIb5lTwX9UjFbiRIE4lyOLLRA4jPoeS6b17Dc=","so495IwgnfDaEf7O2wfm9f43Uk5RTJsEzgJ2+DS21bM=","CLoFVnlw5VrCP1vyvu5UDTZ30kYAANPRL7M+lkRNnKI=","GgtOKU37mIPk7KGtgahCDokyBB4hn7/AZe4uc/i9Mug=","xFmi6acYyiA9Y8fIf+bAiu1M6lW6EqQKJgpSK1DLNEo=","xPwlAusqi0pVXpuV8GQy8z2exVC0PUkBoDGw2zvVcko=","ZgCjheJfuXhVG+EXcC8zhzV5IH1cI15cm+3k8KIr3oo=","SMxdfYPZbgU2XViseU63+TeDVb3llT7iaJazmApPYR8=","qee3M0lbN+SsnLTNZ/18ipyiAwE7MJX3pJWsHXRkvZk=","BiuVFGsXXdRlrWQYdtrZ9K0kAeuuWnu3063p8II26rg=","BQOPqvBZGp9dEzEA39HCbUEdyKHmgNKSmhTF/gcyEXI=","wuAH/5rZ+04MRPJh6QU5UzbPg0pbpMNZY+fo0AqTacw=","XWRUHAnmtGFN50EiBAJWaBzlEMkPxhD+KqBmPMd5gEw=","cmLPhW3egBWInHEE9RMK+eJXIfnBd2XROHbRTnQ2oPU=","/r/J3A/tY/SNij3ZTDIh4TvHRW8k6Ekq06oJs0+5T34=","t7sB80XdwGXqYnb2rkl+SymPIEdd+vpkR9+dBgL53FA=","jx1fgJ+jdQyPso1JFg7ZlwrAv7p3zC87tp/R7uqterk=","DoiwZ5am9NmvYyuqCr8b62vFhAJfITqHcvzEJL8wkv0=","N9g/AQAJb4H6NWurK/DU5nfmWbZliY24tJ4MxDgd3F4=","2IRJd/WoDizY54R8aTyH4FuoJlYlEmFwBM6H+Te/m3U=","6ACs+MtN5Ws1zPLO9Iois3TJKRx+ozLzl45DztOUS2g=","cG9ThWXgWrcWshyz80wEgUbXZiL5yI1g1HhXr8g7vmY=","bk1ZAVFOWmz4omHiDb9+BQu4Z8V9i0klPRdXrN+fSLQ=","KFwK67J7j3SjbflVm568PhyFtru7E5QJVxRvGBPdqLg=","ORMv66uQAVOjFzmWbZG3BkupSgKS+oBIiFfe2SVEeJ4=","s19nM/mGGhVjEVvQ5h3+fULGzPsBo8DEJPRNPXWx0JA=","tzuU+HfuP9HRU3d7hju5aY/116aVN9GsX8oRUX8JN7c=","Uk4SZYjeSm8G+kPTJw0+x8oEyNw8aQipsPAQAVIySE0=","CPXDA/mjnLtD2myQW6i1hVvQu1znlzFy6vs6FOjSfA0=","aX4A7OYLpDnJB6j95VjIEHO/lmQ/kK0OqSGcO9oItuQ=","DwJoX8Og+KUOuatZFYq89JUO43iFtgaT7Hjngco31GY=","KOzDVe/+pgE2mFIEQ76b2FxUjFhVkC8oz8YpF/2ViOg=","PhqmigUkPKx1yuviU55A0AIuy2ZFfuUelkbwUj2DoQU=","6BOpkMEJknBfJcLKu4D0okSiZgQSkZvFZ4/AMgsiYgc=","+KLam4r+NIXEDgS2iAINFudFPMZ1SMXyXjsHsxuROVI=","gmnUwZjMozOpFuSMj7yq4pDWLihjeidSrJ1VL/SOhoc=","OOpCtNQwOfQKl7dDt+JFRnDfIGdzCopDKH/N6C9p+tc=","Jf17tf1KgBlUEkycshN8OqcjgcEpGH0hfaPIyfTand4=","lhM3RwDlFfLdoqWNJYl+0gj6x6IIKqvPv/lhRReqcus=","/CXCULQ6wgSNtZm9uaQ3kqOkjwkJ/fUVwLBUVQ7jeZ0=","cwiruhcOEjTxfwbZqH5PqLuIk5V1zkOuqtBhFmPSuVA=","x075zx+o4sixOh1YxdM0oHhwaNzomW/1VhhwTEn8fX0=","6q984jSahZUwW6Ae8qHOIE+rEY6vdk5JrBAGp4niNCM=","mUtguIt41HgzCVsQZYMSiSst6QzUmm2pvJ9D3+Sz+v0=","XJe8lua32Zq00kzDgsC4Fx8DJv6CEf5MECtg0yh8ad8=","qF9d1A8KCXcWkoSPhsVQVwCG/0b+VjbnsGDg17t0ATM=","GYQCDebNqKbWZa6r+leli9/dn2snDxBAkHKOnjoNXBk=","65ywNeYhfkh7HFjZZMKM0zgj7UAtNgcRWQMvIuP6fjA=","tpvLr9gFEqJ7QPuvud+Fds+LsD6TTIUM5yTuRofCN2A=","RepxczXIEENynVdLwxugTW5YBeoZdQxlzY33YYt0CM8=","+jbG9ttVUdMusiaSdrUgOaq+PNjwc6s2WpwlzQpX83w=","lvXOlf+8cQYxgs+7tFPJBW6I6GSbF3vcz2FXoODCz8M=","HD8MxZG6NWT/GaXSsJ1bK5TYjtSAt57LmEdLZkMmM6w=","M32YVxlCseU2MclpjCPqbIpTHzf0Vu+vdzcKv2rpJWI=","8v6ARDkXihjg+p4FyGzLthVS6Akk2QL3RhQe9y3+u5w=","YpAl09MheRzlPDFCA5vLzvfx7J+otDaSuNW6DTruQ3Q=","ZhnbJFPdeLYaP8bzvuL3Dd6s6ZCCLgdcQyt+KjsObxA=","LP05pBDY2jAeKes/u2yttvHHLxKbGzHen9+IigGaqVI=","I4GtTYAxIEeNLrmNNf7eT4+XuUTYB89N9/Tg6h8EETs=","4JvFGQtGYDViKuOvsYNGqo2zHaskNP7m2YjETRogWR0=","k88jwEBekWrf/EYCKTldD47WNVxS0BRNP+qdy6Ff228=","igoJmNUD0piRMU+O8VenNfs5DuUrqK4+YlwgLZi21WI=","EFIjNFGKSVvIZkwxl5zhh2kbga8GiHC7R4wpebFB6i0=","uz32bRsF54kLbF4jDOKoe95a6uSgrvRUDZ7zHIYOr8A=","QFkE/lcaUUXuMaG27qQEAj8Xn52E7dBO1HciGcRrg6A=","c463lD4g5wLdhaLsi13CmH/Jvcb+CHTsc3RoxL7LfD0=","ajEa5tfDhexJgfSgGunHreztQZm8OKiaNO9lEa+WrAg=","2MUfTU1o4FjNi5flIwDLngDibvljBLAPIQLDtujwcKs=","6sKmIT0boi1qVX+04pxGs+C7Mb2zN7sJ0zpYXbYG+SM=","X/+czungGhvqg3aUVh47EQIArQdXvRx0MDj0vcQSNJ8=","zMReTfDelNkdbSz8vUJwFImFR0kUNoX1f0xULW9c1aU=","rThr+3cit3ypRpjjc8bqyJD+lfCjQjtAODYP0muiq0w=","8LEkxFM7sbE2ys5DT2yxRhC1tp/ConsRGMBOFtcEfmo=","A6fDEigQJIFh0Hymp0CK72IJ3LSrlR39GTEdcFbas/U=","yQQWN8sC8kU1+EYvYXBpKfTbye+YuJpmmRp6fhIKMlo=","yGUiZXoyDB064hLaXl3qNm2a3fDwZPSmAIVuCfPLDmM=","nJsx7WiyWhXexvONBaeYi7RRIaWhxz4LFrCuuyqDlnM=","6NLb2YTCjKtv9faIiRfXGAZZyeQkYqso9W7p30TD3Z4=","BRXeBbkjFRV9MJuaKPmsQC8B1Sql77ccotM8aXCjA1o="],"block_size":4096,"path":"restclient/restclient.nocache.js"},{"block_hashes":["NYTmDGvdNjJfngAGH7pZ8MDjVF6Q4m3XTe9+VGo5uDw="],"block_size":4096,"path":"starter.js"},{"block_hashes":["1JdjeJH/pbRIM65mjWFXoHPDVOk+Ts8BAgKllwtUZmo="],"block_size":4096,"path":"workers/htmlviewer.js"},{"block_hashes":["arwy3T8g6+MMOAXUscoure8ljQKLFDb4GBDtTzKk9PE=","rLB43Vg7GV7ZskrGpL++Ww12UU7fK6w4J+uu9yYcaEM="],"block_size":4096,"path":"workers/jsonviewer.js"},{"block_hashes":["tL6jIcOD5OCMehdC4/ZLekzG2yPaA7fcIDMFLJZfPyk=","7P1WSQFMBW5i2Yf4i+OoONfgYocOP2iIkzkvr+z7+4k=","/ZXOpjiVj8gTWZ+8XBB9mxD24DrrzfS+uYJykrO0AGM=","/TxDcwyh33xfZx45uK0rL/gV4MNDDGBnRnCwRy6F3z0=","rME/XbHgiqGgXU9Bluec6oZYmwAvoeA0f0lmgYzI2Xk=","iI0nSqviHEuuA+garDU2S1sBseo+88BdlvxZ4C3qPOA="],"block_size":4096,"path":"workers/tinyxmlsax.js"},{"block_hashes":["r5m1CPXZcd1dN5GaqmFzQxL2tiJWtvCvUE2pc+elb50=","emeXo0pykLXqztF8B5PFq9HYyP6bgK8yVl4efmtdLGA=","TG/tKTjaC1ftgwSP9oMwvkLq8G24y1RPuYczS8yUYBs=","BpoMTmnz8CUZh7XagJMZXPHIgyT6Oe8WddeleLTtboc=","ckvA0YoeU0k3Fq707Enr7lhgM0tVuG5AEgiKsOqG6bw=","i1d8dnmbjLx89fXF54klHijiIJ4j506IvfLdaagm4VU=","iwCQUPMvj8JQoCAHXYlUl2JNumsKoxSTHZJ5hB/mBEw=","iOJsSb8xIQB+Gi0qNr7MXuSmkMapAqgdgEuaXf7IzNg=","3G2s3EjmOTTF1koKqyKUVfPrXZ4IbUHede3jNQ+fLxI=","KM3f7uL5itt0tUnzFP763cpWNwjTV0y3y5zk0yObMXg=","HNEQQDIzmBQqj2O59lN68lRkVUjh3xAU3cMi6Ty4U1M=","H/nR02l5xdM8vlNQayEXuyexkCPPp/Wr/z50tP+qNeI=","YcJJBft8bQ3WEWb20oN1WTP0Apg0ylF1Ld7psZjp8No=","3sioqEzRHH6PEUUWJlf9GKVC56RLctbZoJPlXcdY9vc=","OJA+sxoajelr044Y20h13k/byPQUEyrlMOmPHfyXJcU="],"block_size":4096,"path":"workers/tinyxmlw3cdom.js"},{"block_hashes":["i9j2/GQd6TL8H1gN+pNl/6wS2VqfpAP6SDUuykXuWIY=","mlPkV/BxEvKXQN0gpcipHiinp6aQ9Mqt2S8V2i2+EyI="],"block_size":4096,"path":"workers/xmlviewer.js"}],"version":2}