{"file_hashes":[{"block_hashes":["x/jvP6Fy9cXg/0q+i1IcSFerMuaz4JnEH95yI0p1YEw="],"block_size":4096,"path":"background.js"},{"block_hashes":["5vDJ9CTVa9V+X91lHuez6FYdDZ6eUQIn9VTyqYOattU="],"block_size":4096,"path":"icons/icon19.png"},{"block_hashes":["KE53xDA2arMdVx606NM541o8WkFu8XAIgDXD2DdG6x0=","IXo8CgzjmyMhtGLOrwGC5u+5pG8ySa/aNWNI+M6IOo8=","/543WyJb7oGSgLGl6xRV6FWtw3w/7rRN1ggrTYXGH8Q="],"block_size":4096,"path":"icons/icon64.png"},{"block_hashes":["P3mvjr+4vtCPvTyRViA8+4kQ5dNOGZIHTwrVYxWaT+8=","OpH2I4qM52RnvCERo1u7VWOFqq6ma8W3OBlYdmDDwOA=","UDyumQwxH1cXSDvQSrkfphGG0Kth61P2PHZhyJ5eVKU=","WW3a99C/VTGOfsFHcd4jv2I1E+xYzfK61z4Fadu4p5Y=","OiXR5p4PzqSllRA4pkrlVnAGga/SBmGy/+uQFWvVC7s=","3WoGLH/vPADQEmvyiJtZ99qk1AZsQZeNNtv8wpcw9NQ=","wxFgCByx4PDGp69CkysIKl28F4NC2LoftXWKmNxGLqg=","BqYPQmroR5YVZMlXwDLOUwSxThixqbpVCDmOmlYQnSk=","NGvl2l0dfvDOksFXndsvWI4sHWRYr8+ZsvyV2MsYgiE=","9REbwUMM5TLyU6J9NhD9Vg6WVYfxMQAOWToYOEOXB5U=","kI03i7xqgzBUtm+c3YQII6N5UnfYGd28rq9idDrpS4A=","/lG+vHcs3S+4Oiokk/BM73teL6vrNG8xK/I4WfLbEZA=","DXIZY7+SqlIjIKOi+xAahklxJIw8xvP5KdY7O+i9X6s=","6vQxe9Y2w28/lq4WEYdLKmtbqpY1M2uFR9+3QnUFnG4="],"block_size":4096,"path":"jquery-ui.js"},{"block_hashes":["Haf9IsFnOTlAkciJxBsL5dUB4lyb/Mr8jhRJx+gSl1Q=","dtDrQhBrl6gua+T79v7dUzh/tQ/ici+OMYy+sz8KspA=","fysKMn+uVP2wGlS4ii8F0pDegDwDf3YDIjUVQaH9O8M=","IeDtblTwjAgwkwQv+KVgP6QaKGAauU9VKZr2TEIttwM=","AeiAy/yWzAw4JCdVqE+0ZJTiJHcTTxqBg50LEjj3m2o=","UjiFh2fgqHqMb94LtZ4+CQwZhVNBSUztW5a3APq/sZU=","n7AQSp2gD6rg+QXIaq6nhFJnelg3ZojelvIqf+B93c4=","kLfb3vKYHxKjLujO465gMH/SzBJOUewuLp4G8WQmJbI=","9h7z1OxPia99W4x15hWUfDgnQQT/UV+gTaSXIvmczao=","cIySaK8bC6tbTHtc1OD5BNKqKqLoa/iEmLhwIwjaxwA=","8t0TxXoY3GDcrmMdB8R2n82EjWoWM4dsHhtO26xH5ws=","ja90TByX1aHxHOMfAaLSK0bMmucEIeIZ1oQA5tcIynQ=","gZeUpSy59CQ0YSsts7FCBiflGqHodmMcZtl5eIB7114=","Ryk2pq59EwCtbdHX05Fk6KFDuKzJMp3j5qBRfTW9I54=","IpEtt6Zw5jFrVFr9zcGoEIQUcmOpCdbNLEcrU5PZkTM=","Q6UpYtI4AQgaCIsOJ8+a5XN4iMiC//o0zFEbyGvhsfA=","2vIqs1kbKKY8riSS5Ga4tP7L46LgqXDQ7XpFMrSxZ1U=","VasNZBLnVCiyBXPOk1t19D57rWgc0ixBtrtd1RU7HOU=","jaGDTfuM/zTQjt3EIkD+6nF0f0eCEqU+4F2fpyr+yB8=","f8zUlEW30vmGahqaDNPffagP/yrdxFJQFTSbcJNEu/8=","YfFg8ga6yqirr6+rIgU9NSjk01vDpCng99M8B1dKKgY=","PSZsgihObGcNQjFlrn0P4vx4JeA3U+Kmhhux25Gd4QA=","Odn9h3yj2ykqQiQW2WOU0cKXoYIAWQ/Tq8bOWeU4xf4=","OG1TXCwIMuSBCTLhCASBvHV6zleyOjiGUMFwVg57Z3Q=","yOIeXnkXe5p6Awev7R5ipOgGHDFD7Gsv500H7AGXpYY=","G7bdz1qAxzicHEyfKtcVBU2jX1jtRcaSNBpwarCzR3U=","qK93svRzxR4gOHnilUYpnlDwcLCswWRbXV6wTXfQTh4=","mOg7+WDGeG8JWf/fN8p6epkTHvIF96on/YlVGs6TlYw=","yGVj1/7ILEX9yhzkDtfbwJEkt6Go/C7MZc2TFMQYdmQ=","woRYsZnMsCuWcIQLfR1gWPTiPlmfIx80stktybD5S2U=","40T1qAGjZBJq2tJB9ME8pkM53MBrbQYRsKH5OAc+wpA=","mOKYt8p1UBYF9bvSJIqN2NvxyaEiCQLMZRzRIsr08JU=","YONDr0oP2SD4EmChYLBau4mPz+p80BNwbvTbFy7geDg=","R71Dqc/8Cet/B4yHHxbR1/4/QRfcqX3V/AKsJ3dSvqE=","86v86jcnp7Z6T84MmZYG/aOfFX4FrqKUPrWeUxvJ35I=","9FOxDS6Piv4HDg+IwC1hoCjFey63PG7N/3Gqc07g7po=","sW9O4cxvRSqKJdSvdvB+hYYziyM9Q59YYBxIpPrJHWM=","gAjyLj4mxcukyCyNACYEdusc6Z90HG0moaQj7KaZuYA=","8UbiuVjxsWgEDrTRwhrwITn2zEn4BOt5t6WbRXVKl20=","H6DcStY+zd100OHi31kGWNGyD8fSR03LXp6PgkVA7LM=","1EkW1B60IJ5CRS/uwyGSh8PBsVKoSpsRrOUX7x/2Tp0=","Z3sG38WgPlXrfLdr6sIosVzK3SfkX38PpmzjcZyi4MU=","ZOwwNIaU3cRP0UfB/t3ZMy+cJ8RgGdoCc+C5uJH/pYI=","x8ewT7MR78NnKizN1OFfu25J6Teb/1d2Y1junQfleRA=","uwpyRHB5npLtdnR/CUO/6GreiwWLC4T5BHy2jptxdFU=","N0o2iklUwB3+nVh7DYYFAMiDU/sOsASOVQvy4+yYa8Y=","fmj1RCFb9RxpturhlVDqB1qu/rf+pQsGbS5Qp083OkU=","f5wXuHkc1VLlZOKYhCotCosRl5RZUBzJWXd1WnY0mMI=","X2ks8Rb4xlYEwMfxpgj6Fe6W+tlCa8kkmQ6IwiCUBJk=","7qr5zHmFNcG4RuCDmnOWHvfndh18tWhnKZGbIvX6O5A=","xFhRuHef5d3xy3MEVUDMD4rGFI9nXyzzoVIjre2zytw=","H3eFVrQPTEA5t1F2roaT4+XQ099N3YW/oEu1x0b8jr4=","HcXjHjlhXe/keUWGtlXx0Oez+aD/IFVQCM9FfkhrfHs=","WVickkHMPaHIMjTp7+ITzSunPs8p4KY+a7NzbBR3uOc=","EIfu34XyRDBMe2ha6CQqlAuC2fpMtEEIKlu+NzGAvKg=","Dic7Uyxqy7N2h5APXnWRokjJryo7jfizeBsF1ATU5Zg=","di/TUtpwj0+LxYysQLkFRh0lTZoo04jdh3eQeEVtlR0=","LXhfboSCyagzxPGTQvJ616h+Maedal4+la31xPNNdVs=","vAa5GUByzOggZ8L8feVDvzC5yEaiNchxHVkX2YOLjFQ=","+tJIIf/MfvYBp+eqmACsjZYJTNqDhI1JZU/67Z/Eo1A=","QoJQtVpzvJv7WF81yIqO6vhj/ghkvCvNkL5hl6kjey8=","EXqiQg5qPnIwrSFXSIPWumhUrLQ9ESURfQkGu29kZvw=","Bh59tRM3r4uX38roM5pHBC6/FrR8K9ZTPEpHZYin0tc=","R6xEzns7fO9eLVDrrVMz4cmbqjRC2SrjRr42JyyECiA=","FpoYBMLJx5qv+pt605A0qHYpYqm84YcNQ3V5Je/OxvY=","ZGtgREW2qiawNesC1s/cm2MsrW/amGZxko6ddWJC4iI=","YwU9+TnSza08xvMUXgHKhWVnTjEulDHplMAEDL5Bne4=","PKYEXVFa2moLb6Za1tQwTZ3FIlEAyj/iZt3Om29ozlk=","Mzx4BzPvkDfeMEJUNOFaQwq28eVM8+AmMlg/L9seO6g=","jc5rRQYjRMNtDpt+JylKZhCx9qvA8T0qaer9QEY0NWg="],"block_size":4096,"path":"jquery.js"},{"block_hashes":["/XqlrGxlqJc9I+RJoUuD47rsWmSA5OtzksJWaCTTRuU=","Po08N7H6IYDepbo9UdF3wGfTKasbUDNhQeqbRV9jjaU=","rAb3xOyiW07N1Lau15jkSwcVm7k2ayvyavsDQhrCXL8=","kreSzXYOaVQadBd1+1M5RD+9sqnRuRlgMgfXcLQwuL0=","usbItxOto/iUmHPFd7yWedn9uC4Rcj4LYE5/0ipun90=","aR2QSKEzuOSuQhC8AORd/HR8NH4tSmEVXeNmBQRo/4o="],"block_size":4096,"path":"jquery.pjax.js"},{"block_hashes":["ojO4P9vErpykMjt6nYNUgPzCp7ZOm4YmPyGFLalcFWg=","HQVRrOKcLrngs7991rlDRzQ4hDDmi2RoSaEJcC4BK/M=","rxv5qm4FrLjAawfL7N5HZEblVkQbZMhQLyEtC7Ys6Vo=","4qKEzVJZEOIwWKF4aV6sgS6WHe1ebbaGX9TLU9cLDRM=","aF/hOhx25JplhIfc4YY8pc70ixZy7PQ4oDTuDlHT5A4=","2sVQN87SnQ2pKaF8HxZZCGgk/aJSNQoNqQeGjg/JfDs=","2ZV/48gMzHUcv8PJy2oCUFUWDqF2sbqipYxGrc22fP0=","eCLEWxQLNl6qGmxymthMJpfIobjX6v7s3B0Tt/0jeQw=","Qauv2JvH6cAHM2N7zhC4C2sjmXAtNeMdD/CvafEdSpI=","U/CvNT4gNcUwbEJsGrM487PjvpzVt8SvPOD5q4zy4zU=","PYqT2vihDe38e8TlmRGiYxvkci8HsBWs7G8ZzB+I774=","KEUmsDcH8XGSH61F7NWLXYXGyhpqjS+OoqXMp4Trwyc=","XdJrHBL7Wu6DoczsmE86aLqLBSmqpu17TV4edA+090Q=","NpXcZsLARpeNg4x+jUttG29QNnLOaOstc3GW/3LZYYA=","wqeTV8L+xfsXdAXlTYDHwEVZN6ffypKmatCJ/Q+xsWI=","bXd3atMhKQycmGhZlX8f3HlqxdJBLqvJDj0rqAOgjR8=","yXl1puADBfSkYWuMWKhk9BG6DtXjXETbqHFEorXn6rM=","RHB2uHExQ0+sQfc+zhCYiq23neY9Thyo8LSnAZ0OKm4=","VzL0Nmq08S0vIKFK+roN5T2siF6qPryj/GtmRZUJKZ0=","5BOs16OnsjE6jFbBuQ7eBBFOOihgLwKYAwzXRGQg/Qk="],"block_size":4096,"path":"jstree.css"},{"block_hashes":["wbUYJis9imuVUQer725QnXbIwUWRLqpZgIwZue+i5OA=","iEdnWCr43dSul36Rtec0xrsgjXqiti5tJ64UXxwm9Vk=","+fJlxtGyQBz3c+B0QBIBCrKVIc15bvhKdlaMm0hfpEc=","Jhx/rYzFLn+w/tGXNFzzpx32Cx+DvwmYvOX86fDsie8=","P7aD1liZidJG+JjDKG5I/jhZarXwYW6G1mY46Xsk+Wk=","um5ABfUHW0APPJpcCCPNI/w8TlCpXVjUqvI8QYO4AE4=","Fj0szh4vBCtIrOvxX8GjgjQUOqMxnaP8g3ZkqlPVwdo=","s2siS61JcQjwM1LGpPwWaVSZlxwjWyp6fy9SUpNIf7Y=","jFNXR866ZfqzVshP1hyDgo2ilCyQd5zQUzvpf/hviCQ=","x0me7O4xB7PGDRp2BWA60kmWEHjG/YiiRwRX/EN3UJs=","McSiBSFZxktZ7zcsoW1Fdgu3+wb/qKINsrnfhHMUtf0=","wn/98h/fT8piEPgwa+DOrSeIjLNfjfIGgMkld4UCDHg=","GM2LMFcq+MLYPzA1Qey2d2rfwPPe1w7mbJNa1ffW0UE=","uL1JzCLI5aJ/C3+MUApUSyOBAW+jXkDLSTETTbYK9ro=","UGYptHUfWXiKJ23Uz0gO/GRYeTdqY22m5VeBOw7dx0E=","StfdFtbvpd/lXntxLbsrQLOA48JSASZLvIUwp3zlgzw=","eIttdpV7hphxiT5e3yUKYjO6BH8/T5mswhV7lgeQsRg=","37hTXkWfHCxSRDEjtFksoU8Mdcin5hgIHqzOtZZbg90=","l24Z0CHiVf+iH4d0185aTBVbIAfoFLi1TizcZcFV1MI=","X7CTK1aQygc6N1t+Z/i801y+xalvNwVkGf43qRi1K30=","PDHbKm6bAHD1/1bWlfxtWLzmmOlKXkELoNUqFoOMWEw=","YSmdqEv2KQnrGHvUgWAg3IRoh8fB1p6HOM2fmiI5R+8=","BYTXIA3HgJGW4wNWUIrcSNgbmWLpBtSyq/GGPbH/nqY=","SMWwOR7F18ow2G4Z6wkz8iSn/IKOHt93FjkKjz1xF6Y=","pdAkrTy7awuCPtZWXvF6GwV9pgeQsUDnjeMtNCX1F7Y=","53ZX/WVYdHQKBftrf9eFEgixJNDw8/QAludJkuZhvso=","DoOunCr3qSmwm/vxM2ZCJBBRSZRXdPGug0U9lWXNib4=","zlR0csvmt+SYeysgNkCtIFJY27uyqMtAlCRSWfQPuKg=","N18I/I2ANm49c7+ho4WLGNeLAp9MxT7UyDJ0aU1Ls98=","0bql8E4rFtpy2bz+FQY6Ix1cGeTBGRKHgwiVB1W+eAA=","OSPf0VzKT7MlcBSvAiJEzjKR89OlIThSSF0mg93VUFA=","OAVpP34HVuvwscyXNzIm+p8/IaqUHrpUKzqS1LGpcLo=","I4FReNQyDqJrTw/FONHbZ8/0XLNZXuKfWzyLliCQqL8="],"block_size":4096,"path":"jstree.js"},{"block_hashes":["YHb6ePWzDm39QNYclX3M6lqvQOeBZTign6xOLTDRZoc=","jbAIDarm3VazJznx5Oc11mrjbNwi5GEykqzuBJLmYkU=","8wYXAJ8IZPaIlp1Lyphw5JApBncAKUzJ3cLnIdxRl7w="],"block_size":4096,"path":"keymaster.js"},{"block_hashes":["3xp3+/Vo6hn/djwuzK/UUZGE5Km2U6ybGZsxLbCoVSE=","IVXTfF8m0kgqS9AiK50MXR0VWkhNI1I9oCNGLNmhxFA="],"block_size":4096,"path":"octotree.css"},{"block_hashes":["YNVx9MKnSJIFujMY8+YpSiavAjLZmkdjzbB8AgFl4gQ=","AH3Elri/WcilI8Sn5t+4hAr+52uiXKMyP26iYrItF4Q=","2lxiuIcjkaCJGVM9ggyoA/oK5VfwUMTaFZkbF79sHXo=","xlwRkq+1s2EcvrrKrBQ3lQiLwZzW3IZTX2exed+Y9jU=","e0tY8pdKdqEVW2ZreQFguUCGpYtmLn/xHS6eIeWb7IU=","wEr4m9codwScOe6S/IIN9i4gYWeHEajOa2LTU20yGuE=","i/2JEt2Y5HsbK/wTml74oav4laiqYsJdMFcWYqZ7mHQ=","d4RxU4FyFt1vqxq8q6GzztMGEhPC0u932GWDvsoQSBE="],"block_size":4096,"path":"octotree.js"}],"version":2}