{"file_hashes":[{"block_hashes":["QhoTPLzHb3VPaes5tlCBwMFMT6+O5wJgVQC523utbps=","wfmAo3juZ/fw1udxRJMTRGdlrJpufjlu2Kzl1NY2RaQ=","YS4KSUuJPKBuGnXKMZYfU8eN0aNtxsJYCVkpr5lb4cw=","9GNq4cdO9ReyCVjj1WV/oZBJNSIcDx2JpOmE/A698e8=","lZJ4S7SOtjrp9idS5Rzz9CK12n2jejllhIQQrNWL2tk=","YseGQRdQ3+mHXv8JVxQ6i2PW7ZAEn6mLpy61kar2g8I=","Ovpxk1w6UxcX0G192wHFG0Qbw1y34RByvctc9LpP7Is=","u30X77w0Aqu5OMswnIgBh5XwkMwsX4Pq0+vAoZ3PUXQ=","dg/CRQhqx4RorpdbpAt6qi1AE+d9ps6MdricFACSOsk=","EEqNogLExauUcpehD+1x+vc2t5u8gcr04UiNTG/1hMA=","b2H5L/hMGEFtZ4gorZ7NIBcQPTw0ZpE25JveGsYMUIE=","wnVwfMkn5mCxx1c1UANYpUCMKNSlWqhZDswyQanQ7+o=","fF4/I3Q7TYryRcvZP1Pp6lxjoxsrlhHh6XVinr+j6bk=","HsEC9/NpdQqW11ahEEbyqYD1t78GRNCym9T5osvWi2A=","PJEm8bA355BnjPUDBQWzz2PoQKeipf6utBk7v5dnRZ8=","796yjlhdhF9zkNmiKFGTFgw1CHjuHeeVx5XZilKAI8M=","JI5GNzcbBHkxDT9qrR/WO+aJXQ+csUdXPsS0x5O0HXs=","5wXlsbNn/TMwg16vWcMxivSMYu4aqYPXXQousC1Y9Oo=","8lLKnmPAtF3b3i7fp40P4xzwQFEwxtDdh2w7nDW6I1E=","Rnun1eHzL2UQloylMhmanM4h9rvJITHRmbori6aqoNY=","2aT7+x2ESPSzUKBOBNH/yAInX8jPv2V62mk8HXUMAvE=","dIaNWxhUotoEiOCVSSUmCTVwIEU4+yCCJIIszC5BVYo=","o03za6lNalIurGS36tZ4SDWt0siddX/k2tf4vcF7rAc=","3S8zW0+NuKa6VAuFQ7AjwZgtPomrPVQuEVoo94VHD/A=","DJfBX3H8sscJtk86EtLD4vYY93xkK6YVY4XEzXwatYw=","mXxBZqu3qZiur7v28bXOy9GbhJPysc9tdGoV27QIsHE=","u3+IePhVyJpmv5bYPBiIRmTrwYaE2zHqZ73/gof+5iE=","1SsIHD9h9BGyeEokS7M9VhmwIFFpYYUq3O0yKDMSKn4=","K3jL1SVFhHSdRi8mgtOYQq5rL0lNLN/K2BHGNQg9EiQ="],"block_size":4096,"path":"canary.css"},{"block_hashes":["LRC9TTw7INwNuAAhS6nf+Xwk6hwj5w87F2/oayyNb/Q="],"block_size":4096,"path":"devtools.html"},{"block_hashes":["anMyS79mwPeNfuFLiIFdhHSSjZhks5NR0ra3Kx3828Y="],"block_size":4096,"path":"devtools.js"},{"block_hashes":["g2DNzh5qUuvqd5FL4S4CjJW1m/TI/SuVQgq+LP836uI=","+XTOrvnYJYsEPyx3bLER+T3VwU+zeW1rWMJ3z3UB73M=","4BchwYay8idNgBelKFIIxhtkDnDQ5jdFqxDLSj0drE8="],"block_size":4096,"path":"images/icon96.png"},{"block_hashes":["bN0yJY6iCTGei89j0kbdbVHxmwiH62f7zTl7Li3ZKwA=","WIqQ+j/tvEEKChzdhacHOoUpNx7fpqRRZ9NS9JMeiVM=","IGw4iJdzvypaP8AZyS8O7ZsR4drMo/34DadCpqwetg8=","IqlS4fJ+vioIElyQpOLkogRr3WhhfvSBxGiK0afmAn4=","5sQLEMdl4MZQNgyquY3gQ+PBfEx58SCbNiibK6KHcmc=","qq4kt6mePVlKnpc1ZBZmhS38Ug5W2zG/Gel8CncHs20=","sigL3ZtTA4wSPhSB2lZHzIzlCo2Il2wqpljOh7t08dk=","1FHqb0QloS+oIL93flh7ASinvM90VAaT3zzPSKpwRhg=","uZKUXYlq6K367iDT62VhbQsVPgFoZIjSAYwcrQE7bS8=","kGGfwSpzImpoSeHCQIjK9ZCdd4bbC/H0kbPoMA1F1fU=","FqM01+NItAMZ6vdAr9u+goKydY09NgZLThWNKJDy9eE=","1/sCx2VHbv/3VeHkgcCiIQ+qkqMVVksSBkYWJC0ALlU=","3lZnjLCstk4M3W19Cm7neKCGFBcHMJZEnNbAdtLoEjU=","dQGKieQ5sPyxXquqtKTmWPlkRwnvAzxXXC4TD/5sP98=","gzMu3VpOtTqcskyLo08vQCX1AjluhOn47rGDhzNsnqE=","UHK7myYMv4juM91/UZFL1qKlaT+C4ts38NlSmVC1C4Y=","1E/ePBPj9Qrbxr37lD1RdExqqyB4025lhADwgXEks0k=","lkXIVxn7MgojwiYLfYP7ZTtfE++dza4yLWFuj2wFEjo=","bIF1FEy1GdhMcC0IdcLc1coNWkIPkdSI/KhWOdikcuo=","RfRny0Qpt3zKi8aJflayFyKXWbHkQ5Rg686QT4AJ7bc=","v8rVyZYfV5JWi2VnNZXnN4hTATCDvp0LCnqidcSrCbc=","sjPyLXkrESk7pm/mzMOQvjKuW3ccTXmOET5bgTJysj0="],"block_size":4096,"path":"stable.css"}],"version":2}