{"file_hashes":[{"block_hashes":["pAboj2q8XD8Md7FD1Kumj3rAwfHcUFB/qiUsuCtXXw0="],"block_size":4096,"path":"about.html"},{"block_hashes":["WyJC/K70QHuFLXHnV/+WAh+hMd/wTuIAIAvm2jL8qw8=","5UUA1OhPDtopH4wdT5SZUjDbNkMIylxMNYQQlUGaG44=","t5L4Y+S8MHRcq5Pnd+Fuoar/g1SGFAmPvNUgdk7E8RA="],"block_size":4096,"path":"assets/buttons_sheet.png"},{"block_hashes":["ow+busoU/I+j8YlEuv2lM1qGo7O1ako5nr8f2HajvIA="],"block_size":4096,"path":"assets/fonts/Google Android License.txt"},{"block_hashes":["9BI86Kn8TN3H9+fAGiUUVA1oqMqXlX9d9FQWQCZY09Y=","exKK2hHi3X6eZZuAhyW1Uru6bqJpbr/iZ9KDbtAhTeQ=","7n7P8iEaJ7ws3Fm7vWlhu1+3UA0WNIrqzm2iAHStBYI="],"block_size":4096,"path":"assets/fonts/roboto_bold/roboto-bold-webfont-webfont.eot"},{"block_hashes":["1qtzRkyEqvQX+oERNQ//8XFp4IGwlsSEo9cPmbQB86w=","ihboxavt5W+8rHVxVtW0Q0ydZ5czv26eW3qGiksXh5s=","xse9RDqklKoOMiN0BMSGPaitqWs8/VXwh6gFlDYZzI8=","LHYPvCxWpozGWSZWzopR5QjmvwyHvsO2q1ehdyN+3qo=","OyoBTbg3HDd257mnrKjoL0BOcOOG5vJTAO2+CcftMMg=","fnlLYyEfCKa8ix/HM+YkObEjG/mzfOLcUwu9RoKgH0Y=","neXLB6fAkEceFjfiXusJt1JWQyAsIqWEa+xVTjgNd/Q="],"block_size":4096,"path":"assets/fonts/roboto_bold/roboto-bold-webfont-webfont.svg"},{"block_hashes":["/yTLjHQHw2B3h3pkY94AVBZkRghMGEEHtkkJ5ImCP/Y=","/UUZGyfNS4p73QdydaOiScwGh90DuR3fIaKY2d8R84g=","e9vBTeFmZlXQ+NRZLOnBNVTDlAgwGowOVdPwJXFyaz0=","iBjrXZZFh5lulKdYYmnjOuP+np+jBh070P3/1FnkYPs="],"block_size":4096,"path":"assets/fonts/roboto_bold/roboto-bold-webfont-webfont.woff"},{"block_hashes":["g4tG9Bx0K/XlE3qXouEdH2qs7pWz0N6IHg0BxrQR/EI=","JJLgpCel9ejmF4++PpiYKQ1OgICZSwdCXO/R9yuHxhQ=","YxV3Sy3SA0UAl4LfSgeP3BK4zLF/OXADiCQUa6gJmlo=","hOTkKzDTrRwgBJK+rdKU3qouPMKDQpEyukeXKIKb1TU=","cBA+O2d2Mga1JXzmni32cL6jjhbuXQabQjRn7I58nDw=","/Tj44YXLW2fRse22A4gRuc3IYCOKrp3AK08Av7zftAo=","o7A4Du5GwFnQeAIw9/OHmKw+7TCbBJ+tq3dNxQIHfvk="],"block_size":4096,"path":"assets/fonts/roboto_bold/roboto-bold-webfont.ttf"},{"block_hashes":["Zx9maYQ8y5hvoQMEMfl2+GDmn2DgFKm6vySosC4yV+U=","e94p91L9d3a22XJA0kaT54xas1WacmnMZaY2TKfQMt8=","eJWhnJVZCnq1r/2c7z+dECROMWYJxhs4BeIrm+lvSHI="],"block_size":4096,"path":"assets/fonts/roboto_light/roboto-light-webfont-webfont.eot"},{"block_hashes":["2npU/kjmjuCjeUsSyYyOzx26QCd0BsdD5g/UH+3VESM=","ZbqGPkUQbMXkdhV43q+Z0BKF8EDykZaiUnHtMENo2no=","zHys21gtwhMT0QnSQeqT7eVxe2Qyi2mw/MZonBzVnSc=","DXMzoDY+ds0/hVpcOLulsj8b6N46CIrDAzmqqAhElSQ=","MDMtXhg6SoX3tmZ2SdlLppi/CGyQ7fIrrDdK9kUG7Uk=","g2fK2qHYfxBLwvFkiwdmFjdPSH4dPt/L1liWT/q0zdM=","s06DYWYgbfiPuGhPqKUPR3BtFIyAXlYN2K6Hnv0n8AY="],"block_size":4096,"path":"assets/fonts/roboto_light/roboto-light-webfont-webfont.svg"},{"block_hashes":["wjLUhaL1lGsP9sE+qE/5i/+GNhueDX873Vu/0kkgCp8=","HMUue6cRzNlJNpMsltthrKN4TJCGh9ypBFqGdof83l4=","F1QhYLFY4AR9dQfM23+Seki2+EkRAq8M8RI1rmzDqcs=","ANN9aGumlESSwlpsOumMvE0D+KpNFB0Qx3gmCYI0aUY="],"block_size":4096,"path":"assets/fonts/roboto_light/roboto-light-webfont-webfont.woff"},{"block_hashes":["Kv5O5cVV6Y9JZzAHQJdXqTBrxPPduEgEEYOCBKy2POk=","U3Qh2SoozPDx4MiI1kaEC8FpljDBdsunPs0UOGzARwU=","TzMh+HBj6KHh14e2B6HR/fz3ghyxPJ7j3+lNQHwYFHQ=","06X2OKvrptVuYCag2HCWf6Hnv0ItiswQ+TH5ywJS18A=","ZQVioQXLkQvf7qO8WW8wK+6pRgBPecOWY8MLymEdeAg=","utO1OUHtOzvkUjLUmD4NJzNNZv8rSNOV0GufjvCk1Pw=","NWpPCx795UqQ86hM+ER5uwHhg9WIBNZdIPi8n/jPHak="],"block_size":4096,"path":"assets/fonts/roboto_light/roboto-light-webfont.ttf"},{"block_hashes":["+HfV47tViigdzt9qwO5NxtyegspBObCrczjcV1ZvJtc=","uHiHxN0YZno5BrC1LqgOHiORL0Y+DKavnt9AnObT1gA=","uP6Jd70ckJwpMU7R16pmLhZNaqiAF9pLgYkdNWxAgmU="],"block_size":4096,"path":"assets/fonts/roboto_regular/roboto-regular-webfont-webfont.eot"},{"block_hashes":["2tdw3Dc4VgHmBmZr7WavXMx0/l6sBhvyvB6++C/FjnY=","wcd6lRN4dRK7b0HPbApoeKRUgghgBMtVLeAvKtNnY+A=","Jagk/KbR60K6dYTWsM/CYxcuJL8s5zSE6AlI/Q3APPY=","2MyL8wVl1OkY8LRApHMFEAI90xEhzfe7mFuCI1/vIBM=","Yh/z/jjfcqIf+EVXHhj7HoX7nztt+79rApYB3NhKgos=","nTLe1sixa4m2nIVvxpFtTmPOeiISsdCiEcucNZQfVtY=","5ivoz4ls6Tpkmnx92XUjv1/9TR7es4P7hLDbNXeyy8Q="],"block_size":4096,"path":"assets/fonts/roboto_regular/roboto-regular-webfont-webfont.svg"},{"block_hashes":["e315HkyM4wVUmQi+mhjYNBPdXqpu28h4GW+WJLw6dTI=","if0z+3dlNINUqKiUH58TFro5RFs+6zE8doavXASjuPk=","8jK9YMVA0sR+DBV0BC2s7QHZY4QIQwfMVmuqu4rqPAY=","c2pQ8D+qZpxbACyoI7c+JfOqNrfSHvyrUG/HFjoZn/4="],"block_size":4096,"path":"assets/fonts/roboto_regular/roboto-regular-webfont-webfont.woff"},{"block_hashes":["Rt/K7ffCWv1sbWnsWa8WSSKTfRokCbZWzQThPCO/RYY=","ptw0tsF4vpabQgrCkv8WH+hRLGM/rY5Rr5Jn0LHawIw=","6nRSwIqnPyRL3bw/wYZAwXOOyUqmtRDDgHmdh+SbWNI=","BJ/SH7/MczgmhQog7Sos01RXT+3pCo/Avmu3kzhqHjo=","4HRmsCh8zZg2V5GUUbS3OivWe1RdYIZh3sWKJYXYFhk=","KYYJ9yjdzBzS1H/4NHZ569m/cU1Yci8G3DMHklCzdVI=","hosJ5qeuN9asD0chY55mTlUonGMRR0qvt6AvmEIBuzk="],"block_size":4096,"path":"assets/fonts/roboto_regular/roboto-regular-webfont.ttf"},{"block_hashes":["ooD+SLHv9X2pFFr9xMfDHCo4qy0pPFXUxG09e/I2R2s="],"block_size":4096,"path":"assets/xbmc_logo_small.png"},{"block_hashes":["A/3FewiV63W63y0pQLgF0RyxlSnSZVW7PMOBnHWfzFs="],"block_size":4096,"path":"css/fonts.css"},{"block_hashes":["9RVcx9QeucqXk/4C6+qgDfAk7HwyK7kDkl9XZGWYMAg="],"block_size":4096,"path":"css/nohover.css"},{"block_hashes":["t/DWPxw44oZw2fDsTMEhrLwlV0JleZCfAy//VZt/xvA=","gdmHoJOqwVPKBgL6vma6NW9bInPsTkN+rWx/yz/Guaw=","Zllxcxj5keXK8ePVbcbXPBogMU8jt6McYHXfEgtyoDQ=","vWkny0LeDcCRMECAwPWhf910scCxeTtwSTY0uzk8G8w=","6rkVo9qBa5zBB45tlRKgcLbuOh3Z8PQ+cg7iGaOAyCQ=","Nfs+zI0AS6aM8ZxOFbnfBcIxBuyziHystoutWpDaKUI=","Nskbd2HAVEO7p1YLmX+T2NXmrbTWDr+yHzjD5rCIVJA="],"block_size":4096,"path":"css/remote.css"},{"block_hashes":["Rp73N7i5e8IksMWKf+jEKFoXg5cdYAIRL7GEtizqifM=","u6VlW4YgAcctdNqR7Ei/NKE71wD1Jn1t79aBkodolYs=","enMdkKI88Q5W45/H7Ne/j0gphyfLSR+aGZJbO27qRPA=","SVB0Vf6uFt7yANFzMkzMKcQU96tLTnUd3ff/aVgdxQY=","nB0Yaw2pKabqwOI2h0zJlVRIdDB3fb6lVAbVjBrBEDY=","YRxrOYRnRc9gabgYVkRk4C8Sj1we90J3sgcjr/3lZqo=","8zQ4Wcuiu8/T+ZnPJqc+yj0eKVdSzjYpn9P+yNxkBlM=","XAvHtbSfomA7OlE0GwrziXtm4kiYMDXpQ81XiL/2c2I=","xqjIN5s9Pk2e/QAuBGCYXpAiSnCcw2y96WWT/ZUEE7A=","USiR1uKnRL9og4/AioSLCblJEb3l4MGL4xu+VlY/zSw=","G6foFNkE402fBSI9TTEAXGsiRf9RKgWBNgYpyw37NN8=","v33vbofaJpZ87p7IkFYWFfYgClL/Vxt36s5IAiWYBsY=","7BBOuBWMq9n5R+15rNNJStlJH0HJR9ScSMm8LyU9x0Y="],"block_size":4096,"path":"icons/256.png"},{"block_hashes":["272eiQo5KztbFxsT8vOuRadBBNkSzY79/SqI5BMVnLA=","mnCIAsuXCby4V7HoNFRyPjQ7lCGORgH8cM2vkFDtFLg="],"block_size":4096,"path":"icons/32.png"},{"block_hashes":["etXSI6mp1g1Vw4ANeu++WPcWmWoX4P59tYZ0nzm5Pyg=","+HMkOU3eCBaTADCw7z+vNzsRusP4jAjJxo1EqnGdUzs="],"block_size":4096,"path":"icons/60.png"},{"block_hashes":["RRi8ZhS8G+ZW8PkWRCvNas3HAnOGxNjMxyyZ+RSyURA=","734TUitnp23dPONYUt+C6iNz8jDG7tjHn7lg01Wg3h8="],"block_size":4096,"path":"icons/64.png"},{"block_hashes":["ezWlW+YcWPVMUDSwgo5p9HZcheo0mSnt4pSbahfUFwk="],"block_size":4096,"path":"js/about.js"},{"block_hashes":["i113R8IF4eTk67gabLqEcHhPtyWXGxqxqOM9DILcLII="],"block_size":4096,"path":"js/background.js"},{"block_hashes":["49Q9NRz60kX9W8DPZvLKPjFmqnP0ajS5FyAFmUoezic="],"block_size":4096,"path":"js/enum.js"},{"block_hashes":["FzmIGtNwqYCE0MihUBZlOC7O/9XocMHD1bf+ThFqwA0=","RNOXC4EHAL4tjqlOy4rIzTzKzyQm3Jysz2TpRzOukwk=","n1F67gavBIax8YFGjTj+w7OcPLyteYGCrUv8rZHJbhA=","q45tKxvSZptzlAQzaq884JKfHmeaOhRNboJ+zvDf8r4=","t/+/vTDqZV+TuxqsAlIgSmRNtcBAATDZFpR5rYmoLQY=","oJUnVNWYTqAyGf33qM/kW53bKVHcGKpoy67g98AuBTw=","9xFJa6m2es2O7rrGf+k4Kt2/+t4r62djhYvUka6Su5U=","ZcpQbDxGi0b3bO9/r+P/qFrcaFOf24enT/Es9ab37XI=","ZBeroAJz4SY10plA6Swqa1zMFZVYD7QLFC9fuLVgsM0=","AyJcAUb0mKhjnbfGPpLZlge5GAlp4bNYQ6PFK/Mkh5s=","iOXFM7rrqlIKd4Ug8wtAKQ1rt4wy4UwtwK5aZGFbEC8=","CvRLlQK4FB7rgUHJQMbYKVGQwe24uaslZehm8F2d4WY=","oCTE7RTeH7CXW1ydieMQgFPXMESqzPKUdDHqXrkmFiA=","pSn1fatQUHbN7gDzlu1h0Jb5AHoU0dZxlVQKH0DxUds=","LFkbVhMMuFIlmbFGuT5fUfdN1pdHxmwBXnN3A3csPf0=","Qs6OCKk3rRubUL4cBJWcN7an+aEK9zUn0eLwtvP4cII=","iFafhzmVgVzBsc3KpOo+m4H3fhGTM/+2wPrfZYqR6iU=","Rok3WySHk4MNtWxWjZG1J1v+ldkB8dPO7LM7lgggNQg=","vfYXNkadI9wdfLLxWL0veSSbfZNRwbITa677QBh3tRQ=","baJlBtXG26gkt3LyarVYXf1sTNaRoaih+TfrtxXerS4=","ve2L+mymV88uAoFUaMjXTTH3U2k5nba5D7ayKx4TtYE=","kVBNCHpDeuxWLrANw7RizhJ5Sx1dojN7n1NOZdNz9JE=","7HfopAG5Z/zbhpcXy9M4CT7SAK/ne4ZldU8qKnJj7M0="],"block_size":4096,"path":"js/jquery-1.9.1.min.js"},{"block_hashes":["O2kQ7hp5VPH5jbcH1allUUM7XtSD87a/CTCZdYI5LTs=","R7jqkcpLKE8fp772esEUJSICVpupVAgSQAWaCnUJN8o=","3JS+Cs8xn8wPrsVyM4HYpwls9AjF9DbmksqKYnvd4ss=","YWaA6PUMfq3dgXOwqAl4F7EIoB6qnpgCn+F5loL1iN8=","exnIxBvzJqeb8QtjxokKxM/jOjc0fdyr6vgXSDWZwWY=","5PELeFKp+8KvesI73hBRW9Tx7ZcUy6f31EAvuK7qUVM=","YM7hLveTiEzrH3MJBzaD2r3YeQ77mmolAIESaotk5dI=","OWtPJEDQIw8eeg2CEPtzbdgKiphjwu48i+BC7tI1X9I=","5oPz1u0RlGMAqXWnO+Q3RRPRQnm7Doz1t0arIj1Lyjw=","wbAF8fDkyZotjJFtrEe5MaBNHV02X9cEUjj26Lcd0AE=","ebbLyF4ggJBz7+1wdn46Oixhv7M0uRTUMSxXK2gCoRA=","Y9AB9VNMczzcZoBoPTi/umLLqUAQ/gGE3V5CX/MAg7U=","Ehnip0pJeDr/SPbc5Wb2D3C8Z/lOjyuZXX+kYLDHUEU=","55hCTLXJah/SO6SE+BVJ5NBDffAzWcJiXxrINFUXrSo=","vzDie7kPdCl/aU4qErzoJbsUDw5/UgfQVBeVaMgPY18=","tEpr4S9H2/e930MxeaNQpSYVwhaww7who/kbTw0yYhw=","+66RAxvaRk0YE/8Fz4Y/QokMOrHvNnjm8V2Up4hFL+4=","51YozuhVT0UUOiGA8kwAP9vPB9sXtc/alSANUw1V+40=","p+gW2ZM91ddF1v+sRKut5Vg/l2Fe1xY/Q09ko1M/GoY=","BK9jKXYS/VsBYQKh9zVsaI89IcIqHPcmxeCq9U+0Euo=","GECn97OsyPcvgsK6LoZbdxtYpcoKCRXB8RSs4KN3zhc=","p/YlHakOsZLVz1MuU73cSreTTJjQ+KadJjzUYSeeCTc=","Jl96DDLVMm4xzTtgBwU6fC5SBlyNOu4Kvk2aug9eHnc=","+PG5jEffhq3LvoZZ1g6TCrohwWQvsggRnYVFM1pHs+Y=","ZIMrYvIKkUpflEnh9UZ9orbLsoRPZquW5jB6lJle34E=","eQcMF2Sb9Tq6KM8teWndDB5E7YSsGps9VGnR0VUwwZo=","bYcEA0YnCb3vMiij5mTGlP0aBcNBeDtyl/VJJLJ93H0=","B1fLqlorxvPNdXLfK4EbyLTWrcdZIxXNTP7BrTKvrTQ=","OOHwsiAjMJaCf7QuQoYDTtEtXL/9VMXdNsVsW1m4aMw=","aLX4613qUUHpz6SO2jWWkbJdrO6DLGWyhvtz+ruGTCE=","842kdNh4VjCHd8wx8Y9b6+sGOAGtjD3X7VnrF7++Sfc=","NwqzvkdfToSmCdlg/Vl0yanK3yqis2U9pFyqz0QfOqc=","1t91AmkTX92/Z33r9fsYNt5bqba/X96jOonXRxWuDzc=","nJk0uKip7LHX5B8GobO5BEhjbrS289DHvh9IO0LQKkM=","eizuhE6t/kOxQcyxKZgjBzUdPDaEkbcWiVQPSGaIgns="],"block_size":4096,"path":"js/jquery.min.map"},{"block_hashes":["JogJpH716HIc8nlWv7FU2paKGM2bGOjP0JL405sQVMw="],"block_size":4096,"path":"js/local_data.js"},{"block_hashes":["6qpxsPuJBCIe8g1O0r1ZdqS5K803pX+KihYEw6qbui8=","5lCvQn0ueAztxJ4U4lZBzX7WbADF5k92YoH287QC/+s=","nSIHzZYQim0RwXdRcZl+03B/BhFJdpUHtVcJYcy2msg=","4JUOmSxwoaDxDQIDX7XERlr1PFT7UhpFwifKB+jSqIo="],"block_size":4096,"path":"js/remote.js"},{"block_hashes":["XfEMDPr0uVnFKGjR4IGwyw7uiC4E9pT7uRIsLLzMx8s=","4A/o/kKnS4Segdt1+NVIMr0jJi9c/vl30xiq9CppGm8="],"block_size":4096,"path":"js/settings.js"},{"block_hashes":["OhQGwOrzo+LoalEVDF35lNTLjum5loEBNJEWL9MpNSc="],"block_size":4096,"path":"js/utils.js"},{"block_hashes":["roAypsg+QlXtFIFWJG8OIi/gV+L1/io5E0rzmohA63w="],"block_size":4096,"path":"js/xbmc_socket.js"},{"block_hashes":["OFTne67E0EQkI9nHKVJbqcYi4ZPull7AfZRskAilC/c=","lYNhzsMb3r/xHGChFWpsIMhcIox+vNKTRwuEhi0iOCg=","l7pPE5vpjw3dE6TUbD2TyV+1fqmeOUa77SMYDzK8lhU="],"block_size":4096,"path":"remote.html"},{"block_hashes":["BtwiZjDOB3n9evUphUiFRJOfQqqtOeu51+Kwt8cks88="],"block_size":4096,"path":"settings.html"}],"version":2}