{"file_hashes":[{"block_hashes":["UDdbDslq1DrkLjt7hmbl/p/dtjMgWOogqkx5Go0qqFw="],"block_size":4096,"path":"EULA.html"},{"block_hashes":["k4QKuVCElKgU7q7036KbcA3bLD+zVUNucZrK95euPqc="],"block_size":4096,"path":"css/content-style.css"},{"block_hashes":["iJSlPTyoxtqJG5vUUtggE7I/eAAcJlMGu2iuYRibKAg="],"block_size":4096,"path":"css/page.css"},{"block_hashes":["avJXBpsGDqmVXCIJ1nAq60LTsJEjgaSHAtMOT0+pdPc=","mmuftKqM9LKvOOxwD0QVHAEeom0snrY6QS1dxzIT0Pg="],"block_size":4096,"path":"css/popup.css"},{"block_hashes":["uBdldWdQV6Mo3buOIBFc4xOsnyo3LzlW4UEtgL+NZ+0="],"block_size":4096,"path":"html/about.html"},{"block_hashes":["jLrrFG5ARIFP+4Q9j0HuO0AoDAp3zwxc3BR+y00t8io="],"block_size":4096,"path":"html/background.html"},{"block_hashes":["O3eVJgrg5MLQdMFJm0zK8UyqDi4QltckBKQOhmXA/2U="],"block_size":4096,"path":"html/options.html"},{"block_hashes":["8tN0mQ3q4coj3Dw04SGu6uEpujdz9y+1mgc6/uTk5Jg=","Ma4qlvUk3w5C/zPJBkdCgrnmWFMHOKQHGexBHta7Muw="],"block_size":4096,"path":"html/popup.html"},{"block_hashes":["OrR1KK82aZJI+M3iQVUeBRXi/rlQFr7taOEVmTDkboQ="],"block_size":4096,"path":"images/analyzer-icon.png"},{"block_hashes":["L+8uJASpLdt5Kn9vymdyKsyigkgOhVPbXtnaWUt8nm0="],"block_size":4096,"path":"images/checkmark-icon.png"},{"block_hashes":["CK/xUaBqWKdvmlyq1nQf3EvxBFjVnkZ77XiyqpWeeHQ="],"block_size":4096,"path":"images/close-button.png"},{"block_hashes":["/iR9ljnuCvPifJrlAgwnynJ0fm9Ixk01lTR/gwVeJKI="],"block_size":4096,"path":"images/color-picker-icon.png"},{"block_hashes":["VqEmH2YQbR9qnu+QORPDe41kwiN5KA5fypCwlydSlfo="],"block_size":4096,"path":"images/copy-icon.png"},{"block_hashes":["ymcwOWnUJbCw0a+JdvOOOPsL9IrDMFF6vphmG4+gzlg="],"block_size":4096,"path":"images/graident-generator-icon.png"},{"block_hashes":["3lHAdjGVFGUW9z71673DQpzrLFboFdN9MbT9/8peHns="],"block_size":4096,"path":"images/help-icon.png"},{"block_hashes":["8DVPiaSJ4PKpVrT92G9YttgqsvYw1GUDTeMWqjUQU+s="],"block_size":4096,"path":"images/history-icon.png"},{"block_hashes":["X9Cofjf4w2KGUqLMVt9hvwtQNwYjKR4nsigynw2sePI="],"block_size":4096,"path":"images/options-icon.png"},{"block_hashes":["nWh54JdNg3gJ7JhEVkSkDmfFlLWmg13j4XP+qFlOsiU="],"block_size":4096,"path":"images/palette-icon.png"},{"block_hashes":["fbWp1hRiPm4NfU24jUQT82rrEn39bCO0KqJiky3PG6Q="],"block_size":4096,"path":"images/pipette-icon-simple.png"},{"block_hashes":["/LXDM+MT9LZygogd5bFCKxt6xVvQ2WyUluFlQJix2VA="],"block_size":4096,"path":"images/resample-icon.png"},{"block_hashes":["IEKC7bbT1xRjWi1JcIdxbYMaLADrEHjvRV5ug2N6L0g="],"block_size":4096,"path":"images/warning-icon.png"},{"block_hashes":["dCQE+u9eIWkj2ZZDAU5tmf0RF8yFDs/qm1GBMyeLki8="],"block_size":4096,"path":"js/about.js"},{"block_hashes":["dbIzOWHEViyxwsXW+PN8MhuVtps6dKfM3h6tBFYASNY=","UOC4XRF1gcyvNqyRJqo+FHWzOL9BQ8tQWYmbm/FPNLk=","RAN7ivLjkK1NGOc5QYWc9ywP8XJBagrnXUmI+1g9D90=","9uxMWs5r+2ovuhc1tpOPXhaXChvCjZh6V71YJDscJa8=","zS+PEB3ZubWyftwTMl79l0V+DT6/kK5g2axNcUE1ias="],"block_size":4096,"path":"js/background.js"},{"block_hashes":["NmgdCKDzkTvbAkF65YLboxMUXM+zRgz0FyN5VqDfGKA="],"block_size":4096,"path":"js/chrome-utils.js"},{"block_hashes":["rBo2dsR8PszPIKJ+ljhp9MuqQClj1gh9aiTsjkZWEPc=","On6Xoyyw5WlNu3gjSoYpLgR181ajE7VQq2LjA0Hail8=","X68GL9161p+D/OYlhWsExG+eWTq6NEZOLVAQlWp2ClA=","Rbte41NQciUubA6HAEGrzClH/XgEnebS4AnnIvbyTGE=","TctPiKQT9SKGTQaMflsPKaAN94LyzJw27/rQ1m8Uj74=","8jWEwxOLR5gPIQNLt/rwuJ3Z7rgcPw9555UfwIEBaCE=","YnIwgojOoxgvw2YcOxeUlPpn6XVnehR0ZsV9m/jJyvY=","xkOtsr38SdVASCPDyxuc3BMiXjlebc2kc4jF88Aa8Tg="],"block_size":4096,"path":"js/content-script.js"},{"block_hashes":["DVG/dxCHpcC/2n0aJ07SZXnanHbp8QqLgiNzwxQYtZY="],"block_size":4096,"path":"js/global-shortcut.js"},{"block_hashes":["N8qPOYcfxXqde9HB0KBCUWTulM09xZcWhPiStNSXSaE=","1t0weT2YZsCIPRbm80hUN0pdWs3Wi/csAZbGQpshEpQ="],"block_size":4096,"path":"js/options.js"},{"block_hashes":["yjqhihEoDbw0+HA3U5F2kXNfb0ijapVjVJK00rjxvt4=","4mokysHu3uw1wx1dC23rT8Jere7NwXdSllywwAAhz24=","0IO1he3M5rfDdYvSsSf5ghGlm0W19mEDHL801EIMk78=","GkEpt4tJKpcM+cVG4JUkkj8r9ersonp/x4W5T2Pfvtk=","0uNC4Fkczw4myDv6sreEvYKQGctpWlMtK7yVFwib8XA=","J6vitpB4WMQW1A5WbvPkqQP7mugQmda7oSV20UtckY4=","nmtK3BD69CyNV0ZJWz5rUdyJ5nbs3B6/a9uQ3fNavxY=","1jhUYm86NcP1SENTbbCYwfMZwNMdhQIzv18EzPFEVF4=","N4lXIgK9rAI60PdTzo2mOY2eICxP/If2miL08/pRNHg=","QEtjy9KogNMoKBs50+dZQHvh8KqHie/0fbhWJt+khOc=","V+o/t1dwblsPOCQIXrpKo9s2PO6HyvgLKEliJKNQqd4=","J91itjNWdAqoWRsvXp09STTuO/lKsWYZRPoR3rgrw60=","7Yj6jVf5DGA7Ae2vPVZ7ERXluA2+67OOaSqjLTVmXqY=","isqws2nmgA3Sdx0GyTX/0w5A0xNnlDm2qkU07lRHzjM=","Jc4MA8/n7SgGXUu8nb0hE4zI6c59O3HyAsXX5ahzJXE=","oUm/j4QELF1cMbvNx5IMveyctc03qx2bjv6LGvWdhYM=","WoBjwkE+OAd851eJbd45GGaXz/j9JVT9SxT0SdTrVCM=","BD6jV/UTVso8KWJUrIXBjClh2l/G0N6ILamcsRWTJ9U=","nG/lRASZDQT/nCga86D0sbett0B6wW2vFLesOjViXQU=","PpXy55jKGnTzNzp3GrFY8SMT9ZqV2oLXOtJtj6mnQ2Q=","42gockTkyNdHmgxuY0LnEEp9H7LCoOZ0HO5EVF55JOI=","/6NCyS8IouxXNQcsAI0MdC5gCkj1gi/Mjdy9dmGyc94=","Cyfiz7M2tkAXmbrVTb+Jz5+QRB1jeVNRpUJYsIlUfng=","7aYQwfUF7B49INRRNDiGm/7phJftu6iRTO4c8M3jpOU=","DIfYSGbKalHFvt6OKtLdmCNoOxOcmtIudtqOFdtuo5U=","346ezS140HcbhtkW4IFvsdRdxTk5BYPYn5/4pI/ezyg=","3vQDBTd0JcQJzvdEAtHrWZ7M7yAg00rFGgtXa4xhnSE=","DQYqipcAEg/Ki4TayT/6EVF5wkbjBFcGXE1j1l1uftI=","q4ku12Zi3jU+XdHotqiJJZ2Gl6oQVhMjyKnoxNggdf0=","7EEnvLCIv7YzWUuDlsHpk0R8U+3LMlgvNDMs5Qo+6bk=","oGb3OZ1bant5qM7ed+eUn3pU/GjIsrtW+eFDyRmbOvA=","I6Fxl/FsjGPJKzzu6RSvTmdIkeUMV7aAubD4X6994us=","YqO0wYjS69G+pY2jEtlQbUSkvP/WTnq6HDW9EcAffIM=","KqN7N05yJP8hzajzpDljvrVpoz1Lw21OFblPYdT+KUQ=","lcSljCV0aAFljg7iAPa0A5jc6YNA1KQjkHJqGeyZBa0=","9QYmn34SBam3wRJcDTw1n8PIqknl5GsSNKWTeUA0uyo=","cl+/RlMMPC8QDExT688tTkl3deSr0arJXF+PQvn59B4=","cEKnhJAHWgncjhEO5nNNJEfNsaVj2hDN5ltqgu+5bWA=","pRu8tIe8lDbU0mmcKuGQ8eexY3dlPd36o+ig9liS/Hs=","L4S+KVRN/NFiaCDdNOfAMbvLUdhxOTHc+SfwLZ1RHmA=","fbMjc8G1zKc6Gs0KIySHcGuzdY+DtaYFS232RsYyZAE="],"block_size":4096,"path":"js/palette-db.json"},{"block_hashes":["jLiSdosSpWVE/yX0bnWJP8BbM4cMV+OJO64bSxLxrfs=","pLnbD4ip7vmrnWGbquXJBp85uSccfExrkkY/xgKGJt8=","jMM3J/PIUhTX2/9bRmXUNAu3Ob373WiibRyeUyNI6OM=","lnlea5Pen/LCQuSq+THPgIa2thQARiPoVnI7/hjpjFI=","OglvzSKnQoqFtKmZrc/iXRfqmGLSJ0TOGXk1/ivYkoU=","Kot8ZQFqHQyfh0c0aYVE12moaVb3oKlw8bR0xnznqpM=","iBdhVjXY4tdgKV9I0apMcTnsb7by68JwrcVdffHC5dI="],"block_size":4096,"path":"js/popup.js"},{"block_hashes":["izJbGjAwfIeFKMauU5S9JvknUjQE+OxsTjvrmN815cQ=","NW6kglPSWQ2nsjShg8DmY45MzstY8Y4d9m4aEJVqfHo=","hXdphLAoaGXTPxhNbM1HJdg1+ChXGu0cReXmSL/8EcY=","zkIbYi5dOezWQaxbidaB/QeX2O5Q9nt7dRSGZJJwn5g="],"block_size":4096,"path":"js/utils.js"},{"block_hashes":["l3kM2KKGCeGWaVUnh2JUFPsluMp9FlhvR3W9HCm/D5o="],"block_size":4096,"path":"lib/jPicker/css/jPicker-1.1.6.min.css"},{"block_hashes":["cxURGwijMKnD7OMmLvSyvGMOZLAqBdnuXDvTDHdwQu0="],"block_size":4096,"path":"lib/jPicker/images/AlphaBar.png"},{"block_hashes":["iJqaO1X9OyhGnH+AGoJXzXNYwbDbusn8jFfqILFRDXE="],"block_size":4096,"path":"lib/jPicker/images/Bars.png"},{"block_hashes":["c65LGzTN2HvcCAqMS5jMcKAdXNYMjyGQLhniWMvwWms=","IAcDSXNfPz6yDSfe/99vh1ORW5l154GyGQJi7epvmV4=","B/opcyzdwaXvM9tT9ZgkqfwCIm6Tls6l4MphVWwRNjs=","rN2bTtBFU1wW9PAyXfvcWUPqLZEOfi7wmiMujm/3Ky4=","Qz63ZpQ4EV6pYWixy/MvNMSBIr1DNoe4VyMEeAAJBzQ=","vyDir+9Z41nd1WbG/KVWP0zjBekdXQSQwVrPbofk844=","ScU+2e7zfx3ZpEz2icllJT/vRuG1vYbC0UU7z0BlZbE=","WwqAb0FozHQwXQQm8uBwLRrhRgSoYqhDdbOjC9tR0t0=","2SGgA/iTEcsU+M8qYAB+hq6n79Dc3mk73AcxXYl+5ZQ=","ynY6aMFY26XhMptMtC7hnbmIj7NbOv7kX6ZsIt978+o=","ztYoo79mxCbPVQ0MREhidMJRd8tDp1wNzrUeA2m0pzY=","txyFY6bLGMjkC/+MHGP9gvIilVZqGH/McyarIVn/k+g=","ss21P3StgPlrM+6li7VlEmyCjVSo8UD5hVSemrXfzDQ=","WXmqvAT0bZHgFmsDU+AnpTAl45QVP+rNc4Jf0fQnr7c=","nL9bOMY1VNA1NvoQAZskY/Y5LrRVCiZdOB1Ej51INN8=","R/QMO54BA54ZQi7n+570axldUuZ14NQ/M1qApxtNSgE=","gLsxaMZK5ZcIcUDYPrfIg0B6UfPXw/bW2ievzNMOPe0=","laYoU80e2ETlZz/ryhWkD5JY8JPtGd14/D114WNpMqI=","5g6eNq14pTqIjMIK9gGc3utVm6uCo8rgvgFQM2+pWaA=","1bJYzmvUkgSCAIT20bwov0FcOf46Q0s350HUHQA3T3g="],"block_size":4096,"path":"lib/jPicker/images/Maps.png"},{"block_hashes":["rcmhq4WYyqKL6TOftQhR4LqAmV/iOvOIiQxwHkUh6x8="],"block_size":4096,"path":"lib/jPicker/images/NoColor.png"},{"block_hashes":["j2DqRhhgSoF4Jdh5Pyqk+8abnPiU3zhrKoz2TmwQ3Ec="],"block_size":4096,"path":"lib/jPicker/images/bar-opacity.png"},{"block_hashes":["vyWYWv/iIz3DuqTuWeKcH716SM8HSTkC0Uoaw0Ttbyg="],"block_size":4096,"path":"lib/jPicker/images/map-opacity.png"},{"block_hashes":["JWh0IEWNHzHjmbG8WiXpWm3Oi4mO1/nUNh/2y0MKfEU="],"block_size":4096,"path":"lib/jPicker/images/mappoint.gif"},{"block_hashes":["OqVZL051PwJEhmpAucSPztOY0hm4vF7nbS1R+flSybI="],"block_size":4096,"path":"lib/jPicker/images/picker.gif"},{"block_hashes":["zUHkXgqT3mpusE+yYXylQW8njixuVEKUgx6/c2dbl8k="],"block_size":4096,"path":"lib/jPicker/images/preview-opacity.png"},{"block_hashes":["0TqlGVCV6y4NmQ1Ij/TF7WUFLmBl1wlGPJftDSXPZSs="],"block_size":4096,"path":"lib/jPicker/images/rangearrows.gif"},{"block_hashes":["UB0PCpI3cGf0TDTx5FxANnesuQB15W4UsVpIYM0O9UU="],"block_size":4096,"path":"lib/jPicker/jPicker.css"},{"block_hashes":["wc4w4ZtuND1u/iHbzzoxIWGwZDuoLT3+lzhdyic3QYo=","YUA5umF350ztTJRN9ciVACbKiYQUzpZpUF3P1FcHGkE=","xEgeg0rQTUa//MSCVCMguZ/AZT7ExtLMixatHr38BHk=","lcZwntkTKa1/jYtpGCBtiW/R2neyiGb9G6Nz+zEZ7RA=","ZzbAIEI762tOEojWXw9fUiSzEXvwBIoPT55a9rtEXmU=","cCB4iQwgXwBjT0qmgV6tmBeE3xqQFrAsj2nvIjPbH5I=","+p6WK0CKD9WO79Wt8MFXGJdnp+cOJuVSRrJEilFJjOY=","ltAw71KYGeIApEAQpk76PQ749XeCB85q0BbvBXCBv9o=","2C7tH4Brw/8u9TFO/b/ZObKPmDex8DHUH8Kcrww1EkY=","B4DOGkcsH8zqywX2420+bYiOaPixhJWaZnkVL0s7T1k="],"block_size":4096,"path":"lib/jPicker/jpicker-1.1.6.min.js"},{"block_hashes":["qN3p5XZU73px+85uF2pW1s5meBfqO+OvhtnR4a8OyDA=","oYv3rDdKvYg8vOqbHLEf+q6wRBymPrL8CcMEM8n777Y=","ePHOHN8D1V000Zo6zYFTn4jL6s5N2q6YfRqv/EHylOs=","YWMI4YyHmLzK5oz2AFzVCsv4MmGH5Fwyg68Htk6y9SA=","ohX+zATUbGFYKBaLNHzRzUFnipUQPTHdm+BIPoCqULs=","IopE7BeOZAcoPMnRsYGvX07D0z9cQBWjvGUiaso6Nck=","YV4efsrRIifF0rRrk9ulLMztA8JQFTyN/eayrke4cgI=","yQfnxO1pFPhNfULXR42GKtEcO+vgRUWEKxel9A7VRdY=","5DQ5VbARroHU8cA07HZRMoar83IlYIplgWFbnb4CK2U=","SgTm6w2zJX26p3JkoT5OHnMhfhPfXHp3K137aJFk9a4=","GM3da5ZC6XrQmfCpZugWsd8WBtQaEqlnQ+XtALyOf+E=","smtNTiAokM7Dq7PerrK4Pu33mpWnTFhkKORy0cHY55s=","RG7C2MEOityCAjSumr9EwAi0paOWPogt4TdrkRWfX1M=","tS0cGZa5OrF9y8RqWYe6CXpatVvuYw3lESW+nsMU6EQ=","B+GKjPg7JdIn3etzP6G7/J3C/qlcoBvtt7jSqV4X7nY=","50ioS2uXHNzP9GXu721i5onXMlmA1E7HrpybynOgsgk=","ajs/ekB3/EOeUZ3HjB1xQYq15cbxHpd4BEzRpbhA9j4=","Vjbm/oQJwtR7XaQbtibtb8wxWJsBJVf3h+CTiXi3gTE=","ftelrX0JlXZoxi62cT6WDX0XQbtoPxlzl1NCngAAzAQ=","4dh4vZDcIShXYny5CRX5mDlrlhnH5hT9XVHFZArOw58=","/WVYm1mK9Qny9a60FHxuVlfpl66ee5zdmngXzbE2EkE=","ZJnAK+uV/nxePE6vINoRyKlcpYSziH1zjsR+8wMU+U4=","lSECXvqDI2hHA/xwvYiMsPeZdN7LNKn+q9Z1NDr0k2A="],"block_size":4096,"path":"lib/jquery-1.7.min.js"}],"version":2}