{"file_hashes":[{"block_hashes":["KAIt5+zik5Fw3o1xAVgzoF0S5SDRbWxI40oSnwx4Jn4=","7gmrznPHD2Bl6uRhfSNGg4xP7oEYk+PblBqmWrKaYew=","KpNvV/kXECgiQsn+eubx+5rZ4MdxpIWCpmd893z3RGg=","0R6gJHmHpbNnN6nLe+KmlQ6o7p8aBPP17pPL8lT8esU=","chS19X6Xr3DsppkF7xjMRTt4esdBCTaip1anjSANFvQ=","ht1bgCur1SXJouRnPjsjc1hSM7jFT2fWqIrlEczh1Rs=","Swuyts0S4L99TwQegTTICVtkUIuRxz5PxYa3OMfxCOM=","ccGHdyMIAw2u83tKUXqmrD6yPcWfAPS1H8Rn1Yl4bAk=","hFHzOp+gez7fRlO9HgtX7l2O4sl1Y0SqWTFBPuxLUVk=","emGwfQeeOaSv7dYtyev03ROCIUrf8Rag+LYRBmrQ3t0=","Dgw405dvJgMGFZUQdM3CAVRYRo/X2Cs99PfoRiHGeiU=","M2KXRpQwNcK8unKiOTw9VkO6Ylz4Bm/3iJIIASizGAE=","D8uRRBiwqu2t1NCuSmp5ulLpTM6HXxovou0lQfSgeDY=","eEng629fyqhe/7yy29+96PXtURH+kHkZqkzNfSwY33c=","jAylfVFU7Qdzo1BjVyqWBQBAU8xVQr0TrNA/n6JmtUk=","7r9SkgEYE0UDeC8wA2awQZ1tBsDO+wJf6oadeQM7/qM=","Z/FSiTivLBWPV4Ppv/Eb+MLn8fFubQCNIW6ymarGeKk=","vvya9szOvoZt4sr7ya9gAuCtVLSAZV6eG5JOvorswzo=","OoNipef25x/YLhxEaIQ8V4MJKqxBfWyJPqJHJvc3nSM=","Jz/da6hLPA475A6+Hzrj8tpCIkcoOBbPX0sWrQ6dAQg=","S24gpADAX+BTK2APNjBw7W03YKZI/5H+f5mP/XSKuzk=","MOZP+CghimRa/bSjhsC9pihaJq/uQTddd70ayLqHPI4=","fAdedVukxZTpnPl1oIR/Kf8g0DSshTFuW51ATN7vWD8=","/izc4AKopZcw+xyERaNWjfbh5rNa5MvUa3velgFrQak=","Jl3SWVmD5GcrcdhH9nUYBxmoqZP9/d7slGmkcwZHi1I=","XENpRGVOzIaVhb8J7Ct0XtIAjVFatvrkJMHVYuQ3/FA=","syT5cel6DS/V1prxgbHKqJAekUjR5JAi8UT+iQBEc3w=","fgBUPWt74oYolkEwoe2gmvkCoEJvKa/6aRe7hG/DbTA=","BShqVhPzqw6OkP2aXj/yVrIPpHgjwhLWjqmqxBbObUI=","tqDtKjsAapYfyp4i61mMVuwWhAQZGDwH6JVfV/K/o3c=","Ce+pZFLt5qKqUkUuTbXgIxt6Jqq6dynkRgMwtqflkV8=","rrwVETQMabfT5SiYWj5U1+0/tDgEhii8i14xUb3ZjAs="],"block_size":4096,"path":"css/bootstrap.css"},{"block_hashes":["Omwyk6/oYbdf0gX3x6IuThYHoV9jubLvHOwd4hkqFfk="],"block_size":4096,"path":"css/bootstrap/accordion.less"},{"block_hashes":["Hgwz//TJX0b3dlXOhCZPi1iLhQDdeOsjb28e+7fVwYU="],"block_size":4096,"path":"css/bootstrap/alerts.less"},{"block_hashes":["2ZQjWrAfY4dRerJovCtacdKH3J8Qrh0AnK0o1B1Mk28=","Fq1Pyngkdwst76o0j5ccPq4MXEEH9A24CsX2O4GHCh8=","biQaPWJRbZi+7WGZg0fER14oPyle/8FcZBCIAwEE88g=","ksb7myltZttgusj4XhCWVfqgF2yJpYP/w0rRMKPgynw=","zVWmv6Yq+3F40mhZhwc64okNPfpSzM9pNZ6OAhI8/nU="],"block_size":4096,"path":"css/bootstrap/buttons.less"},{"block_hashes":["NFpOtB6XTv/f7LSIBL1OAnOXWAUJx0RYlkJR0wogM3k="],"block_size":4096,"path":"css/bootstrap/close.less"},{"block_hashes":["IipDvTugXu4YCVH7mmH1IaCanvooLRzfN22fZo1jpxc="],"block_size":4096,"path":"css/bootstrap/component-animations.less"},{"block_hashes":["QNmjg74dsV+khPUdmfBbXemsVUVfycFGBT6BqaPXgqY=","i8YkHf4PBvssKBMEnpgitzA1pGV/xnPU5jENhMwDm6Y="],"block_size":4096,"path":"css/bootstrap/dropdowns.less"},{"block_hashes":["bs7SftVSsjegae9LE8JG97F15vTcy0Fdhkf+v2DreyA=","HnadBO0Tu25bJqv8tNjzjahFB7PWsZPdGTnKOBl/dOE=","SfMouY4arehvXDrBS2V1GGyaiifyUdnKVlYE3I+aRHA=","EexuTN81iFoBD+PBT5RdZ9Vt2K5DbdDs7wCG6XHaf0M="],"block_size":4096,"path":"css/bootstrap/forms.less"},{"block_hashes":["P96hG8ySmbY+qAt3wGH1PigfPtX3e5gIU9YHd+2cW4c="],"block_size":4096,"path":"css/bootstrap/grid.less"},{"block_hashes":["nN9i5f9mLAbqQ0sUnxYDES5Bbiv7MYlUqMsYAPunpUM="],"block_size":4096,"path":"css/bootstrap/labels-badges.less"},{"block_hashes":["z+k4SXalIcbZKqK5FQWA+CT28xIQCubFuKVLLvVAoYI=","YFG6KNvaC7TDbq2AQVHtZMBWNM46PIRBBQVaVAURIyc=","7hB2iKqSU8GVR33BEfTd+bR31ok9a+kr7ysa2xLJwDw=","pMWj8LgNe7vGdgaIR867fv9cpErCyFmLPBgZ+IfWEQ0=","WE66lAmJNs0d1/tV8CjS0X4WTeK7HJvcooSsqTS0CA0=","MT2mv7DTWyPDpJvr0nufALQEoDhD1exJXoUncE+tPm4="],"block_size":4096,"path":"css/bootstrap/mixins.less"},{"block_hashes":["MnJWDtD1ymDILuZ9hS8becS7e8T8SLBDVmixusYoFM8="],"block_size":4096,"path":"css/bootstrap/modals.less"},{"block_hashes":["/uRY1Fqm4IHl3TBlmmW5g6Udau7rXekIumgVVwdWmrs=","4/4OLJl9TnpkTtQVISu6TOMbGKEUapDHlIYDBsz1GoU="],"block_size":4096,"path":"css/bootstrap/navs.less"},{"block_hashes":["w8m37dftucX0kM9ebiy/Mfjs3/9aBFjf903c9j0Eyk0="],"block_size":4096,"path":"css/bootstrap/pager.less"},{"block_hashes":["JCf30Rxcn08FIbJ7jflmydIcvXfGyLJxg6tNgKzTVTM="],"block_size":4096,"path":"css/bootstrap/pagination.less"},{"block_hashes":["BrLr8b9v3adjge3b/iv1PYaozueemr2KqFTYAYIYk1U="],"block_size":4096,"path":"css/bootstrap/progress-bars.less"},{"block_hashes":["G+65K5yILEu9nyxym89fAmFmL+bkAaK4+vog8aRTqnU=","5gk/FgndKS7TD2oNz6qaeFy6DwpLkEwIbnOeHRghUfI="],"block_size":4096,"path":"css/bootstrap/reset.less"},{"block_hashes":["XrslYFXf1IUSowtCuiX/TObmM9Ykfb57rpJpBm7R8kk="],"block_size":4096,"path":"css/bootstrap/scaffolding.less"},{"block_hashes":["gBPjcYO+EeSiw+HPkb2xsUolg4X7wvcL8CR/cUPZtjI=","F89cqTuY7iLn62Z/diOnypLU83a3k8Y0NOwEdeQuVg0=","bohiTUE4+xJqmJ2+dq6RpB/eK75JiDsP2DzDlBxrblw="],"block_size":4096,"path":"css/bootstrap/sprites.less"},{"block_hashes":["eFAeYxDUisSvm6Yk3CZM1FzfPOK5Mddr1GLkjFwGnEw=","urdJIto9P6mtYm0HMBSc/D/wmDu1f75TRpbacExhAO0="],"block_size":4096,"path":"css/bootstrap/tables.less"},{"block_hashes":["oiW2AWo5edU138Zy7cAx+wrVsYoI2ZrYQKxbnTE60M4="],"block_size":4096,"path":"css/bootstrap/thumbnails.less"},{"block_hashes":["GrQ9N4hfrTRt5B2v0KiFhgLZHbF9cuVOZd5B4uNQzRA="],"block_size":4096,"path":"css/bootstrap/tooltip.less"},{"block_hashes":["bXIiBN8Y4Z8kHl1jyt+o0JdpmG0va4rdvOqW77uIKeo=","mQbjuE7ggX5iNUinIqbDIcm++C5hkLX0E7SD92IGYrk="],"block_size":4096,"path":"css/bootstrap/type.less"},{"block_hashes":["r9y5CZoM1BT33xakG8WEGsNgYqqEoZbkRzCmgpw+5Fg="],"block_size":4096,"path":"css/bootstrap/utilities.less"},{"block_hashes":["4CPLZr12/7m8YSMfR6di0JXF7o2dBnLs7LZ36Lz9Crg=","UNcOdH871g2806aIIFdDKxs2yeKwk/69KylH2V/ombE=","OAETscPbjRHt+lxcwCdS10S4fxgSOuYBWJjGpajXXME="],"block_size":4096,"path":"css/bootstrap/variables.less"},{"block_hashes":["P7BBGS/p+ND/xBsg1fXiW/6rdzInZP74Jy0f9QMP9VM="],"block_size":4096,"path":"css/bootstrap/wells.less"},{"block_hashes":["1XIs9XCWtmcorWkQUKxHEQADsgXCPSgIjWyHLOktqrQ=","o6z6WMTpY9ovIRku6G8313XgZOU3He6EL3KjJ4uKZOw="],"block_size":4096,"path":"css/custom-select-box.css"},{"block_hashes":["ya2F2H+8wphWuweuxxirvcmwTB3E11YxEZ2bU9UQo18=","gMSG/Vmsi3dlAJcfsBlcRmbULnOIM8mM4dMuBW7ICrc=","aVKcS8avYnLMI2Ti79OSYrQH7o83FfjZQUoS9CFQR+E=","xaeB77dOlgRtcEOZcvm/wRi7lqgn1V0p6/O29C4VESE="],"block_size":4096,"path":"css/etrade.base.less"},{"block_hashes":["k2/GbIsVLWvJD5nrTP+m1+kuUH4P0KoGSjeWo2Tk9ME="],"block_size":4096,"path":"css/etrade.bootstrap.less"},{"block_hashes":["BndORecjoaMpMEWl58ok7v6L3imS6m0zHcAnaKgLlH8=","XrI9PFoP7qrGmzCrinFVHv3Ul/8kVwPWH5BuddlFrpQ=","SAcBGGZEmpZBS0iUTfOj8kQcIZgngLaCa6531QbPXO4=","RsjA4c/G7J7p7x2CRDfzlDJaFUL9Gq4fOEO18aw8LiY=","d0yclVPfJUrdNoJlxBBDQ/91d38q3voyaHaJ5nMwPiI=","6iPYBFDpGQIaaWzn90ti/RrVfpzuxsfXfBJjZuDRKbo=","kyQVgrsONfEIUwhByuPr+Y4v2Xm0n/jeC7ty8o4nA0M=","XHcRpD8xCCk/DYGYM+SLv3azKYpqkP/+boIW6J+R7IE="],"block_size":4096,"path":"css/etrade.etch.less"},{"block_hashes":["sVV5V3DnFCNYIoD45rRHomezTxTG3COAC1C5zyquTig="],"block_size":4096,"path":"css/etrade.etch.select.less"},{"block_hashes":["v/fqVQ/T6fpl1ZNPcMKGTvesfLpwBmmByuWycevJNpM="],"block_size":4096,"path":"css/packaged.less"},{"block_hashes":["y4/LbKnKo04mtj1tpfZTnmbK/keP/KJPHZbxpVleNSM=","1MfjR15eJeiD6dHC7aQsgzf5qq7ns5WGUYIs7S5u53Y=","3TGWxjAju6ObAG6c2N53c7p8wkTUS1x9MvZBl4YmZqM="],"block_size":4096,"path":"etch_popup.html"},{"block_hashes":["lmRKpJbFYLFpEEB9cMKdgdcNd6RwYF05+xU9qhWyqQ0="],"block_size":4096,"path":"img/alert_icon.png"},{"block_hashes":["8xOcMsWDg2FIeZQU3jH7KTI8Zvip7WGwtDD4DJ3wzsc="],"block_size":4096,"path":"img/arrow-dropdown.png"},{"block_hashes":["EByMl0WvfAnhv7I1FxS0CJ5lOKzEAKCDblBgfCmCLn4=","x1Jcl07ttf3iaU8SdouqQ7lXZwWA8E0aZpwka6mucO4="],"block_size":4096,"path":"img/bdp.jpg"},{"block_hashes":["9TMLvfWGP5tLswITnE8Dbw04+KSXuaIMWFyUTpQLjJE="],"block_size":4096,"path":"img/bg-carrot.png"},{"block_hashes":["AZ8RGWdhYJr4BnWwsj6DkVW+fQDlEdTiN34Gw0MHIro="],"block_size":4096,"path":"img/collapse_icon.png"},{"block_hashes":["HLVE+Z5hDR8/TvEsoPXVr1cTGlrCkJnXed3vGtF01J4="],"block_size":4096,"path":"img/error_icon.png"},{"block_hashes":["f7LN0MMysxywbAOVpEeVsn0mB+kEArpxt89sXZn9Zg0=","QL4SEGQ6MM5GCgyWIBDDyKw0SQSn6kI+6lx4GTYopGQ="],"block_size":4096,"path":"img/etrade-header-logo.png"},{"block_hashes":["3Cs0XX3DOaE3c/BLH2xTAUajzVqE7gn/6d2jwm/FbxY=","lrdDbLLTlypvxNA1KpsyfmM7JopENrTeZ2OCWUbBVAs=","JHCQxHti48PNBCK2FIPAirTWY0wB+K//HR14MX1rgs4="],"block_size":4096,"path":"img/etrade_loading.gif"},{"block_hashes":["uzgcuviJjyR/aI/dAQJh6Wg75AYtpE6rcc5mhUPed6E="],"block_size":4096,"path":"img/expand_icon.png"},{"block_hashes":["nT+S7gU9nBLEPnPHBos3ewqEf3pxQSz/HJyfHlHzsv8=","9hPAWvnOanZrmuP7xzwwUXyKGAPTFCqiUoT8E0mq8qo=","xFY/irQA47sGeG9GAAoQCGAi42HAthXbFT4fvVxaM6g="],"block_size":4096,"path":"img/glyphicons-halflings-white.png"},{"block_hashes":["65yH2ItZir+9vEInguaLdhEiuvshZUHw947xxH/jP0Q=","tqJ0XFZ6R82/Q09gMkWYglF+FQOohmVUP0xfJBtOG9s=","Uy3xZs3AcWEiyN0u469dBCybS4H7ptOuSqznilReKiQ=","tGh/yGSbf9R4PrXyWxjbB40qeDKP0G/GCH6ZyrjY3y4="],"block_size":4096,"path":"img/glyphicons-halflings.png"},{"block_hashes":["OCGv7A1A9BiA4V3pAZm6jfUKojO9wC+e/0lQT4rkViQ="],"block_size":4096,"path":"img/go-btn.png"},{"block_hashes":["IsL9rc1zMMiFwiBixwr0DVZlEy+YnuWOBqxKTwI0nag="],"block_size":4096,"path":"img/icons/etrade-icon-128-grey.png"},{"block_hashes":["3X90yi6LZIDVjFOVjHanrljmKTFRjWrLn+lklBDl3CE="],"block_size":4096,"path":"img/icons/etrade-icon-16-grey.png"},{"block_hashes":["mpCQE7kuEIgNLFMRtDN1+3rnuPDHLdfTEG3oB+trq54="],"block_size":4096,"path":"img/icons/etrade-icon-19-grey.png"},{"block_hashes":["+hr/E2mDkAHH7Eg+5lqlBmwC3FEhQigdxML1lP14Qd0="],"block_size":4096,"path":"img/icons/etrade-icon-19.png"},{"block_hashes":["SWZC+9dxmQdQaAnL+oaeLHqz0OeUqSMeQ8zW2ZeBeD0=","vWQK6aqnc+jD13Gw+QBcG9Qv9lelvUuFQqw7U4zmCA0="],"block_size":4096,"path":"img/icons/etrade-icon-256-grey.png"},{"block_hashes":["eXhqxYPeHWUGvQVcDi1bkzTecqnDZrfM4g6DFd1ajbE="],"block_size":4096,"path":"img/icons/etrade-icon-32-grey.png"},{"block_hashes":["/n97S6yAPiofOFOvlHa/ZAX1am51h67575hqf9hlqXQ="],"block_size":4096,"path":"img/icons/etrade-icon-64-grey.png"},{"block_hashes":["KfLOjn7pm5gqDCOcTHPlue61CkKF7uNNCxMYEEaxVaA="],"block_size":4096,"path":"img/info_icon.png"},{"block_hashes":["yC4FjOmfGstgvJz6R47D6+EQfe7a6zUdGsZu9OI0rLg="],"block_size":4096,"path":"img/log-out-sprite.png"},{"block_hashes":["ePpsJet4Ly6ezhBc/3Ge+SCYsxardJnFkW9oAuX72fA="],"block_size":4096,"path":"img/logoff-btn-default.png"},{"block_hashes":["OG8g/q0fOg82ou6sYgROFjzZl+VFE1jLWeCLL9Pqc8c="],"block_size":4096,"path":"img/logoff-btn-hover.png"},{"block_hashes":["2iYzHy2nlGe/gbwG4J5RP6XdGpIRxb+1gKV1xJLvO+8="],"block_size":4096,"path":"img/opinionlab-blue.gif"},{"block_hashes":["MmkenPE/OUi0LM8t0F71IMLN+mAJYP84AO1kjZY9k08="],"block_size":4096,"path":"img/opinionlab.gif"},{"block_hashes":["qk1dgNbsCm2i8J5JuVpWNmu8Uj0smIsSO7IcHO09JUg="],"block_size":4096,"path":"img/quote.png"},{"block_hashes":["K6/8mZlFry/OuR+i5JnTJ3gQ667NucGVdGk5D1sF11E="],"block_size":4096,"path":"img/sprites/alerts.png"},{"block_hashes":["wlWVcXTwfcEQyHNyCRFOis2cAMIk+aQpFa3iytOgXBU="],"block_size":4096,"path":"img/sprites/controls.png"},{"block_hashes":["LAwT62LbqQUxqq6KzVXOXVZjnKgKBIEpEsyPpuD/LjQ="],"block_size":4096,"path":"img/sprites/custom-inputs.png"},{"block_hashes":["naXvOPalqdZGUicbegyI4KbuM79FrDM60+6kxZ9+NOU="],"block_size":4096,"path":"img/sprites/header-log-on.png"},{"block_hashes":["Ng27linCP322GqBQGLjdygPK5sKIhpK6pkCnxdkmvA4="],"block_size":4096,"path":"img/sprites/page-arrows.png"},{"block_hashes":["hLrgqfT9iQU8mfQptMbMxiWOiubxWOqmT4lqkEnzZdI="],"block_size":4096,"path":"img/sprites/table-row-arrows.png"},{"block_hashes":["fxnmK6jHc9GdDY1jLfNlZ69f4iRHodAXj/xBwbG3KcM="],"block_size":4096,"path":"img/table-row-details-bg.jpg"},{"block_hashes":["fxnmK6jHc9GdDY1jLfNlZ69f4iRHodAXj/xBwbG3KcM="],"block_size":4096,"path":"img/trade-well.jpg"},{"block_hashes":["EByMl0WvfAnhv7I1FxS0CJ5lOKzEAKCDblBgfCmCLn4=","05y8gk7Wg81xVtIpbxXdm0MLxYFoFYRUUWzpS0k2wBU="],"block_size":4096,"path":"img/wdp.jpg"},{"block_hashes":["/+wlEwg9PSYO3jzXgt+frRvhj5sQEUy9G0wAEVA6t18="],"block_size":4096,"path":"js/bootstrap-alert.js"},{"block_hashes":["vzG7+y6ssqdqOqJx9vVMOnNk9SZnj7YQhoM+mm1+LaI="],"block_size":4096,"path":"js/bootstrap-dropdown.js"},{"block_hashes":["ucj/BftvI0GUVSgXv39izZn1B1uWGZQHMFwpghFf5Qw="],"block_size":4096,"path":"js/bootstrap-modal.js"},{"block_hashes":["ZCxjpoirBj+f+JGn0TVyuVXugOif7HYMiH6mOwMJi34="],"block_size":4096,"path":"js/bootstrap-tab.js"},{"block_hashes":["kM/qj5d7ehkBCwNqnuLaZ6hEpdCWMLQ+EXewUB22AXA="],"block_size":4096,"path":"js/bootstrap-transition.js"},{"block_hashes":["V6dZ3MxzQjJrPDJe4Wl8QvG6ZfZlnL0O9JLvnGed23k=","+oqdFsl5nCygWhAUjdmIVJdvcubFh8BowEfNzkXfxNQ=","H0/u3gd7u8zeYB24kkYhuKcQ9+XZGSMGlWnktY+Zim8="],"block_size":4096,"path":"js/chromeauth.js"},{"block_hashes":["0aSxjqRKD3IKckAjBmb7iU6YHVtjG2r/h6vdY0Kskqk=","xkAOIgapXA5w2+ZG3N5VXC+KOsdvGZkoXkDueBuhuJY="],"block_size":4096,"path":"js/chromefraudcookies.js"},{"block_hashes":["05KYgPWTc49qvk+FWOoiV2f05s4ZiZPFn0qOX2hdgh8=","Q+xFjxJtRtYXxWtSP9sACvXepzJM326bZA49hb0T1kY=","fLp0xep/uZ+aN/OUA3KcKVF7E8zkeYtY8RI3ZOEB/ak=","IZ5cH/rhlWsxD+LhpkK9bUofyJueBbSDlvdE8mNs1SM="],"block_size":4096,"path":"js/controllers/DataController.js"},{"block_hashes":["JWa9KuK2AfO5e54KBQ6dMgnXBU2kI13Agu8kPrmvu4s="],"block_size":4096,"path":"js/controllers/OrderController.js"},{"block_hashes":["njH7wtTQOFgsc6Cr9nM+EyDGqTOyAICw/NlRdUCBkOQ="],"block_size":4096,"path":"js/controllers/QuoteController.js"},{"block_hashes":["yom/x3SBPG62YGWZqnklNjX7ByWHVqlY4ShNjnmiKZY="],"block_size":4096,"path":"js/controllers/TabController.js"},{"block_hashes":["+6F4zc6EygdtCQvXQWIjx2121gPUiS9ZYOpr33C7b6Y=","iLSxooUZANY4/+Pqi/97tgJ+mBzok2pmwsI0+eMUDis="],"block_size":4096,"path":"js/controllers/UserController.js"},{"block_hashes":["pjoVbDm1umYvRNa5bIOjy81FTMfnhlURJIojXE3LaIU="],"block_size":4096,"path":"js/core-min.js"},{"block_hashes":["5ieSCjBFYAIsy2DAuzhpEtXsuJsHbSbV+3Xt0pbquzI="],"block_size":4096,"path":"js/etrade.js"},{"block_hashes":["9k0u30JDtQhc42G/Dv9KFuYKFvCLnr09FcXMfPHOWbA="],"block_size":4096,"path":"js/etrade.parse.js"},{"block_hashes":["VjaEpcCzjAwOkOPWlzwOopdjjoG789eUQ3kBRuyUJiU=","uVSAhKNfrIJx8SJScL4MyhuYsFEsTzkSjHL1Kafwq+Q=","LYvstSHCT0nRI3QiPH0KM9WhF6j7frj4rouGdss/hvc=","MUPyk/oDuwumxz9fXaRxQfaVg9j4Xs61lBbV+HS/1Wk=","2cYKBgdEeoYikZIZI6ZjTXpMajadknMgpo7xJ2a8/Ls=","IDw8qIgjNrDO6wFizIlTcDMZ0wkCnaLInuNNfJErAtw=","2CGxGNSbCzU32MESvBdVZuMZwLb0t0nQ+oXRT56OopU="],"block_size":4096,"path":"js/etrade.ui.js"},{"block_hashes":["b5pUqfyZQjqFro+87TNWNL2rPTnVq+pmTmy6Z7+8+Qc=","ayQO+sliR15ekFdJjaCx7iG3b/+ePf1TD1wRQK2fguc=","Q2FZHLJGunNx/q5APRpuoYcx1Ei/bmXNfv9h608oBGQ=","q3vmBoenE9fiANecSf8Y1IMtAwewUc8eFot++BYzvlg=","Q3j/u5i5f4ddGmAWb3VZ+3/U47Z0V72/AkpjesLDt1I=","m9qt9+/gg8Ou7r5r0al44cc19E1dU09PBEFHHnuwC74=","aXw8MShnqGvDgbzlvvSvT4OcM+J3Mnt5z68jZaEq1bc=","WPBv6okWNvtAXDEPdNQM69sarzPc4NfX4Gi7Ghnq3Bg=","pyd2qN78z64ABo8mUbIZvxBCjWr48yE/bVbEw/q34P8=","ZExOyqwAzTgmNueax85qvDA2A+tIkUH2REJbEujYsvg=","cXMcsXpABk7cgNt8rvboICzS4AXL2ArzAaIQZpGb7MA=","nEW75rFR3FytTCprKxhjgsYkbenIORbZvAEMi7ovpJc=","V3aXa2DMoYCr8/L+ZTcLVy75E7GaMkMqQOocBFIXiM4=","MsdlsEAIKRhRjIbNQCsrlinU1KMMCcso5DrZbd1j49k=","7tUm3Oug0FVfEULAPAinARfz91lHcEeRwvypqg5euKA=","9Zydxu3VQEhTVNofYSIIQ6MolWrWE5ITpQlqlF/GrQk=","p/Hf6kr5ysvcch2TWql7j83b1QFivBMWtZMdBYi4jPs=","9WAu5k56Jfwd/PUMM5T39TRfdzgZ6rGqhyBsTYMk2L0=","CPp9OUReYkrMMX1lzmKK5sl0vRRc507pwin1Smr48Ck=","KVlKQDxiaWzJPXUVgl/x3PIzOoDnN/SEX3F0GMhUZcU=","+NBNHO+LeeXUkztPG9FkrOTY/wb35ivp8cPIMiM2sMo="],"block_size":4096,"path":"js/jquery-2.1.0.min.js"},{"block_hashes":["q3XEeLHpMvXds2U7xrE0qbEMydEfNaTzC72lHEX5whM=","jyyB4dfYlkMRecvg0PgFKIgmbdwW98cuO/94HUzcdQM=","28X2Kn4PlV4xRbQM+fdtX35OgxLjhBjCqbaOUPmen1I=","KPoq2J1Ck1WGdv6XFw5llP09Lr/G2MEO+TvS8km4+Bw=","RBkLaJIrOjOLs4qI/7nTXgX6eZZ44i55Vi9F/yqmzjc=","gta6DO5xuPB3xJ2m/Usmcr4oaW2A2cL5lAt+ikbQpz8=","esmnwJrVLQmFgq2/ufqqnZLyhKqipy/Kpicy9KTKZeQ=","2RB9aJ9ZKdKgemP1YntcVSQKZ3f4Ikj2Lgg5/0Y8IA8=","yAAYuC6VeKZxg7zFqBPuAl/f8WJCfeYFA7WjRXHnZPY=","F/A7DyhUi6JQMsPR4akSQpcwEK6q8LaqRN0WYF5+0io=","eBou4gl1g+bBtX921NiY+0cmfqvkggdLw3V/2WIUAVk=","qKc50rB8DHGiuaLEeIj0o90O4jtEBDiG/EcaLgMzIEc=","ezngy8Mnh8Icbd1KXQf3EEc7P3eekkENv9WgH0138vQ=","RAj0jKW+iGJX4wpSlNM7LfChvUeOBB2PQ3eJDOPD7gY=","WKjKnz1OLiC3972Rna/Fmc1EO+ifQ3iigw5od0sv53I="],"block_size":4096,"path":"js/less-1.3.3.min.js"},{"block_hashes":["JUFHJrtfxkcHv5HeCowTMu2lqylpFehCDS3YwFiBCNc="],"block_size":4096,"path":"js/managers/ErrorManager.js"},{"block_hashes":["c/WKQdRE1yin0oKkL3XcQlpJ5FYhlUwjPDVrJAQ5Ux4="],"block_size":4096,"path":"js/md5-min.js"},{"block_hashes":["Qr5/be3l0kCGcnik0nkaAGa0hMXkVBuM02vw4SmWvQw="],"block_size":4096,"path":"js/models/AccountModel.js"},{"block_hashes":["AEBKXEHve5D1TErvRniA8env78IzhE9Ef8M18UPwljo="],"block_size":4096,"path":"js/models/ErrorModel.js"},{"block_hashes":["pA6hXpQQsL8xUWmZU64FC+tIsMJfrhVyKAVUvDv/C2E="],"block_size":4096,"path":"js/models/OrderModel.js"},{"block_hashes":["HHVpuY4WMKICuQg5r2RSnMC4YrRpIGKyYUk5hfOTU2s="],"block_size":4096,"path":"js/models/PortfolioModel.js"},{"block_hashes":["m2TEOKzh5I17j8hg8L0ot1f/Gd/85u3URqRjnRhhmQ0="],"block_size":4096,"path":"js/models/PositionModel.js"},{"block_hashes":["z5Cw256ghBzRS2HaAQVY160jEqQfQIEm5V8Ij/bV3X8="],"block_size":4096,"path":"js/models/QuoteModel.js"},{"block_hashes":["EnmFsE5AsZ7PqSqk6LztB/JW414UqFl5xShG16e5r0s="],"block_size":4096,"path":"js/ui/ContentHelpers.js"},{"block_hashes":["yZSyj6IASa6iKzB4nkYgT2HEoBqVC0CZiWxrnoRzEBs=","YN2ymo6rRBIzE5fv3RJ5fO2lVhmkF5OfnfGa3nEiJMs=","dKAAkqh8nYez+MUe7yyujBAqEkOvGo6txmfh1JGKyJM=","/nUgY0Jn3zDiY1ipSEJzi+b2HMRgAxo+0yRyt5x5NfA="],"block_size":4096,"path":"js/ui/OrdersTab.js"},{"block_hashes":["NcbuiMQEOCmAlzpzjMI5ZrC8pqpBb/Rz8/hw53Pl7bg="],"block_size":4096,"path":"js/ui/Pager.js"},{"block_hashes":["1dbJa1xxN6bDFDH4eO6KywcPAFdniAqOnfAYOmkhRx8=","md42yIpBM23yg6KaJOkOP69Op+tXw38uyof77Mj3hHg=","q9yFSjT00yE5s6qf7I/DThDYZf27kS8UwOrbyiyqtFI="],"block_size":4096,"path":"js/ui/PortfolioTab.js"},{"block_hashes":["vNw10gAuTRw7Nd0hNpLm9jtFxOmZ0mh9ND1w4bpfd8Q=","w/sGnkKq9isL4F+LCIOJ5Ctpr0SiFMkH8kwidtYdk8w=","ft7ozk7ipDWqirndQrMbliU0Z3GDq8qTTwh7EjJH968=","vCGXtrnEe7PEvKjzELxmO0Vrrhss/bNNexVL9buPa6Y="],"block_size":4096,"path":"js/ui/QuoteTab.js"},{"block_hashes":["44A3QZEGWCxi00OBwfwAG/KrUpLbz6sEI35RIYtptQU="],"block_size":4096,"path":"js/ui/TradeStock.js"},{"block_hashes":["nf18w/iThvM5xPpyx8vE8LSig77CzvZDigD2p9pRCkM=","1cldA7ftYNc95zyA8SpT8szKKMxcn6f760r9Fyizy4k=","0gOpwNEMXK/AjurNIg1DcuGc3m7zHmtwnQaHqTnbKJw=","pMCH872Az7SEXwzOC9yP/4AjYmiaqHOBhpYKfmXxat0=","sNp6W5BHdbTuG4aHPGIIEmJXkUCYwoP2s8WPG+7bjaQ=","AEQkCOSuwBKvNBPQFZApVWiaaaBeAFnKtigMIpHISmg=","OhTYu5W3KGHzDaQxIfOVheSqx6C7izxzNZccmr6dcSg=","jDil5YPciljefFTX8nnl8Tscwzbob+4d95RPyTvIJIg=","HhQf5G30T6QoRFeOpYYEwQJEnXkGmm1vyvsiVPo7idc=","aUoOu7wB/kA2qqTzoy4KCDlj/vldcxHz4uabo+oKhnU="],"block_size":4096,"path":"js/ui/TradeTab.js"},{"block_hashes":["/ARJ7kJUZ0vgVf61io+WadZ/Vr8jh0NSNeyN7Tna3Mw=","Vvvk8ntPilaGk5fzSoBobE38YfdcpQZWy2xfO3Kz8JI=","CXK8JK2N5iCcrBpHDF5TNSf8xqS3rmGbx7N/bYcMuQk=","FCeZYwVe7phU1iqMVC28TmZAjBt7C2ravIRUObkKE/g=","J2ZN5+lBi7BF/A9bUzarAF7G70XCBUuDhPe7FdHKGWA=","zBjCknewaJgZjRtGYAiZblFAuDJmGO0vXK68PDdi5Bg=","qbVRhcM4oIaslb/9rHxfyfLHmyCmBvG9UMgBDGpxmVQ=","Z8iPDXyoeMlLARsw3W4RGH27uQKoJvozsi4abvQU8Cs=","JCTL3fb+gJmFvSpbwGiE9ED02OQNDBA3VVzENKbF3K8=","lYCsTRp87ESHP4QsJlJBtvyG8iEs1F5mvA7Mn8xnhBk=","HZflY/pDj25H4I6UQPouhb6Nom4qlt5d07pLBYc4uII=","nhjb+g7XoDyPbfb4Qor561Jqln6JH0hRiAItrBZh+7c=","/z3O3/ILJik/6lq/bf7qcx6OgvnigAhsnxfJ+J371nA=","Fx4evAidnkn7earQMfJrRWteSIQ+GOPck0hI3T+asnI=","kyS+20+bwSDQLxiiaB115Wh/3anEQBBvCwZJDg+SsDc=","EagFEzg4jvnih9Ac1IbUHcq4KGkmQ/VMsuhIdyOhACI=","W/Er/WKjt9iwybk7l5PyCTfDz17TX3QTFWoDo4ToKnM=","MJjPDqs1yngdUKkmzms2asyVYzYyM0xLnoy/mxG67F0=","RyL4bPy8WSLCL8Cc/3pkFiqsqQt9nXCzw+9Tpk1m+qk=","2Vk/HrK0f3jpfwqgdOybw5ddl9W0alXFoakLs/JOyQw=","4dGzswP0FPnp6AcFg7yCbFJ2ukIDa58+vmn60iPqRqY=","vTSnAJzQA1Bq5WVJ5EBNRDsL/vrd3NDiEScE3mTrYhw=","KoCNWOreHQC8oDauqKQDZaBtdps+/q9eC8UBCY72AMA=","BHreJyGwPA3iDZtICCa7CPzZtysqYdzE1opXvVJFR8E=","pwP1GgNeU0qr1bCm8DfgwmEY9xhwgOF3o+qb8FdKHJ0=","RCPIe1XBtrhtMu39gxHkBD5QRyVAFdrHWqkbn0eQqEA=","R4Lqz1qsYE+IUchpNRDD1BnDeGEiaTfRqmiUKpmgm74=","4Y/8Xi0Gd9KBIfNWAbJh0zHhWfOrHA2yBK3obllOPF4=","rRmKAJaJ+Wjn+q83ssSbbMAZ9tsADAfyMXincsVU7kY=","06DWP2FsK3VD6MQR6/4aRObBHFg3J9Jb+4R/7p79FfE=","+EJVzKMBgqN1ywD3EIgfefIyjuzl0TbHILAmrlHn+/s=","DCAUlw/uR4fF9wgkgLl5oo724WkHO54HM1PBvQlnPB8=","hKvS/06f9cwJsEtbLSVnJaTMU2O+bp7w3zZg4FKJtXU=","SpXFOXNXm/kx80OR45cMo5NVE2FTGlHjHKg4Xmr8i4w=","QKbwDwQ8h2T662LslOoqEw6cVuEHa670xIGxJTz60po=","BTvbSqJw5TAxbA7iYgAvph2UHzguKwIWyJvlwwiFZgs=","az0m9Q/1MjwBDFVUZ21n54y+7+1vivnQa6p86MKT+vE=","uVylneGQ+I5wkP829vp6wTdJ6BarBivtgRm2Q2rbijM=","4DECybeuPBMdeQJK0LqCpaOqw6+2bNz0wzYlz+/PeUE=","Nb+vwaSWLq4K3ZhEHMzjHRjjG62Cg0hghRbl9ifFTfo=","VSwVuKjEtWZ+ujUZUOzTsQEpgEGJjl5eJNF39f8zEZY=","dVUYaYTWs4hjCFhYoofCVVp8HbOTK3aQyVgzPBp4zHY=","EU5RKSshZFvmIkqp4ZHYFlFtF2BPfxo2l4Nm7OtY5Fw=","lqrtv1SI/3sXUO8m2Tdgb6+C/9FVPHOWxd55t12rWSA=","wmC0gIBsIFpfdvAPHQHs3iw64MzBIEYAK2Gm3SFqAj4=","kH1GYq8awxz7WNwMmGetvyzDEzBano3DjioHKva7ruM=","kFCLIwP0E9t7DCCFBp0a2EdhfYvuCGjiijGr4v71H5U=","JK9Q/4neR/HfHYgrlfYNcR8qgncOkskZv9DMAvG57JY=","z7fO0S9dGBn8MsugSS5bPtMPz6XBa95ExjERlvLUZlg="],"block_size":4096,"path":"js/ui/jquery-ui.min.js"},{"block_hashes":["+0vF7xn0JyylMc1GsgLlBHv3MjV/3bMigY3KRfcpnpo=","Uw9mLCb1SsBmAZ2rFzu+PCFUvPZrr0YxQbs9BqpbdiE=","U9UQ78y6aXG744qnfNlLVh+IPweNkkgU7tNu25fOXCM=","WuItJoy/z4OwrhJskoFMNQ09KXEaUSUGByzZCVgYIVo=","6PLhlGp1gC3xLNpp84f/YwDCY2sgerGmZQtjS2uXiTU=","p+P1M8srgbyMXgWnWvhFMl08nEMAuU/866vjkoejqVs=","lyOkQbE0y298wC2VjkvGOZKgNy5/NApiWnqWjqd6Em4="],"block_size":4096,"path":"js/ui/jquery.selectBoxIt.min.js"},{"block_hashes":["Zpe3Asvw//PcSjmocOPX7gwnbSd+i4CAtH02cqIe/fM="],"block_size":4096,"path":"templates/orders.container.html"},{"block_hashes":["YaFtjXZseqHCndbER/C5bJdMd980QyUIwwp3kONOWGc="],"block_size":4096,"path":"templates/orders.detail-row.html"},{"block_hashes":["BpuF60V22EYN+IR/CxtN9yHDSino6gM/X+IPMWMu+KY="],"block_size":4096,"path":"templates/portfolio.container.html"},{"block_hashes":["rgtUAgvWc9iFEqo5VOWg8jZ7N2Tu24sSEiiTo+6BzJk="],"block_size":4096,"path":"templates/portfolio.detail-row.html"},{"block_hashes":["j7aCnoPihvCeNutkhLc7iI+U1iCWXmsDjsiTfODmaCk="],"block_size":4096,"path":"templates/quotes.container.html"},{"block_hashes":["GiJgl1AHPCUy0ZL8HaJlFSwlry4GAVkXq1JV7S7TEK0=","BhokCMgWqlOkSE8R5ms/iR2MHWcpGT1wMz7X8qmnKQ8="],"block_size":4096,"path":"templates/quotes.detail-row.html"},{"block_hashes":["7fd/3cPvn1b4FQRGBXi5n8FJ/m00JydrBuMyipgmddw=","4WkKtfr8huce5IRyWNV43gvEPX4bZBqgQ2j5+BI0CHk=","/KOwIiKkfUXVDT1J0eZQAAwjWD53D1ysne0ZF9M2yeI=","PIdwmqhYm5kYgd1MgDtBJmTxlwFUbw+M35LwzNYBoAU=","6h0WuULXHgiudJgZnTMEAjmZRKoDjOJXylC7R+uuq8A="],"block_size":4096,"path":"templates/trade.container.html"}],"version":2}