{"file_hashes":[{"block_hashes":["oEv2cjlo7A2wTR5ZQvmwhbRECCZn83zmo11BmgxQqoY=","JFDyYmf1aGyn3bStkTW+qcqJbKdUgysRVO9nmFGMAvw=","QN90R37ye/716A+yD5DCR7zH4d0ZY1xtYMB7Y8fjbUM="],"block_size":4096,"path":"css/options.css"},{"block_hashes":["QO7nL801/08uaG9atM1O+D1udnUrKlAfdbwegnlefUU="],"block_size":4096,"path":"css/screen.css"},{"block_hashes":["+jN2GgrHuJYT0SaqN5K93tjLk7JQ8+RZHbljdUfFzq8="],"block_size":4096,"path":"icon-animation.html"},{"block_hashes":["ZeCVK+fh1rjnOFybgavczu/VQ+uUpvgULyLepC/xo/g=","DsHwmVeZQo6Rx+HsRtAMXE7ul73Jp7G1IuqFbPQMzfg=","Y3W1yJUreHd5njVHD/oYHwCQcJYJdjhT5oY9tYvtOMg=","S3jOFkoOXXAMqcKVRyqQf/XA+JTptvGu4AVJuvosYc8=","AA9fp66yTnOs9rWMP0BW1tu5uoO0tzyop4+e8qiiZHQ=","mxK1Fo/d+K8tgHe52w9OI7LAuKMZ8LLIWqngrBuWk2E="],"block_size":4096,"path":"img/beige_paper.png"},{"block_hashes":["+E6k3stUmc+zvo17YwAsauq7KTr0t6NcXAQW7pTb48c="],"block_size":4096,"path":"img/icon_19_empty.png"},{"block_hashes":["ebfXiUE2ia8AdjRsx21saIjowm9FUcmpdDPIkQcrwGs="],"block_size":4096,"path":"img/icon_38_empty.png"},{"block_hashes":["DeWxeR5/aISjm26U9GBnJvcdD5nqgV/dxpLMvJeO8u8=","ZhPVBOoJ+G/zwIfgAJuPYKPQLvjnImTrcyI/L4YJXsE="],"block_size":4096,"path":"img/icon_76.png"},{"block_hashes":["efCxV0sjpewi0vGQDwaiywbTHQ7G7KmM80ow9ghUees=","Vb0c7PE7W60QHUzXjsTu6/bDiAlGMYrXnBTFWdjpjsY="],"block_size":4096,"path":"img/icon_76_empty.png"},{"block_hashes":["Losw5xVJXpo9FAIL6714G+RKUE2w4PY4nyWC9mPuxDQ=","WBNZLpYelN0eFdXJ1ywzpMlCpmk4sq/BrOLpLUMr2HY="],"block_size":4096,"path":"img/icon_sprite.png"},{"block_hashes":["l32VlP4t61OWxiPqcHlHIfYpsk6zGeMBtscKsC9crOI="],"block_size":4096,"path":"img/logo.png"},{"block_hashes":["mWybdJeIhMv370nAnszC7+KgONuz9eQpl4+kx3W10dM=","3di1B+TVV8esX+QQmDWddJlYXAi14n2ZJWfC8swXVOY="],"block_size":4096,"path":"img/logo_150x155.png"},{"block_hashes":["dTXnbgBSGq/du1jiXk6mxUVUKIXE+lSB8b6fqBVhTLU=","qjPOdYzTynzqT6t8v2pn2ogoxBJhrhsS0ljtA+zHCl8=","zMzhHyxQgzuuAZL/I5W93p24tDYbQ8/PJBhsZmH95aw=","fcQhFz25Q7rjvJnBvWUqJea0p1RlWiptOYK4VNPFL+w=","VPnM0AXUwGJvn6iAiniiS/XbbtE32Ywlmhv1RzOSUmQ="],"block_size":4096,"path":"img/logo_150x155_2x.png"},{"block_hashes":["8MR/Q1nTSzvGM4H/u0IkyJCVYLZAy6MxToemya8vjn0=","Va0CF4w4vLmiVMp3Zu6qom6ZKqTq5STwCOlmBURLYY0=","cfrLHVzB4cAewLd+p0Zj3HWyHiveIwDuHLKP/AhZeAY="],"block_size":4096,"path":"img/logo_2x.png"},{"block_hashes":["67hQB2tZHIRUsd3Xam61RCzQlkS5U0gZ+Glhh0QLVnI="],"block_size":4096,"path":"js/analytics.js"},{"block_hashes":["KxpLMkTVyB6EJaekN+j5+YCl4W3aubPEwfX09mqr+6c=","wjOzv0/ej+5cCr42pvMeaVA4bGbmigDo7znIb6Pz6Gc="],"block_size":4096,"path":"js/backgroundpage.js"},{"block_hashes":["UcIiAXRe4lJ9GeyBTYi2mHuF5685OVkm7Vv77glTOI8="],"block_size":4096,"path":"js/icon-animation.js"},{"block_hashes":["isFtQSHKAEHcC3ah/8yBZvAAHZJ+6hAOUHGnO6kUz1I=","Kwdeg+T+o5GP/wxJ6dBC/+KJfE94aR5e/OQq4YT4Kww=","d0EWNtqidlRpGlpySJ+X+zJuD0LLaoRSrD1q0nC3d10=","yRN8XWSZ9Xsmk6p38zCpGLb8J74Cg9zE5LAxtfut6e0=","67OgphwbVewcD4PhUQFFGUyhXn/0lJfgFGp5/95CT8o=","lcu+BhDgrKdkWP7wpTkn5Krgl3gumVR9XIey6oPbSU0=","HtVZ1Dd/EJ6rHWlxtE6poyq+oUWP31B10vyYsg8Pivc=","9t+4ohRdYM2FsyCZpkb+eoQHL+1AJU+x7+/pPU9YG8I=","zPyEJ/u2rK/kWG0GyKV3MeRppuYRgrrmEiCu6rHPHOI=","B0nsOxr2ZzGN+hurJHKSeoPAvqkH2jxqeDS0JHHYzak=","bLdp/9NaW3bjk/X1UBRbBkKNwBEkZwlF6gyqW5tDTOI=","XQvFDOw7dqfdXzXHpk/GijX7FzYPX6T07a4yrSsWepg=","KnSec7HQIpImmQy66WuEuQ+XJc08LYRvhvdxc16ALoo=","yQd7dbFnsIsORMBd8mMn0EMbr/pJwEfO1wP4hEsbWtM=","3sN7RdZ9NS0wTmrAUT96Mn0CxPNkSMXv8w7jAP8aD88=","Dq5w+NQ9jFSoFZ8RxFkdv/HXq+VvlGp1fZirhm7u30w=","tx7GX1q+MG3SpA1DnnzG2qLCin6pRWUy3z9vbNPj0bo=","hZnQsYnW3v1d+CaLdm1c0Udij801j1DTIZxGrTPKzZA=","EzLexJ3StGoE6Z/Ek6qIZutCmBCC4HrgCKLOOhvzTxo=","Aat/75G6mnHOlK1TDLjmOxGhJltYznBcIM+DpfldAmI=","JnNOcKklfvvzs2LT9sfsrP7dPeSEvDD7TKX2MAzQUMg="],"block_size":4096,"path":"js/jquery.min.js"},{"block_hashes":["r5AfsFpNS23jLCPN01lOVN2iaL+uTJF/ehwi8qRsD9Y="],"block_size":4096,"path":"js/load-default-options.js"},{"block_hashes":["l/AUunRAai4MTlijKw6ci77pxZRZHpNK3kWkn/LRYeU=","5qrUzamYOCIc/LwSjsNzIOkMzMgbDBT9ZnDCfC8WFUY=","EqTPFy/+/U3nlRa212G+ZzHPdWTs5fp2EHsdKh2SJsY="],"block_size":4096,"path":"js/options.js"},{"block_hashes":["Qh79ImpdN3BmsbuG5g4jpNw6x+18ck5c+nFvS/xGbsk="],"block_size":4096,"path":"js/signals.min.js"},{"block_hashes":["I73la6wawsujezN4//uERdhDzENBVq+uCPQb3TQ9MJs=","aA6kBX4laqsiTHgW3NwuCK5dDvk+NsOKF5uY3ZktDYY=","1aHQgQIPPsG9sLOqiq0qseBHsjIf9rwgP64UWJbiw0k=","QZq155g4S6xCV/gKb3HPhZAfPoGj7GozILYk1fQwYKM="],"block_size":4096,"path":"options.html"},{"block_hashes":["i65wOu+Cvfv90G1j77HWSfLqL47zAz70zSTDlG8AbSU="],"block_size":4096,"path":"sass/_mixins.scss"},{"block_hashes":["V25eloVYnScYTekI/2AtGxmdx0DDad4oNCZCI33ApTU=","vKuvSLd/aOQowlYowov1m99bM7e+juVcz4r/SIeqzEw="],"block_size":4096,"path":"sass/options.scss"},{"block_hashes":["jTeZZMbhB83kV0e24tTCMoI2svBXMWcA3gErBUG4qb0="],"block_size":4096,"path":"sass/screen.scss"}],"version":2}