{"file_hashes":[{"block_hashes":["Cu//KbyRNfjAVcnvL1AkYlfwCQIi2yitcrRquphmESw="],"block_size":4096,"path":"background.js"},{"block_hashes":["qVOCfdUZ5ii3eORLK0pGLlBThUe6VaWlAkua+ndigXQ="],"block_size":4096,"path":"icons/array.png"},{"block_hashes":["llcjfF3WcZJwZGu6HkcY2alIVeievT4zYraCdr0eXV4="],"block_size":4096,"path":"icons/boolean.png"},{"block_hashes":["WdztbceOrtmtygeqE9Zz482NAVsMoImKgUdTD9ieKHU="],"block_size":4096,"path":"icons/caret.png"},{"block_hashes":["8IPy/QEWEDMWTktiubaJ/6YwjdBQGOpPMLTVL8AJ6JQ="],"block_size":4096,"path":"icons/element.png"},{"block_hashes":["bEcAyRw49JeLf7u7igFotDGd/9tmkVSNU1vio9oz4fE="],"block_size":4096,"path":"icons/function.png"},{"block_hashes":["xoWIwRXkdn9xkAQInq2CByQhHNOaOx5+OYVThYBXm0A="],"block_size":4096,"path":"icons/isolate-scope.png"},{"block_hashes":["6k2v9L4i1e1RzOV2lHOnEcGR4WRuppekZ/aWIXvZyyw="],"block_size":4096,"path":"icons/model.png"},{"block_hashes":["SOAoz1jSv3yNWk/ZStowfPPOHY9rgVtxOHFOTqQtGP4="],"block_size":4096,"path":"icons/null.png"},{"block_hashes":["6j3z2NdD1gsQ/r3zQRmgfWIVA8QhpFiO825Mopm6PSo="],"block_size":4096,"path":"icons/number.png"},{"block_hashes":["llUV0VEoOc7dRx0lRMrGTACtyVS48l6g4bStRam62Uw="],"block_size":4096,"path":"icons/object.png"},{"block_hashes":["MpFJZ8U3ltdeoM8zXDtU8s7UWWKFq7TWhvK9eeg5X/A="],"block_size":4096,"path":"icons/scope.png"},{"block_hashes":["Bslzhmm2QWZvWN7nMq6Mi8GPQ+lKJg/oHGotUVejZJc="],"block_size":4096,"path":"icons/string.png"},{"block_hashes":["BvGGuV/ZoGIz+nBUkZU+tjHKBPo+h9EEG79Z+ZBRSLw="],"block_size":4096,"path":"icons/undefined.png"},{"block_hashes":["AngY9kKZKULrdd5/iTn/tHUM9b/dttgDARlgF0IvA6I="],"block_size":4096,"path":"inject.js"},{"block_hashes":["TB8coXS9dqnUSDb4+RKGrKoyN4v2sTPGJiXgfoNeTvY=","JH5+xaPXLx9TmvLfHwnOecwdYH43l+KLWfEq7sR8y+U=","kf5ZQU4f+fEx3KFixRI9bNWpFoH4BaIcQXIW9RrRAJg=","a9cJnzHT+4YuXSuWrnDiSH1tisp/6Vxe6K/eMv6c9TM=","rKEYjmQtC4L6Chca6Pw+hOVhGXLQmfcZGMRJyHXMOTc=","503AN2DodAm4pR/IXEx2SPBwWueIU4cEjL4CZpbLw3I=","3pcAw4lmKHJsKKdZu6KIKy1bA9UC/FvGhsY+XxHbMv4=","Mn7NI4pP3jabFLw2xxr145mOnSBzTD466zu2YXBKZRs=","cehmwuyq8iwLYpVu85s3S683yEUpL+sUZHXqvGoHf0I=","V/8D/IV5d3sAmQXHXwXIaUWo6NjGmLP0NDL4PCfeEPo="],"block_size":4096,"path":"ng-inspector.js"},{"block_hashes":["ZjBDLnHlAdPzG8bArxscKYP2C8gmj4mtn96HUvnOQzw=","S5Sc/BDfa81oJmcJjdnNQC+g31Fq3WI9I8SRjuBJT/E=","Zw1SE/MGLdOgqdjhiUf09KQYyP6dVt5kWbHq5SXKF9U="],"block_size":4096,"path":"processing.png"},{"block_hashes":["hdWEWJUHYNRDxmcfn4rKg0o2IYVRPDE2duTOXLIFEn0=","ixZDnrZx7w2UxZYzNaHQZcQL0Ud1t1PWJ0WJ6YvjXBI=","16tpTqkGV8j2ZI2njUQvRtoG1IYC1Bn2I0yjIqkTpB0=","w9Wp0A+yWOi1ItQj25BYJZctbCm3+WY2aY8nirqRucA="],"block_size":4096,"path":"stylesheet.css"}],"version":2}