{"file_hashes":[{"block_hashes":["+2uz2La3A6toUvFHhL2sa97jZO+S9JODdY5mfUU5Vzs=","uY4DgHs21UvVoc+Cw67MyPRMHBdBWKj1J9TyDag+Iao=","FaEAAyh4Hc4BDBcFCD9mFqGjORJJ3eGH20bT1FJCFhQ=","RhYFcUD1w2XqjrNCAACgBY4TbxqdGGV77LrAsr5afxM=","TYXBg/5t4wdKWDT0VQvfBxHdEibKKzGngAv/8dVCS8c="],"block_size":4096,"path":"3rd-party/backbone-min.js"},{"block_hashes":["Mf/Hjg9iOwULWWuBaIFWwX7NmZfpEyIeBgkefualfsA="],"block_size":4096,"path":"3rd-party/backbone.localStorage-min.js"},{"block_hashes":["IzoEi16rLsx14vcr+aZd5qwG5pd0YVat5bFEMF12yjo="],"block_size":4096,"path":"3rd-party/canvas-to-blob.min.js"},{"block_hashes":["2IiIxkqLOU1TVbSA+1vvU42kCiArv5dRTZGwS6KnU58=","ZM/NyjfSUxirpMtLSm84pC7Id9R/XdNm6Su7rzAPmT4=","j2SdWSGeE8SUcASt6+Q4BqxcEA4lSW3wtouSqlKhfk4=","X6oeZ1osyV8mOXwSSz+rNCVsP9OOVFYFFCgCMP7HJJ8=","Tms4BKnKNUClWloEaW4k73e5lCpZY/Y/EucoZ8Dfb6c=","x8p016hHu8yTZKLMBQBj+KZsKeA7J4Eu0+7u+Q/PFtU=","ivjyHn8BvP4yqZGqtbsV0O1bNdb7q4DV38OU9kQZWZY=","BBV7eAbDeYH1s3Eldg4wCIGclZ3QVAIPFjJTvKWtkqo=","QZtXclEbJwnYwlM+jtTgzEpVHeJLX07litD/wlNYExk=","P254bnI8Ti2HTDjGLKGVgrasReba0bMuYAbNA6ipvuY=","TnQP2XpqAIO5qX0tPca2Zo15KyFdvJ5OE+yg4t4aexw=","wk174nhKF+fF+aNZl7qJsQNW9+fxYSWSxL3ryzRPUAM=","UTOInr0IL4khWUiB46DJZ5YXA6CQhW+4znAy6cXLcO4=","M93Hkd5YMxJHngYvWfzcBHly+gn1KGPbk4oSK9c3LvA=","IjDDozRhgG5GPB/uiCRvvHOeqnc/HXfNXzyeu7jx75Y=","4VLXfv7tHaQpAO//iwfzij5l5qIIPGhNmCCiB+7BeY8=","aX9VacpixCZzlfXYbR6EqI+1x2BKyT8nmtU/eqGGfJQ=","LRgbcy13j39rs9a9QT1Ls3UORyye0eXtYxZbHYMgwQc=","HaOe4FaUUyThCaqicxRxoKqrgEWseEHMmzp568lnN1U=","otbTGjWYRZhNbE5VRBU2KaOJn4GhLoQXkfGe4P0Pggo=","YeICDvci/+qMcEFtUz4XD8swpTeWbWFoehgF93Mc3fU=","5SeA2KcBZ+Kj3ziqVKMTyw27n6fnnXFDeSdnx+0jQqs=","Zsa6r6fDl7n8zdxlNkY6QJdhr8oR2zKxOTKt5V2OshU="],"block_size":4096,"path":"3rd-party/jquery-1.9.1.min.js"},{"block_hashes":["nPcV8eB6vEAa2/JpnhBGcdLIM4R3IThP8i+Bmvtr6kY=","IokfnGNZrhwnH3yZ9WvzrvoFfntuxYz4H17sJ8hkfdg=","r3MhgDzbgn+f71fnfx5xoPpbeOyEH0o0foPT2xKAZMo=","2Y4grFVUrKlUeK7jrr+m0WRdySkBtTqOdQGwrfCSyAo=","1CRSRU6Fjyt7VtyRDyIe9CRQqKBjvQZqKrHuOrCAado=","6Syest5mi/CDeyGoFkWjIElP3pkJeJhZXX7e6/jJQDA=","UCzkbEjF2506yzpNrFhvD8/ziErs1rD2QcPApMUQWvY=","S+ADXiVJnrZcDYMuzuUJDZro9P9TqvRrlCd+E0gNSwQ=","+bzLhwXkMHMLRUxIdrJFTvuL4/e8MMsLDsxJTJTjb1w=","pJNNsEH1zIIKY5V/DPRn0TbFS5Qle9gazBjGx2oP3lg=","K2/G+ovHGpMoAZtbFZhIyblzNM+jz2b8QZIr65XPUa4=","dWz0HnDnLZLrhGdpoEFRUJP/2ug9/MoKm/H2sT3umU4=","mLKjYI/+wY87HjaIOzHIDz7zH7mmWln0e1ttYJFdHcg=","n3awogNf6GpkltfQGWy0zE+cMZyd3Gg70vjYn8Xykfk=","QqQQm3VYPpKU6eIFtqem9L/rcrqGIJjNzMJygSpl9E0=","UR5xLrJbJiSP0iWRracQUEyiIUN9w1CTHy53Zfcvow4=","QGwHrtl/BFEHOD7N02GofrNZhnBzB7/ey5j34nuEXwY=","82kqSAS07E5pGF6EJQ4HhmIyNBv5wvvFmJobn6tec8I=","vyv563xJujdU6gv72dKWRDhYB3gvgpqpMW/W+DLf/KQ=","1eePrKUFg8c4/30IUroeSNDaGK8n4ta0FNEKdu09rlI=","teD5h7LtbzcT0xaPX+9poTemQY3BmqE5F2wx8vOIPUM=","RTjiAtnLA5m7it72MKEDuHwsFZw797tbbX4pqd3Bt1E=","oJYGI3AEojvPZfviDlIRmllHRrEzdVhOC2tBjXbr0bU=","SlO3wV0ATT27Px0NnfqZl4CXtYUXGkOgiFcce66gz2o=","E6Ffxa+L8r1goDTxXVaE3k5Nmu6jw88Eo1K2fA0SdQM=","hgaG1jFA7yAjrZL4ygYxTOGjkZranGVrzlSl9p0E0r8=","pC15RpLMbTPznraQsHqcrniUSiLXHibi/ufeFjgVGOU=","OgTBQt1k7RmsiiljmfG4KpjaVmpA4TxwD9BlMS+ZETU=","n31jNyvVmJpDLe20EZxMHGA6+07bRAcqoW2lLqnp98k=","jW+eT/9Nu7bHi1uDOr7FKlR0LHjwS4rha3Z586umGz0=","4d3k2WxSDdXLw34OYVuhxdCaYJNj2HUAryc4h6timns=","UI32gNB6Cfkgq7rrJ6XzyuSEsNUkR3kGquv4kB96SfU=","3DUZY4NIUYhNj/wmizJs/S3K7X0iHOAascS/nIv7KZ0=","E+vVzupHZVhcSyEO42+uvsW+f52uDp4LiNKk8cfXfHU=","/G1KWLcC+WVdNIOVO4IW/qNtWwHyXYOvWPHy5lMjlsI=","6FU6nBnUOsComoIhi/nneikPtQKTnPjEqUcVbxWV1mo=","lGEsjb9ZitgViaUys2CQw/GFa5jMvpBOwtsXzrwgXHk=","j9NN5JcFS6oz3WpovW8c4DGVfTxHhPPTVRXyh2/6Wg4=","I7FRTptuN34/WI8bbUKyvKDE7RD61ZrXBu14MWW1u5s=","fbCh4AS4mZhatZP6yQeqsd5SPv3b3qToNXBrymGzFUA=","T+Ck2+qekwTiJV5uco9tMNQqSz7/HW0h3iZ20zXwYnw=","2/J6yMIaxiJTrwZXx1Mt/lltzTe5xElkdR2uw5gR0KE=","1v8u1hsp4UMzFqBsTmI5HvYL70QfDr76U5rzvfEgUsg=","kO/E2DE8wAfcT9wVi5mHZHyD4CyTL0fijTy0KdzPIkg=","lCTCRssGbxMDltnRH1DftgmaRVBEpN2lLA2k49DkvIM=","IWvCRpbX8TTDuXuoozhZcSA75Xz4vWiG4A2OFKbSBuk=","QXLPoEuKTraPNR4tJo0c4MDqRG+Q01q+wfFOrNVMaC8=","2UMkjE1gk37vfIMsVcK/N/Vm3HqqZyVpMbRw+h9o3Pk=","nayXE0F72NObAjy0xk1hO112gObYPotcVRAmsrK0AVQ=","qkAdOzL3Uoe8y9TlJc+8D7AldAMzjcREs8G0+D+CNPc=","+E7Jt4oN5+OpI7S3tevEIIBgj4+a6mzTGVSFc2yYG7w=","WBmr/g2sHp4wgCjq8gTGNoyE3mKBH6NZ3+UgHb8lXRE=","LEQ4sTNutZXd5RWnYbE8NLjmbUeF1QIDoADqRU6UB1U=","BfjRD/LSf5cerIo0pWMoQfmlaAYtt5qY0lRFxPs5NoU=","hm9zmq4E3QzhCrFBoLQbRo3MgxqdknQuP6JJrmsx498=","MyVkRY6NNxZxxqPFyCHQbQV9I+wCEGZP/cqZXYNCEJc="],"block_size":4096,"path":"3rd-party/jquery-ui-1.10.2.min.js"},{"block_hashes":["/LZHTCgCEMi0jfa9hNJ2cIDdj4dxmsSLkI2SXjx3txE=","yULAMMzchVbnL/slFAjfGyVCL8dYPelrltnt9jZ964Y=","ChV9onebeeuY1go9jwGkXrwn5BP9y1XO/l0C9iNu+1I=","fdJDDSkaY6hdav4HukvuQFUsumbczQj/AWePEtTZL58="],"block_size":4096,"path":"3rd-party/underscore-min.js"},{"block_hashes":["TwJIx2pFW+gi6OQNahZ9k6bsdw7lSVzovT1u1XEETEA=","+WZZTyNj7vKaky27VUYUy0Z98kRVoNpxUbCrNWacZA8=","pY/kmEIJVrL84lFA1YdLiX+HH69rvmkEqkSP3vkCCMY=","q/XmAoDx4TKe89bOpGDtLBGzRVFVKlI+FiRA/96in7M=","LDXiqAjZ/Lfy86U3Gox5GLFOt7ZazZvVhoxeQoEoenY=","TGwOzjImRbQIDTSo71tlq5qyd6metMZHg3Moyo1c27I=","JZ+x3gEeNdpupJumz82y94nMF91yFZEiMbo+DjSE12M=","9CHHSeSRlbC4EPkl3zaCpaoeLUYZgbIn+H0Dgl8g7kQ=","aDrNkBA6e36fhZ+YdqngU2cBvVbQnbpmcrDJ/OS4/kA="],"block_size":4096,"path":"LICENSE.txt"},{"block_hashes":["DAih65IuUuMyWFtW8xOKacrBNcujSw8OGifermNsqH0=","vTTCpyFtA64npR9ebbxWcYpMhBeqU/4R0AclkUuu76k=","txej/avtB84K0LkoY9xHLacC5TnvrpohapzVVDB156w=","ToFanRUGHDTJ4vHtX4F4jlKzLjaHgrUToacDK6NNNMQ=","BF0aknNo49s1Vt1AUK2rs/Tj4/lmcRacG0SN5Tkd+JQ=","RMgX/L8xNLHdCTo2FNSRnHggpjCbjlOtQ5Xe/PZk+Wg=","XyeTyzZsfkY7lRQXJ4Q+tKcPutCdE7Hx6bI52bvbmRc=","uzThjj2SfusMR9hbL82tzuCnJfe0eLTy4nT6VzgiVlA=","EFDRdQmkVRHFtZjlbMiiQLkcBFchKSEMOByrmpn8xBw=","IY2rPBXgvbUdEVagvIydKH+/wKsX22HMAlwYPH1+cn8=","GXDxG8ADEkSUhvYY8MxSueZlbwvyaL/tw0iKNG09pTE=","/rk/2hkPJIGPY+DS2Yl//rIHyCjD6dKZcirw8cAaIwQ=","HYAtlUI6y0kd3tlY4+xyf8AXXqBGrSOqBe+KaRt95BA=","caFEPF1i6Qmh2vUMRdYlzN1JljDq+dWIrD+mP1FcB/0=","OVwnb727g1zO5g82CjeFVmONrxwTjf3O9QsdW7+HqfU=","WU4PAYWZYRP0MPoVEklkdUbemmFMlwKFmPMHLFXBWLw=","lV/Jxa0UXom3ZlkaWA5O1tGfuIKu2VEoX7vnFqS2+Go=","QUgdiiPiUgVJroWaQYbTNbNu4G1xkgbOnfxt4pDu9Hc=","dV7tKfG3qf5qxWLZINJfvTLP4ke56CszPNftjEUvs1o=","zlYqXF6a8uEJUpmVmZnRUoOOgf4m3KRD3WOjUEBtu6k=","uyRi+bxwRYzD/UY0jt5sEycC3fJcrpR0Y5TNTbp8UKo=","e4O7nqDTGDXeiucdduOFjMzURjXO8YOd+nSGLleUVRU=","oECJ0YmuJL++lldlFwzhR2E35pC26VRJUIPexF6g05Y=","LCotlT/lpTXd5wvwGP8+Ci09hxzQ6flKhw3yCsV6iXM="],"block_size":4096,"path":"ads/ads.js"},{"block_hashes":["g9O/NAFAMeVzj3HEj4UBEGXIMl14H4Dy2wCxsLZzhUA=","RwiQTJiuK2c4Ae4c2IkZ4fBPE6IzLj9kM5vuJxTSUxU="],"block_size":4096,"path":"background.js"},{"block_hashes":["B8sVxAym9xD5M0/xTAkOarA0WRc5FoijhF47XcJdxAI="],"block_size":4096,"path":"content.js"},{"block_hashes":["xkte30VZFvqypdogLGkqK/akzvRFlmxk5YIrTv1qA5g="],"block_size":4096,"path":"fancy-settings/CHANGELOG.md"},{"block_hashes":["AzTl6duGEvrrUZaePczm6tgrV6TqtjsUobDFDijWW6Q=","EbLRxRrnBgfD9AjR1EaBitBh13zX/YQClFstrjNpIkA=","zbn9qzdrk6UzsnlrR4jTigXiSNt5VAYEsokjQi0SuHA=","joXzyDR9CRMYxh8wTZy9xAj7lw4xHBZcBrfiMAy5d+Q=","6vofH40UHS8+mAegB2MJJ2mqZ3bjPngnNYgjaZnKimc=","V3OzgVTyapud7iBdut7rrIwXqjK4keNRmXEvHLYVvCQ=","n+A8GATtoZiwSLPs/eGFp9DINk/r/zDyL3fSt8qJuDo="],"block_size":4096,"path":"fancy-settings/LICENSE.txt"},{"block_hashes":["3RLJZjfKZO14CaJju/mGi6Yps7EMoPvQknuO8A2yZ2k="],"block_size":4096,"path":"fancy-settings/README.md"},{"block_hashes":["753tP2S3Ih22NV/jwFY17Sk+GBerM89pnUw18ach2VY="],"block_size":4096,"path":"fancy-settings/resources/icon.drawit/Info.plist"},{"block_hashes":["3+4KQ9UmNWdHS7bInXTBsne8W252fXjJ7ehPaTjXgFc=","5b2j01HAJQa7uDF5dva9OuxNmBkwHmzDGkpWugPX6rw=","3uRPbjmPlXInHT+DVlxIweaxNJa+Gtz2UTzA6ktA6HQ=","UsssSq8TSeVBp4XwfrdYooTq53Dqn9V+hKHvBZtEc+Y=","ipbGaDh+59k6tbeDY6d5erzw3CYqvXSpkSsGtJo8x5g=","DLiL+xG4RrMlJXNCDVQMkZu5U+RRMK7upozi4/8jJos=","WYiLxl3g5DINmnFKFjMU3X+1iKyuEcpGRKVMrlS8hHA=","Wo56w20z1/yyoSzs6K2W9edCtAQ3dO0RlBLmKe9olbE=","BQmY8+W/e9mVJWjcD3hZSPbLCr5kqeXhd8cVpTYuNi4=","8i26GBw8EFnqSkZuIRM3Ay4c/YXMkmpokKWqj7eB9is=","ZEpe3X8P5vmMMDPbpMHMv+cAcC07MzC2wEkQ0U+6iho=","QwCS7BQoSL1R2HNNFVu2jcTOClUVGUzdgLvxZpzussw=","22c9d20rz8f00HIGeoVrvIiAjED4FVID6FHsLzZMTAk=","br8KLhdYnfNoXvVr8UAw5h5/zUbMWLqoPBOtGUkUoMA=","Z6SLDu/HZ5us2YGyaDOK6z8X97OjFMhBPSQ7nb0TOF4=","xF77Yb6zPfJO5O8txIgBqh8QBqbl40lkixFgBwYcyUM=","DUHq0ZcheWnFRt6xHagp1V15hkd7qeogCxpQu20h2Xc=","6klmhdRAgpQR++jnW3u7V5QGkrfRn6vGiFqQ0LeDAoY=","AqqrHPvUwiDa/h6u4fAgX7+2etF005dSGI2eu9jxGXM=","wb4ySFQumSTPLyhovR7df8pydZzL9CXpAYRpP5BYhp8=","2keOX5RpweXEzzcx/Ng5bTCmata6UaadC1lDTXM8GMk=","OIVCNgqveP4MpILzbw0NK6MIGs8q6Zi+d38sUx67IXk=","oB2l8EnnGo2yK9/+HNjNjHLnmYH9fF2dh8T772jkZ7o=","ZgdFCMCDzGU8cCxLLjhVYDh2+nX46nKs0Dr0hiBlccs=","IMcrc1OIL8j4wamgIZtlATCIAXezkIIFFy7aq7rPjwU=","Sux1TavjfGv9sfM3u3/X+A5343B7A2J55m+rW8I0rKg=","BXgioisXU2qw+Srlq4U3tCcBbVuWRWuPUJWyB8AwOAY=","pFpDhlJsPgFeLYCgbnPCCKvWGn5r0GPsYQGlsQUNlVs=","9EiNxfjteNul0MCC5GaTxko9SKOfkU7pa8cNu+gnkMs=","mZKIpzXqTPw7D8/2IjxuVeI1GBriZ8t0TPxMkzgdfxw="],"block_size":4096,"path":"fancy-settings/resources/icon.drawit/QuickLook/Preview.jpg"},{"block_hashes":["g5wY1z6xxEjCQFwFkoh53XjktVTYFUOHVhs2E7imxHk=","dqqsu8Km7MDrYDZI80vBOqKgxRY068adEzcO1XtugmY=","4TDpP8wzSYaaZuwYLid1j4oWYwd9qqAr6oHTvNbHeAA=","0ilko72fGY5M5inBYpGLiNwmXlTP/H2h9Jp+QRC8uVU=","mtqubcVbp5n2S/Q3MIksI9n3aDWpRVC4iOcGGnMRSk4=","FLCosUgppcV2Q+E9Y1ZEBXaRVRIu7kLXRMHjqiG5Je4=","E+F7ehYd7cpwDl5xdg1D/ZJgQChOt34s76Yq5tzqw8Q=","77o7VoX5cIDXzm0ZNuy8Wle6WFpKX+/EfXBGLIszHwQ=","2+DeuEUOk2meMty4G4t47bUpEwULCtL1wPGU+ZWgqeI=","Zf73tCuETvcUYKCN6EU5uacgjgUaK5V3z9UrKGeWwqQ=","qSmBlYhIAGZ8LPccmX9R4oOcPS3TlEVSNSHDl5+R0hs=","S+8Q2BGWZGC+I2CzPfF8ne+S+B/AL7xKfr2NnpM5JxA="],"block_size":4096,"path":"fancy-settings/resources/icon.drawit/QuickLook/Thumbnail.jpg"},{"block_hashes":["eBRPhYqJH+h7QlQGeryaAQgNcWkJusEUNXldPJCSR70="],"block_size":4096,"path":"fancy-settings/source/css/main.css"},{"block_hashes":["3alZPaob0bvGubjj5v71CnhOFJhwa5kjgufV/d3vOcY="],"block_size":4096,"path":"fancy-settings/source/css/setting.css"},{"block_hashes":["GkE5U70swBu/4ZK9pPuyraFwoX10b5gGhKQpIQ06OiI="],"block_size":4096,"path":"fancy-settings/source/custom.css"},{"block_hashes":["qEScoBuTAQbi4WhB7/60i5S3YLq+FXmwD1e8M7keZJE=","TPM8DYKuS2HFdQ+Sr+KYjFeEvrI1JG0u29iX4oBpc0E="],"block_size":4096,"path":"fancy-settings/source/i18n.js"},{"block_hashes":["4vjCnQZTkbDjtcgoVRk0FbhePQf9htow1EH8JJm5VsI="],"block_size":4096,"path":"fancy-settings/source/icon.png"},{"block_hashes":["oVMS3sb3IcvOKIPl7mcJzICVIodGzvVpwZ8YbJBLRgI="],"block_size":4096,"path":"fancy-settings/source/index.html"},{"block_hashes":["x6gkf2m/HFG7jP6nd8dDyhI+mXX9MPOC8rHwV8WT7sI=","vMTNkXEHStFvuUv55GPgtwpQTfsHmwaiUfzLid6RpAs="],"block_size":4096,"path":"fancy-settings/source/js/classes/fancy-settings.js"},{"block_hashes":["abaxcvMFAWtANmePLMTFho6txS7FytwSHopn6R8QBBI=","FO9sEe9Tsl9pmiANR5Qov/h7/zTktXcvUZk7ogrF+kw="],"block_size":4096,"path":"fancy-settings/source/js/classes/search.js"},{"block_hashes":["4xa1gyFYArtUXZzmAgIRgw4vymmzfC75dhn86ftHTB4=","vEw4Q64aavhbpEMgB+/pMUufxsEl65VJa3XrMqYjGb8=","QPRFnLsprBT0k8TdLFSTO1l62I0rO4RIGPUnuUKssxQ=","8y8Az7yzPjkvFRDiM9nmikUyeMr8qczdLbcY+xgi304=","zQb4ahdB1mYkseawPiXNwzdcr3g0nqTGsZ22nQz+ng0=","B1LzFMvsPucDcgfIa4pf9qAjakV15OXeNX7EydlivtE="],"block_size":4096,"path":"fancy-settings/source/js/classes/setting.js"},{"block_hashes":["G/NL3wD41WKjgi5Di+5WxLkRqD6AyzislAk0OIb697U="],"block_size":4096,"path":"fancy-settings/source/js/classes/tab.js"},{"block_hashes":["126/+rSkk+MgWp5ufXmta4UDh0Q+zPeIFuiL9BUbFmw="],"block_size":4096,"path":"fancy-settings/source/js/i18n.js"},{"block_hashes":["j9LhJvpBL9w/Jacuj8KTb6Rdu9UsACJ/FAvQ5HbK6Kc=","24r8s7MKtXkRXjrVgmxEB/l5oKRZRK5rgltty8AEIFY="],"block_size":4096,"path":"fancy-settings/source/lib/default.css"},{"block_hashes":["l9j+aczwEWP4fvczHcM0YXKHME2CpqsI2eXQWBtNOic=","OH+F4tmtXue1CNRp3trPCBufu+WrQEqrj+kO9ZSmmyg=","C2nhXJ1rIBQZVe3nnC+P5XzcE6/6HoWbB9tE5Z7kaPY=","Dm0VDrEn1jXubi32OUhdy6KCqW+dxS0l3kCStfAkIsk=","jmQWMmLWsHbL27m66hGtvg9XBmVZuqrj6ztMU/V3o8w=","0eB1PboY9sS5nUEHvdvkFLQuFqlYLQ8X9pyj8go8QRU=","zreoXJm+LjSrbg+3pJ7P9iGrLiWUbkH+tzPABZ9xpKo=","SmPfxcPAzYkArqvAzkhRtzl0Gl+9XubJRYnh/7OKS+s=","wVccZRvSTboWPxirn7NSjjC0PwmjFcYIZ8NpY6vTD60=","5/DtmTYiHTAYcNYds/rz81GaSMnSK8IiZ0VJ7p1i5gY=","Ild9ShzAp5yXQMQvxKb2zfPxoPkmcOXhOns4o+SJdgE=","1xpdrLF4J408vG6I10hllqmaDDglrv+vbH3C+gcbAxw=","Zo58092YavhmLhJWE3LmPG7az4yqZArKq2MZLjx2uFY=","RA9ylQB0j0vSU+9jSGRAboBZs+puEL9Lo2vKEmb0z+0=","QMdtd4FZQStXDrjGV/BpPg+264vQ75zEXq6GfIUepBw=","grcM3e4Nr0HkcVi0Um1Y37FbDqCAKWzTzy/b50cX5C0=","fiCi9dEKNOcCAAsa5sqbS1Cj2WHCmJ/lpiWNq6MENIg=","gu7xAUcnI04y8vxYcMPwCEthlwlXqDPnN9R/t+iJh6w=","CchjSETjf8yZlqsFxB3pcA4dGluOZzzThg8KXZbxgZY=","0JPWag8WWxevgJFcIDKp8upx8v9j0LH0h0r/V3Jq/oQ=","+hd9W7num5J+i04y5lFg2AJ5k+fzfB5Hgyd3D/pwFds=","GLGR683X6JL2ufRq5J6J2fP8fzkztsQc5Nun0qCdptw=","GDrc/m8XCC1tLOypdn+fLAPYgkaED+7eBcFAIZMn84k=","eDfuAnjUB+UD+IhBtvrU0w15DeoCp+eA1tx2huewbGs=","OCbWq9e+/rp7xuRefZBO6WQh54LvTfvtE4rQroIxmUs=","ID5yX2NsVW4pmp2AEtmarHEvPCzkXNSSmljqS0h698c=","Zb51/au229loPWHxp8ITDLPDfDatphlhgcxi6/SK3Ds=","pjNL7TCph9OVECX/jrfzLrpgSAxS26xqbtJ80LEAV60=","/NZDEYUF0zXtXgsuCPFj2tvg2YXsD556797uRkXoAw0=","APy5RcWfgjdkYHeNB1hKXL4b4SrckZqoNSyap3fXZ7E=","uj0mqaCBQhsYe/W0J3OF/TAw3gf6pudtio8rhURncww=","TatNRSeDRld30v94rIOKLzIf6ZgaAow+7U21hp8YJIo=","UnIlxWxK3qosvvxGH7z8s9wWs5RDTd3UrR0p84kXS5c=","iGruih2MpmXgSHyZMQfrVFJes+vr5hSi8XN+tU2iqtM="],"block_size":4096,"path":"fancy-settings/source/lib/mootools-core.js"},{"block_hashes":["zIMbWrFnEiN4J4+pwdtATaBzSbQm18+ecYJdPzKT6mA="],"block_size":4096,"path":"fancy-settings/source/lib/store.js"},{"block_hashes":["87XpBNlGycncssNdAcn17Qsepy0ygeIqr9UISc1A3iA="],"block_size":4096,"path":"fancy-settings/source/manifest.js"},{"block_hashes":["NZt6DRxo6+fNZe8Wk0629RCilEe6vMWzrWLQGWQpfMI="],"block_size":4096,"path":"fancy-settings/source/settings.js"},{"block_hashes":["39+kLt4kkrDegK1huIL72hu32WaSsUbwqzrsPWVbVgA="],"block_size":4096,"path":"images/icons/30.png"},{"block_hashes":["sGZkvY5kIcw5bI/zduwwD6xEmh7dlyouSlVd9schAiY="],"block_size":4096,"path":"images/icons/icon.png"},{"block_hashes":["Nu0bZo1Y61HfHmli/ElKyd+FpkPef87WDtUgpHcr+uU=","mgZU7QVGml0ujleyBt/zsZWyqrE7Nm6o9PRMtwDn4tQ=","2cXv5smZNDvJhSNMueyJCB6Ugso/n+kjb+BeHSSl+wQ=","f6H9w+9/SseaJd7yr/3QGd/+L08Tr0te1VVRN7uPNb4="],"block_size":4096,"path":"images/noise.jpg"},{"block_hashes":["UMbeoVpifwMtMsAcRXTvcWiqq8RozewD3KjPicWhlN8="],"block_size":4096,"path":"images/ui-bg_glass_65_ffffff_1x400.png"},{"block_hashes":["EqEU2AJ10bb8aQZC5iK0ldYr6M94LYOwOUd5XkBF8x4="],"block_size":4096,"path":"images/ui-bg_glass_75_dadada_1x400.png"},{"block_hashes":["E4qTYHHI3Doe/fwY8/ifxON1yOEuJb+QYwyZ0sI/KAs="],"block_size":4096,"path":"images/ui-bg_glass_75_e6e6e6_1x400.png"},{"block_hashes":["ZuM038bW33YVYtQkbXLn+V7IpHiDnaHMmGM6qRnvHiQ="],"block_size":4096,"path":"imagetools.js"},{"block_hashes":["3C4wusmqim2O5DGj4bg6u8ZIgYcLkMXe2TopPZ7YFE8="],"block_size":4096,"path":"models/converters/converter.js"},{"block_hashes":["nc+Sy7pcdf4qmKk9xXUT44SPiIRqLua4VZm7vTbLKHk="],"block_size":4096,"path":"models/converters/version-converters.js"},{"block_hashes":["yugBuTPgVK3QI4KZ9h2h48+ZO8oOaaoBrQof8aOaBDY=","y7VMp3jARRdXNwiob6d15PAqQRR2ubDHijKvo9BMTGk=","OAxgCzbWOQeSPiHOzB3Zb5jVADXplaT9m7Fm184cat0="],"block_size":4096,"path":"models/model.js"},{"block_hashes":["qyc7y6EzatpMFaXFMLHxtFpzs8dyyeTSeuCSiJjBkTc="],"block_size":4096,"path":"models/panel.js"},{"block_hashes":["NqB/GRCv1lPDx+9D+yxPdXs6vO5niA2EQRCX+ixOQzw="],"block_size":4096,"path":"models/storage/filemanager.js"},{"block_hashes":["0HkrrnspUZUSPrK/D3p1rQtSItG7qQ5C3bKoh9g/J24="],"block_size":4096,"path":"popups/file-scheme-access-not-allowed.html"},{"block_hashes":["QMD0pjUEn3yoGxDbwF4XRRXFw3t5LbmlGjiZjHCpvJQ="],"block_size":4096,"path":"popups/tab-not-allowed.html"},{"block_hashes":["alxs/5B9YxtX6ckSxZK1p44HcVO9i1vqbYbj2FnJpN0="],"block_size":4096,"path":"shared.js"},{"block_hashes":["Rt9oEasBB4TzZHiQ8p/03Grh6lpE0uJP0uNBBnXxXFE="],"block_size":4096,"path":"styles/compact-layers-section.css"},{"block_hashes":["27S78Nf9ELXrsovOeoTZj596leHt7CaA2gF2hV0s7R8=","29NUOmRnOLO1nHzdIBwOr74+dspfNLOHyhX7Cac5LCE=","5vgPG49OCzeAwvPSogqsQrU8vIiD5K7IWvYzosRaKNQ=","H9Lm/7rof6hpELG9XwwQ2MUzqrj5nhtf3mxukzz+A6Q=","aFtBL3BCL54ajS8nKMQ9FEwfaPmziLv22UKLlkIQF4w=","DtljmmwLSb4b/aCpIwmjoJEZ0DhU3k4Ay+vBAFt1rok=","qe6vgfA1HyV5Y8BwpUNC+5QfmkT4Dg105uCUb20huE0=","xoJuRmJQPnBK8rFhvCyDvRtMqMctjHnCuHE18zeU8n0=","QRnTXwePGJKzoJO4Upobs5wb64AUe32JzcHDl5fMjcA=","2UpERAF/XOnnq9eBSsnl6R5RjGeDGIr+F8M4QONDFRk="],"block_size":4096,"path":"styles/jquery-ui-1.10.2.modified.min.css"},{"block_hashes":["yjERIDN/pksa1d7BMSvUGaJjQ0PeLwUkAQD/f0OMgXk=","ZMBFu+87mQPw2OMeY9ToLOuyQzX4ySJBTBhoeUaihVs=","eCKNUTt/o4px21BDibbLL22P4pVjY32gfx705vdUqUY=","sEy/IowrMqBiXjskehNtPZdII6CUWQmDgfmb9eChWws="],"block_size":4096,"path":"styles/style.css"},{"block_hashes":["ubfgn8pfb+XnD3VTNKzEb350hTZzpA+6Kps/Cal5LN4=","f5S3Cnp7wuQfi22AulEryEfxpzQ06Lj5jaV1Vz6smEs=","iv67Ywr1M4smgxpC4lkVcuYb38dnVaqK5Zkd31my+7c=","ueh1Hd9BRmXkw4XUbirITVXj1e3QYEkCC2aT2fPVcU0=","TDEcVsATd9AzsHj61gRe3GDV9DmXSsaGtPLBwcvzAZg=","atnsMpWO5g+sQ8gVTiqH1eyRtUkhVsVfkv1kLz6n/rA="],"block_size":4096,"path":"views/view.js"}],"version":2}