{"file_hashes":[{"block_hashes":["jYDLpGZnXQqxAEfwIMsBZiu4n4JD/1nn1UpOswDG5k4=","2eK4LKEgS1dkgq3h3ikJJiUwhdCGq20CX1/P42IacpQ=","x1JMHv+8fmq1SIG8s00ote+CzFcmBd4WwiRUJNGM0XI=","tMmPTNMgRqDNNe7zUJhGwz2balEDpZIy1k2pglH6I2I=","PiNpUh2/Rmhf6+cet6kWvCJwd7ozCZB73UnLT3dkGzw=","tXJBhkPU4vzZGGk5CNXX/6amtN7z+3tx8zpncJ9noE0=","7ohSj+p/VE/3pmkEr9NxqpDUjq9c6HBryOQ936wxAKU=","f51304ofNzkZV5/UkOlxV6TYYb976sR/cByM+lwkzgE=","gu+8dJBpgYdjRa44nAPtNGgoVOlOZduhKWBBQ+yzdoI=","XoTd5POGIW7YZRc1q/xUwKAPdQATYDB2jCvNM+cnZIQ=","8ThSsMDdOKURfk3oQFfbBTRbcXN9qWyHciPt/Sc0d3s=","Ym45PDTGzA743IbZ5ZOvyIE8Rlyqi8HEeF7L2+nIpfI=","ds0mrUb6yLOVnMpfZz6ZinMxNRTOXDLvCD/QBIoGRb4=","0WJYNLebUY0hRI39bBhkl0yKYon9nNcJnq/XFLknKBo=","ROuM4jIFuPB5im3+ksGkCAw5NUgEtJJMdbjIRa8OMsE=","zgao+tEOrORhL1W3gQokxy6HQTdZ0nPWJfjzGi5OT6w=","4zhvcxpQroQztpVJejJ+USLUuRF2hd0sojGOZDhWJ6U=","/1xR/ltrFDbSfRDEm+dVVi9L3NioaqeQF4bsTZGAzpQ=","fikXiLlpb/vNRALroHuaxj7uCMnhOrn4RGBIJgjo7SA="],"block_size":4096,"path":"canary.css"},{"block_hashes":["LRC9TTw7INwNuAAhS6nf+Xwk6hwj5w87F2/oayyNb/Q="],"block_size":4096,"path":"devtools.html"},{"block_hashes":["BO1gUHrGC3gZo110ngUR2/vA4asmAB3VPUnYa9tRXVQ="],"block_size":4096,"path":"devtools.js"},{"block_hashes":["VlwfIksO0d2CHzvqowAYiBguDq7Ze1yJ/v2zDguOVKo="],"block_size":4096,"path":"images/icon96.png"},{"block_hashes":["oYTDYVYj6FfYu4w1algMl0oELcfJxcd4ElRF+JzLRrE="],"block_size":4096,"path":"images/marquee.png"},{"block_hashes":["e0Knrvpb3YJx6jrt4mLfC14E3BG7LgN/C9uPWClkxNU=","l94YMLTReqahmAQSmTSCR8SJdhDeY9tIai2I2iP2aMY=","wDEz4oQVNw3h1jJhJbFPm3dY75TNsxhqwFG9B16mhxQ=","lYaRkID0zzOCSw6QEPfGRtrwL2qgkrdLh03ZQ4RwF/g=","BvHwKnGIkq7+XL3pzBYtUS4WEpZr14cQGAc/wSujups=","TIDqlel5CnWsH6ZNgJLgvXb1GKHdlEZqy7pzL/6n3Jc=","rKLZeme0/AOXQzdy4AMsA6BAPTrMDlqmQ4hoOlq6WY4=","4QeNkJrmEFshvV7JbHLa+EFlNVCMwzr7JDY3sjpipV0=","4abm+oJwEzR3wS62//iubb/12M1MptL8jkCfmNxP5Wc=","OoeClcKQ2mPRLFdrmmD5ssGZbLkkts3mYpxDFLpQDvk=","A9gu0ziWNBzMAWkekNiitIC8vXJwFPkwJIE2CmMdluI=","MufLL5m4WgDI1kMqtmkWlZ3cvFxrlvY/x89o/khjkqY=","2Ld1WMEKBz77sV+l6DwI+bbQfx5SEVieTCxnUHyVyhM=","ehr1F4L1UuUxiYEO2zgHrwf94Ne2iPn7ZqMNtjs8Mo0=","jQooUIZSSqjtohpkJWkBPRJcw+Ot63GPWP3ttAtdtKA=","a2UN/YR4oiYwKP90rlm3f4Nap658Jb3QiAYwVf1f6Us=","0iWzrNd3Oj8xeB3kpX0WwUGhHN4xFlSG64DS2F56UIk=","GLpBFZQ5sm+mewrSw2JiF8exQj/wbjUWhcHOmvEKHOM="],"block_size":4096,"path":"stable.css"}],"version":2}