{"file_hashes":[{"block_hashes":["n9O/W8tM5ImEzexOGRNfdTw8u1Fpr8ihugxEx5wk/QE="],"block_size":4096,"path":"back.html"},{"block_hashes":["hmRHooXiCaPN0OyOkRzNeJimnIo8ZPniJsCCxTbvBRM=","iY1PvVYv/vIBZ/DoVTvdd1CJT47AU2NAj9UeZs+G/bU=","ZDQiY9UDJ2Cg+ElrsEUuNfhlXIZ7gaU45wvyzWi2sUY="],"block_size":4096,"path":"back.js"},{"block_hashes":["moSSpYC/hdPpiuiGH71FVn5aH4Pur8+VdNoDmdX2Aqs="],"block_size":4096,"path":"css/images/ui-bg_flat_0_aaaaaa_40x100.png"},{"block_hashes":["Oat8zZ9Ogledp4qSQSZd8ojY62XbvXz0iu0tASmIffU="],"block_size":4096,"path":"css/images/ui-bg_flat_75_ffffff_40x100.png"},{"block_hashes":["aRWX6KQKiR6pTTWJl27Pwz5hRcSUIkQ7AKwrWgAilkw="],"block_size":4096,"path":"css/images/ui-bg_glass_55_fbf9ee_1x400.png"},{"block_hashes":["8ObNkbg31cVkTQJuX/7M2QeVMxfNXA9omQFzOv2iYLI="],"block_size":4096,"path":"css/images/ui-bg_glass_65_ffffff_1x400.png"},{"block_hashes":["wQj1y/LdnsB6JlMGld3ZXhZkWXzmwFauRMFizC4ozsQ="],"block_size":4096,"path":"css/images/ui-bg_glass_75_dadada_1x400.png"},{"block_hashes":["3fXdTg7ysYXouwr3tukOvnSoQ4TLRwBljnbnVMi/5VA="],"block_size":4096,"path":"css/images/ui-bg_glass_75_e6e6e6_1x400.png"},{"block_hashes":["9vHBvt8aDzfP74HRL18BKGnR7nyYR3WlaYJ6F4TTT1w="],"block_size":4096,"path":"css/images/ui-bg_glass_95_fef1ec_1x400.png"},{"block_hashes":["VCcGVt8HnE2lGCYpoID8YztvhLh5hesBbSWlYOLDjUo="],"block_size":4096,"path":"css/images/ui-bg_highlight-soft_75_cccccc_1x100.png"},{"block_hashes":["yd1WkUgoHMEVNafM41vLml7xh3VmQJxR7MoZ7xkyDOQ=","Xmam/fmjrRvZ/4plhH1grke1kVKWo9frGnmP4VfBLFI="],"block_size":4096,"path":"css/images/ui-icons_222222_256x240.png"},{"block_hashes":["yd1WkUgoHMEVNafM41vLml7xh3VmQJxR7MoZ7xkyDOQ=","Xmam/fmjrRvZ/4plhH1grke1kVKWo9frGnmP4VfBLFI="],"block_size":4096,"path":"css/images/ui-icons_2e83ff_256x240.png"},{"block_hashes":["X7RJatdWV16lRW1o0P7MINC6BI1yebLdXtSSm1nNXNY=","Xmam/fmjrRvZ/4plhH1grke1kVKWo9frGnmP4VfBLFI="],"block_size":4096,"path":"css/images/ui-icons_454545_256x240.png"},{"block_hashes":["a/U7Mjikp1/EbQVgHUNZAGeljNzJpq9LKblNlO5R44g=","Xmam/fmjrRvZ/4plhH1grke1kVKWo9frGnmP4VfBLFI="],"block_size":4096,"path":"css/images/ui-icons_888888_256x240.png"},{"block_hashes":["oep2tbGVpVEny2vumzFasHB7eUxLVuPWVO4rrFnvvZQ=","5iVTpa4zXAs8eaV+4Js+tkA8ePs9/zpRsdFJ5iF25vI=","3ob1AD5rxKhQZhrUujLxoIVZ85l9dZbXOJQPQu3M/iI=","S5gQHEUOYi39s0znVC+cytdZCF2l3TlUsJb7GXPTB7I=","ySL9utWYTuaVLpd2P+utghyAKR7focjTTHZ2lqG7o3Y=","TJ/OQDbI549GNRduHWtSJ4/2DqyOYWD9K624aYwAyo8=","HcgfxBWIZ0AJI2ch3fq/SVm6Ajg8Yie8ekIhIPLVTs8=","RaMN6X8uwm9+3mxI/M3dqPcDpo18bNLNRzzwmUxxxxg=","eF5yMfyA8axj176WVU6ypU8FBX/3JgY7P95FSBnAnA8="],"block_size":4096,"path":"css/jquery-ui-1.8.1.custom.css"},{"block_hashes":["WJE26Mohb+dRuJTKq10HPQNFXdkqcR7mjWAn1cBWKBY="],"block_size":4096,"path":"css/main.css"},{"block_hashes":["tJKGP0zF5pRhB4ECat8P7qkXbIaPbEW2omxGyygjYe0="],"block_size":4096,"path":"css/options.css"},{"block_hashes":["20yeyflGSmW1gNIYO5v17HrXQcqneaN4fpfGdnGZ9PY=","76iJsNzlSTPMES1Qfmiwm4509YdGSDCWE/B0GDv8Ty8=","f7HFExu+MeIVz6huK1BusZQndK29SwCONzlVMzwSnQo="],"block_size":4096,"path":"css/ui.jqgrid.css"},{"block_hashes":["zOAnloh5FKCYRMjzQqXUiLPfKg25qOm0ugJFDxJvxcA=","sNqh/l15BFvtBEb1zHlTitl1+Qs+gruQLG57ZGiSymM=","24v0ytKMtXpoujJsZRrFfmhqC7ZluM5xXBAHApDbyr0="],"block_size":4096,"path":"dom.js"},{"block_hashes":["qIbZF+v/gy+lTy0sVZqc3dSmnokoCf4z0g22NFVwbdM=","vMXOjzgDicIQfpt+w0NNktLVS5fPXqyycZkhrDQ3wrQ=","XmerHazhwWwNBREG2aLFYcnFPMKKHqREC7QC0XaE+zI=","fLtU9uBERs1hRZE0PUeWv4FTXaypvzqUDgJ/V6C7auQ=","oqcXBjPRiOxxlCdWSqh8tHKiqRVdukL286zJjYLowPU=","1SSjr6BNl3Mf/VYZz2hBVfg1Qn4+w+yI+zdk4DCGgVY=","/o3L50Ll2Q8wqNeYs4ajiFBwckz6mMsm33DN0P146aQ=","iITcHG1FwiaOe+AA2Hb+fDrerCjxfG7h1EdDwn4lnQU=","m2aXwUbolFB08vSSpyq4O/WQ1o3DDqgQdeHaEXMQ4p8=","EPYZt0SMytTGXKOZ1XrPC7xuT6tqX2UM6rZ5zTkyPyY=","o5AgPd0KzpTVOg+nTHh0L9FfcVn5E1/RDYWl34BWpKs=","UjaIlAn42w3tGbbD6Kbp1gPImKDiv1UrY09CtoqwsqY=","deizHSvCtqEeX45G9L7Koj9YvDLbCfTcux6JDU4RiU4=","WBFxWY8JmyHBy9N87yRYuhKMDr632sZSq3lnJ+wxp3M=","j0P25cmd97SjeGhAqzCmlMMmogduqI3ainbn4OMFPmo=","0WgsKJMbnJlEJTKQdMOH9sBPlJ327lLejL78u+pwA0E=","/g8HaEMGyIP6UDrkqKQ45z+S2Bbf5mY961SebCeL8CU=","j8AV+yoZ9d/Tvvpf4BJdJQRTWiue9pxS3zzPAJYue5Q=","264TiuOeMmX2P+MaI/45igiPLKttwOJCwCJuJi2EDG4=","WjlEoWoZoeJ4RvHLmqMlC9XR3cxvcrXlp3rxDugEhpU=","zUf1InlNKMXe16EHyRo1KzgfvZcAouKClhWY3eYlB5g=","+g5Xcoa6KhdY4+ue92GqGISFw23HLs8saGuy41OOyxM=","TIz/Pj2PVPtNjOF+TgIFpIbh9unn1C/uentswtl2tHQ=","LZcJPdIswWf/qk2wcxMNK9h9oXsvh717t6wtF7SKMxc="],"block_size":4096,"path":"jquery-1.7.2.min.js"},{"block_hashes":["8f7qrf3e8rIJecRuf9+LN3zm6+WUOhSyQeXUnfIBAXk=","RGDLTw1CYgy6zgPlcbESQytzoig+OUCJG3AWQjGHGLU=","c1W4y/2VG/CA8s433adenERk7TEYplERjze22hVthDc="],"block_size":4096,"path":"js/actions_table.js"},{"block_hashes":["cWQnP2dnZFKCBXGQIFWxO6mSjlzF80ssJW7E87JruYI="],"block_size":4096,"path":"js/automation-api.js"},{"block_hashes":["QGHMhubb6oUPekx78JBIDw2PN9HEpQW+sdTvCKWiSqQ="],"block_size":4096,"path":"js/automation-back-api.js"},{"block_hashes":["eCr+XJKsog8O8z0taWJAqMoxxHX32yHVm7UFcPcS7EU=","o9vGTX8nSNEeprfD3s0jnVcjq+aVgTZ6zNxDMDy/p6Q="],"block_size":4096,"path":"js/functions_table.js"},{"block_hashes":["fykrNB1VjUlWa4egAuVIV9FjmXxREU2QSUpK2WFwZiQ=","a0/0YWXJloNSnZKVSQii22nrbvQlSwBxnXs86+UxmRQ=","quPGUSi8ALHJ7V7H00VEUkcCMxm8woLOX4v5aea73vQ=","do0LXgvmqbKO3IF6ACqV18OXaXbflVFyRZx+KBYanX0=","ARRhwgak3rdQq8RGnty9wo/5tNo2S5YH20w3Qn7umBo=","KeOvpA6HNYsGtM9/9nvT6zsFerYlFY/I5iD5Uvckjhw=","hH+cdWZPySwNgPS/VvjwdCmHU+u6ScF/xm8vVXKNCl4=","CXCs9k5hlN39fY9CZyY2rqYN1D1lQm+i2h7PaAM980A=","V2n6Lp1ii6cnfhF8Pf4cuhEHW0CC91h6/Vsx6/HI4mM=","amkskG9QTMI1/pfSiXHr/jVOVTO2Hufg5wbUafHjjj0=","HIP0kzzTQ2DY1vKnYu3bBxsJWAqKdJpIBJzIL0hXEE8=","aP4mxC8baYaooXV70iottsbfuikkewv49HyZYCPc6zE=","R0sEjt7pAIRCuNk9lDESwpYbVNsb12JnaKeeX1HfWgc=","ZxuY/nbMXdaTA9JfKyb+kdl0YsnYS+n9uagQFjaCo+0=","f3hykAk5PC0d0kMVKlBchhGLhCFVJ7njk4FmIYOrSkU="],"block_size":4096,"path":"js/jquery-ui-1.8.20.custom.min.js"},{"block_hashes":["9Ct0//SHNAuj3H8+GR7H4vDaqk5cEM4Itx8/j24wAL8=","3vM6c/eHHByPp8YfnpVjkb3ggzneUNkah3FC1IF/sgU=","1olpD6lnAmwFqVXgSZIo6jRspSah8P/IlVmJyUiDYOs=","OtbHfxQHBHlIFuImb+bJFRfav4W8GdMMwxMgY+lWizU=","EjREpk2QeI9uk5xYR9lHJ788RED91bC7AuJmEvDdOZ0=","b0iJBRIXE+/CGlqd47KzMChEXKOBVmxyzbT1CreUvaU=","/uvXFGnKjPl9ntxGGBUjES+/4uVeQO/V0yBG6vTe44o=","wSfRTj5qsK+3WzWu/62SWeovlFoZinwQpGQthbevs+M=","sFgAKs2Sg/PGSKe3RbnU+ZveLNvEp4s1QZuqBy2DVNg=","x77o7IHds5mqsf+pBU8+ZbkATLmtJg7ms3byEUlCwtM=","kxy9p9u8121Te8fbJctHwo6ixc1Eo5sRUcDTsseFpnc=","1bdII8aeYJ7udSn5FO11C16G/EdKjayNAA250XYZU40=","/YdfXhZx+S4onBvCyWYOs90TFjenqjy2Pm9K8KHcqd8=","V6rcM093LeMga2CERqHCbIaGhGcmILSM4uGTnev28q8=","VilPqGcIhOQUBNBPa3u0T8+j8pEw104N+URZIORq0Hw=","UYXhrojfhbcz+GUBQj2WSvMn4hs1KqEroKYabq9s19I=","/fcZS3aCiZ2VVRyH1dRPUOFW+ZvFw3swLNvOkT3vrGo=","/+XSgnRakifBvAGx6ED0YDLR8JbTIxw0sjfxc/WC/54=","OM0LWzm+VvhoUHhatSTafFe13oIC6B2/GUjQWWtfwYA=","U9Svn6Ka+qSmK5x3yF5O9l0aVo2uqexmmNR/kXV5uQc=","zv9oA1A0MxthoOFLo8IiZR8NlKOD/KQnntjx7CwUn5k=","rhJCBQD85RVXRFTDpu9vyQo6kH1TfeY5isVtHdCOorU=","vr702oI63MEUvt29x4b1OkLFkI0G7Q9rDHcUZb9nRvg=","1L+W73HckH1U4D84jqpt33xOtMditOySFJMvC98p1/I=","85LVilLfyQ3IowGOy5Hsr1wK7vfAK9tHZRJE/SUo4J4=","weFYd6dJjEy3ub+T2XRnud/lGjYJZ0enAgRllth+THQ=","ZSAG0eVhAFBpO9JHUtMRUY3PFU6BeqJqA/uuI8NDJ0Q=","zxYxR0I7bbtSGLKjDbt3MF+ls9x0IvmCVL1oCF9Hkww=","YoG6tJZm+T6zrAuTB19A9Gd+LII7CN8wEBzk1QpkFzc=","BbrRgh1NYWJ2wIooZQyKDG9Aezkj74IicL+pRKR6c9I=","Qa7sGQY7sk9CheQkZ+rP6QIr6r9hbAs2Yqzx6oJhrF0=","70sW9rdxa9qghBjxIrBsnvu/NKZD72p4Kszmh+rZ4E8=","5sKRupcYwbk6DMkJjWg+HAxw/rczHxDDpuUAlexfH0M=","Bxn0ac1cW79IxASHO6RtZueMkLTdG5NoDecgMaBHh+8=","63HdvqjijDgk/SsIMhKkn0fjh5ArbVg1HQSwVbQpZWo=","WZaG0Gtt8RAHJYEZCiWIMCIE+zJ6jAWxzXgFMxyxgyw=","wI4sQNbglckRY/GU5mNT0zkMXJwj6egKbV2CAmTKryE=","k0MdZai0tnAP30hFxfqH0sQiEL6BeyffwvSaG/JRS6k=","/LAgvy6WeiDODhzmoBI/nDrMhmyjMaLivaDGqA7QQuI=","yLjzacqvHVprVuOqL8YXm1PLBVpL8+qAmVvyZX7jKXs=","eDv1Z2WA/rZGOWBGMyXHa/AEk9+YFGaGxL8TYFx4Yxg=","5U5lLW4oJmkiM2WtZsWWtn/iOsJZqznKtvKZac6b+xA=","z1HHb/+3YJzj+gibK7FV8y+E9mtx4WbTGkAFo7BLA5Y=","D1oY06W7oOnXvhbfDICwe1+m7zZTsvIfQCGx0Wau/Bo=","Llw+6DEcO78f0yTJiBU2hW0y2NAbPArtLlFkgrOJsYI=","dqFo2MgrKuc7D2Z9RIkS2fCHqOl6Ag+qXGNdlGHHpQE=","6L2MHMouDRyWel+Bt+HVYRTF8wDPc4wlnxDWPjFr1gw=","YlhHcI6cBYhUFYBOi5fBgYFaTQ3+qxFyETVQc9KqWqI=","nk63KORG2PObubTABuCVABwKAP3pN4MOrELU6c5/mWI=","1lLsmnA1syBJF/hRsU14BUw79Jz6MMlWeiFwiZiGrK8=","xW4O0N3e+J0Ma4EtFOd99m10Ykq3ryR/AeTlVPvlyH8=","teH6zcyEfrw9Y4BOGCkzpALcd+eUQiR+4mEWyN2+FvI=","RuYEw2/1xgZpU/5wj/pqt7FvIbQ8I1vK8rn0DgAVnfs=","hUmIQmZRFbDj2MhGg12hdICOkbQ1vn5Avo6gxpOvUgM=","e+2K4lDe0YTvnwA030OtSZCB3RvpYEfmU2sq6Zf+NAE=","WxYNX0Lqera7U65vDToB/nmo/lFeKkRXgU1qFCSd1t0=","O8+JMw/upkCQp0uldzglKjnGXrTKF37YmOfFtdELvq4=","Jeg/13ecDTPqdOF+gHUZoQwZwUAyCxiOkNdWMkzVfIg=","1U+qoqhXkTK9ymEkrEOOYkX7qa1yIWGMCmIFm6TL9ro=","gsuRM/mqiBV93V9GhktPjOaYG+awHdh2d6M/tNQY0k0=","DcVeJm8b6/QDNXwWS4R/6pBqkhR9ERHiemwni0Ztu3E=","imE5WG+gwfEygEmy0T6isEJemQemmKGQLTx6QU+FJLU=","rtYCvf6v8xx/2D8cFW7lD9KWvXfHBWfy1QaS8/TCNfI="],"block_size":4096,"path":"js/jquery.jqGrid.min.js"},{"block_hashes":["+SC8ohBwh4zBPSou8yDM43lyktO/eOhgPkUBNW4B8MA=","WqTcVJqnUIC66hX4i6cLKOJi5SpY7hYK1FXALs62VHE=","cNppnl4NwAKi1y6WjtU9sz4XuvExZbvNv9pqhceaVO8=","AYr/UV+8uan9x2/ILP2B72OKvGILzxnvVXHTsmRL1n8=","h5rKuJT5RE1skjH4v30LFesFrPj8J92hTHUm4pF3ijI="],"block_size":4096,"path":"js/jquery.tablednd.js"},{"block_hashes":["RK5SoW4CTa1UrxyuoAvoLT7NSjGAYES7bkbO/vSavO4=","Qcxb8hWyn8RPRvyevkfToQz2f6gU7cJE6njKjp2AMrw="],"block_size":4096,"path":"js/options.js"},{"block_hashes":["87OOUGBSkYwYbahViTla1W4W72Frr3RaydrIfjm6A5M=","CL9KvXXRmKHjx99WBADjhv2XEvI0OF0Cfw4u1VAeaJo=","o73aetgHHvYhXTXZ6qoZTP4cuQn4tCWp0rWrQwYPOzw=","MwbTl1Etc9oeiXF9lx3J0dn1vhUPh8JZKeJpaUV4vSg="],"block_size":4096,"path":"js/projects_table.js"},{"block_hashes":["2QD6+Jgfp9QrCyDhlZlA5VrTbHGeh4qEY9nizsXqUcY=","qc6uN4kBhC3J1th5WO4UXeAofuG+/VkzBiMcVxKETZE="],"block_size":4096,"path":"js/projects_table_export.js"},{"block_hashes":["s71DpbswPxiHZ35SKfGSLBZ6GpMxIr18mNlKAN8AAvI="],"block_size":4096,"path":"js/projects_table_import.js"},{"block_hashes":["tjp9pGUZG6w2ZiaUhWqs9hBU1ucFTNKrwGWYBGQmaTI=","RXp6HoOOnBAHhRkyl4/jZPrXxm6uXYCWYqXDnoYeomI="],"block_size":4096,"path":"options.html"},{"block_hashes":["7hCqYk1m6C1efuByixUKc6pyChQWVDh4CPqVOI/UXSg="],"block_size":4096,"path":"popup.html"},{"block_hashes":["nCUHKmQbqVA0glG2L7HJt9YNdcvrSi3ijPIOQXeizEE=","LZtopbzBEvao7HdaLDNc6x00oC4yullSbRXH27K5QWI="],"block_size":4096,"path":"popup.js"},{"block_hashes":["JhjRkUv2+fvI0FghnnyyQDa8QHOCZjaOn/pNGzSo9Qw="],"block_size":4096,"path":"test.html"}],"version":2}