{"file_hashes":[{"block_hashes":["GNLt9tQu0h8NW3rM9VLV7n7QsmnaxtVO0qt748EdKDA=","hxzKR7j/DEYY0lv8UM9Lz05+iMSveGnSovze4V/Qag8=","2+DcIHgUxvJi7oF/vjT5aMucSEa9dAzu7aI/FWwSsic=","FRUoCA2zwoGJAi3mAonsofioltCJsaEApZzlXa8sf8c=","ewV6LhEITi769iCsJ4UDt0eADA2+pOp/oxIuQFlsngM=","sSFkaMfmkMy9IR/V2SXietYfW1g5GfWVH+HZf7FDzWg=","rX+sslhvxulmwATX0dFrAk9YBf98tHx6hdq9i0iJLKc=","rX+sslhvxulmwATX0dFrAk9YBf98tHx6hdq9i0iJLKc=","rX+sslhvxulmwATX0dFrAk9YBf98tHx6hdq9i0iJLKc=","rX+sslhvxulmwATX0dFrAk9YBf98tHx6hdq9i0iJLKc=","rX+sslhvxulmwATX0dFrAk9YBf98tHx6hdq9i0iJLKc=","rX+sslhvxulmwATX0dFrAk9YBf98tHx6hdq9i0iJLKc=","rX+sslhvxulmwATX0dFrAk9YBf98tHx6hdq9i0iJLKc=","rX+sslhvxulmwATX0dFrAk9YBf98tHx6hdq9i0iJLKc=","rX+sslhvxulmwATX0dFrAk9YBf98tHx6hdq9i0iJLKc=","gxWqLS0NP3Q/3XtRw2dJH/Yj2tAEWY2hhnMGAcVkWvY=","z5MydfiDyCqK5WQ113iNVWx/np9bIwbhXFFkD6QEUIk=","rX+sslhvxulmwATX0dFrAk9YBf98tHx6hdq9i0iJLKc=","rX+sslhvxulmwATX0dFrAk9YBf98tHx6hdq9i0iJLKc=","rX+sslhvxulmwATX0dFrAk9YBf98tHx6hdq9i0iJLKc=","rX+sslhvxulmwATX0dFrAk9YBf98tHx6hdq9i0iJLKc=","rX+sslhvxulmwATX0dFrAk9YBf98tHx6hdq9i0iJLKc=","rX+sslhvxulmwATX0dFrAk9YBf98tHx6hdq9i0iJLKc=","rX+sslhvxulmwATX0dFrAk9YBf98tHx6hdq9i0iJLKc=","rX+sslhvxulmwATX0dFrAk9YBf98tHx6hdq9i0iJLKc=","rX+sslhvxulmwATX0dFrAk9YBf98tHx6hdq9i0iJLKc=","rX+sslhvxulmwATX0dFrAk9YBf98tHx6hdq9i0iJLKc=","rX+sslhvxulmwATX0dFrAk9YBf98tHx6hdq9i0iJLKc=","rX+sslhvxulmwATX0dFrAk9YBf98tHx6hdq9i0iJLKc=","rX+sslhvxulmwATX0dFrAk9YBf98tHx6hdq9i0iJLKc=","rX+sslhvxulmwATX0dFrAk9YBf98tHx6hdq9i0iJLKc=","rX+sslhvxulmwATX0dFrAk9YBf98tHx6hdq9i0iJLKc=","xEW++dDFeytUBvN7I/+7dRpENEjEgWnsoFXh6RMylj0=","zaL/8ypteEy4RHjH+GfQHgi2c3g4V+HNR0f2uUhNUcM=","WLYsrGZIyIf4f1j26/+BhYXmcDWQrnNc+A/9HYtnefc=","fErRZRbijZiR6/1Wi3qAUoK1zq2sKyRTVO1QiA0vVuw=","fZIk4gZccMJYv6sS/eQrA6EmtOatgQKk6BPuvnHJLAc=","IRxaSsvobuLANg9KeClcB/FDUK4soIVWSPD6hco6+vg=","sRZfXoyoRivZhiCQqbdQvi9J+r7wcc7yLfuRCOlA4MM=","TwZco5rtrt9JqRr4iNgkHfCqm9sr5ZqvG4MKWln8xfE=","dydxJm+cJlbu6Sc4jU1c1avwtzukglzHrfP44gMJtAs=","pcZEVQ6zxIxEc9rNZHtupfi4oKJrdMOJETNU+suQBVs=","SST5R4QZvtKKNNWl3HSPPkJ/rn/06JvSC82rCcVCh6E=","esmL7OBQ1nHZ8ZH/LQNwp4s7YRRNGnz+RkVEFOWt4+4=","/FlVz8Y8E4qAiZWB21H/dHsguDXJeCq5zLY44xlOoQc=","jSWAzmVqIne/Eb57jfX6Xzblb4XzYgrBH3cbJrHOUow=","QXUwqARRoCnxPWmhsjD1bXbg9Qj2B23N0Qow+HOWWCk=","U1djZQwg6GfWjb4PqGiu2M3Fnig1t2Ec3UE2Lx2bvIA=","+fvCTJdy9HkElJgyXQm1bHUiAXsu3TYh55cIMslUamE=","z2mwFSEcs19MVtkDccuT/FB/TAlhjMHs6TwgRXsJE1U=","0fKFUPIojk3RlVC9AeMRdLgIA+7O6V9CL2SoJ+aQpxY=","weMByFfQ3eIMa111a5EaMPH1vC//2CkA2VFbIBmLABk=","RsF7tZ1MZpVnT88OwiFII+cFlKwgLp+gMGIPd845BDo=","1oUFsrBe5v6eu3eK4JVZnUeU7hGBhAMSZvFN/fpVSO0=","/ErH+vaOpIMdoEM/dEzH4ai1vu/SyAYQzySetdaBYDk=","uq1HUmqmZFOygfBzLYsPRI+eBj1nyOeI066oJrO+D5s=","SoMpXkQHJZuTjK/wPRfSPBB8BPCM8D+u+G2V3vK/K5I=","IY9GE2EZTsF1mI2XTec95GgEaTlEs6kzGXShr3mQ8MA=","7tCXqVcJj8gutl2I4/MmFvtzZXAPN7AP0qprKQu1nzE=","tDQzhuqjxN6bIfiaY7n/nIAN/0WKAj/M4CKFvjeDiOI=","V4jnRQLszs5EEQRJRvi7giua+f1EFbPGwQdWIZe/I5c=","UARCdp4R5iZajJbL/Rs7ixupH85lQUbsKoWYLIGAilk=","uRPQ76JuR+I7K37ej3OiHHscHcgqeiSgB3I9MckiJ5g=","+tCW0GPnlmFnG5L1UUNnwXSF3mssOHsa32KHuZcrXhs=","glz7Etqp7Bkn4Yq9MmzlqqpHrOpwhJn+GALdINUL5pY=","U4U3F/GHdBmlSpipnAHzMNctKKEQNPOadUioBxzIv5Q=","EWrjDlXj4tLKIyoC/CLCMUeUDxnzr9wSplC6X4sC2rQ=","zlM15hegQtTS38bawC25d/Hcvw0NDmz2E6bvNkgI/Zw=","9K+ygO9PXT01Lnu2JrQFzY16SbqTxJfI92aiGQDYs8M=","McWLAjWhVBxuHhq28d+UIAt5EXKpbd/sDzck5v2Kw8I=","M4CMwEpU3xqjzTv9xrNKpANDiW+iC9LzHkgf+FnjIZo=","EzoeRTF6ynprN9/MG7tdeNIzHdzwfHKOoY+HXDEJAHg=","aqJSYER+yXF4vECnM7TdEDGn56+r+OP8JSTk8EiC7Rg=","XjX2E4g4vWC8Gf0nAtQvzjAn/6uUF/Tmv2Qi7Axu/IU=","9fwUbQiXcZ0DXkzynOanDhS0tKpuryQynNq5XZpMLfM=","qn6VEefYego/6znsys7TNYG2bPbeQ9RyJc5sjF3/iLw=","NkuklsdlShkeauIQncgOtMUyG0ncejRiXER4Fd0MHBU=","rypfHOq5TqpF2L+ApM5SCQ2zs1iLxrG1ZU1Zq9Wc3PA=","5wfK8V8BSovQnSkxa9uzPVG2XGC79A7cv/RcFa9icDk=","pMjqiEng4RnIFJYotvjp2tfZG+etqixxMthec7EhnyY=","2W2asgDplazmfLuFZsQQci/k1AyLy2cP3zI1hbTVgIE=","F0Qve5vqKuJbk5bKjEXjgaNXlwm/L1sOMxJbauC+CLg=","OtX50jJC9DED6vt992IxWm+ufyNY90i9+KdjoP3YMvg=","3N63lWU3qY8Cu9lOoWPok8oTveWY+XtoIev9pcI8pqM=","kRqtIdaRiwuoTXXiBzHfvRHV7695y8fHN2HBxp/F+34=","pMN3XAKz86X6TwyELio1fesftDdNjubkBwLSTDMuT8k=","pMN3XAKz86X6TwyELio1fesftDdNjubkBwLSTDMuT8k=","pMN3XAKz86X6TwyELio1fesftDdNjubkBwLSTDMuT8k=","pMN3XAKz86X6TwyELio1fesftDdNjubkBwLSTDMuT8k=","pMN3XAKz86X6TwyELio1fesftDdNjubkBwLSTDMuT8k=","pMN3XAKz86X6TwyELio1fesftDdNjubkBwLSTDMuT8k=","pMN3XAKz86X6TwyELio1fesftDdNjubkBwLSTDMuT8k=","pMN3XAKz86X6TwyELio1fesftDdNjubkBwLSTDMuT8k=","pMN3XAKz86X6TwyELio1fesftDdNjubkBwLSTDMuT8k=","pMN3XAKz86X6TwyELio1fesftDdNjubkBwLSTDMuT8k=","pMN3XAKz86X6TwyELio1fesftDdNjubkBwLSTDMuT8k=","rSqsClReanehmr5gPBlOu2SPRxuwZ9AUyBCtSW9siOU="],"block_size":4096,"path":"_platform_specific/x86-64_/hotword-x86-64.nexe"},{"block_hashes":["mVLeQKWqmXhzfey0CzYwLr6MRU3ZUozvtzytNSH15MA=","Y5Mf03db66yek2n1gN4cZcku2SeFtH63I7bGcuAmlf0=","QF88EJmhSv5YP/bFlcCj/Iy5MtrU9SrhJ4KyoAw7O1I=","QqeCAHY0DTAcEnOtKovmjBADg4Q0zV33cxJfs8uCNhg=","WpkchOqMoXdMMGo41Fa751KJYRi3CWzOLg/jCEFUZZo=","qSY1xOTcabmvBSoPtsWS6V5S0UzaTEbemY9M+f8Hm1c=","QO3suYqCx4MLD+gtTV3NpE67hifKa8AOVki5V6TEVBA=","qPJyesSexCK5JI72236alrL87ZpKdSnbPImTa1V+EbU=","jQGgP0UT/Qv2v503eujKZcCrsSC46/TJjSSbgjdsJV0=","gQUmJD4YhkFkoJ5BypukoSWeF/E+PCUxEPqex/sOgEM=","cRfs8Hmwejh4wxFf5p6CNLk0/myDNu0h3vIVlwhiLaY=","KdstE95JMdzdGbPlCDzOM6ypO+6GdwQZgVZRPtSGUHY=","EOt+KqXHm3z1RX3vEjGuxMjBCivv8gR5V2TjICEQD6k=","eWheYJcJptnXY6CGeaVTH1p323noiv7D0E1V6JdmFzQ=","CwNhOjonkKPGUBW5t/Wy15m3kkR3AA7py5JDqmSjmv0=","uwjgrVIXrdt1WSJb0PguAGIWdC91RwJKpt9p+RVUeZM=","iGxsN2uZbXDhNQf5xhExXhyBx6wBtNS0xCHOPwr+pio=","bmkUfGoTe4y43Xs6poIob7T0QLb3SxzndWPUCQasq90=","3We5Mew+iNxc051lraUMpRcLWNyVladg/cbxsG6IloU=","IFeVigAEtEcnRZCJqwDSnWregno60NgotDyMg5p/5UU=","2LEBwckMVeUJnqenFlAoc5ELoh45W+n3LGvLwXBuFQ8=","BhREUpM/ZdNYInxaf1l1b6Kl6EpLDRIDcKRGEloGnb4=","VFg89KqN872qG2LWazT8GfBcsND4QDxUVS3XlkNwxnw=","ij6LyxoQk1vMjYblGbQqq6qQHA1wbShS77UjzwznzXU=","OwhZHnHAchJbhtt2sxX33y38g8AnUUOkpS+6FVmIJqc=","NGu1PD9dFV/BCVHF8vKkIzz/BpRwkqgQyZKT2tpe6lg=","mgN6Cc81CIcSEZNfFnetLOc1++xy2KWrwPmJlV1CqzQ=","GUKuzNAEE0fEDjdwRMTuRhQ1E3UxArexUjcWSDmZLyI=","dMaf/RF/xJWl8JReakOsHfKDTGR9mpZePtslCjnI9/s=","F8fgqYvaQa11gI3Q4noHAIiam0NMCNxTg9gJizHZ2dc=","4LWkf3dirIzh+NZOZhZ5qKW1NMbsqiqcQXqwvDxHyaQ=","iBBQ/vCzn6dKEA5GfTrSj1wh9PV5wYxLJ6BWes6IuXM=","NWCf3UJGRhjDPQDrLVxCZb1P25Qzcra5apWumkFZ2uY=","u0A6vhrGv0YU0hSeqjE+439WLEzn7XN9m9zs9AZENsk=","q57BA7dWAgyFryCRIDX4eIzfDt6LOJ3kaCJNW152tiI=","rfhOjUyglyxMhh+ZCY8pKisYVrugkf4uRVduD+TZuzA=","1mmqGfS/hjHS/s89xDhBBCYaFlTNnxo/lxZy705xhjo=","ZVLoAw9GHKnXdS6f89Kt4pam+tDslH3iZ4sFJcplZV8=","TpM8MKDSR3MuVnMfRAJBTJfKIIa53XDn/hariAMGtjw=","KB6kCHOZPt9xTOE0aLBq9TE1W4gGKd8Ot0xnZYWGa+Q=","fYAN2m0+pmo80YUf7U0nT2fHGadp8/O34/C5J2VWMzc=","EaK5QiZoACDuA4QYLnsWm8wGddF2h+6kvIaoOWBHgRo=","wlx4Ixz+mKd1lrb0EG0uHifzNIDUSnloenuypsmbjnw=","Xir79iRUntWVCdiZ6uH6ZQB4yRTamdhJotcqMVHvaGI=","m7IMow3ADUnfDOjK3dT0/OSf6zv3e0gXs+lAvnIEaI0=","MIBs74itGF37z/0PD8kp2/jMUoiuxzPJ7XMT0Bpb9Ss=","BOtVfZDtH8xZt4mrnD9jJH64aZ5Chws6pDYebh+j74M=","v24pkAoNCCzaEB2xmo/GxmdN/MvGDOGQLrevNG5Zkfg=","I+jHWEi6Fu56/3O00gunDpGwnkXKq4gd9oQ2M66eXdA=","VbQArv7JfPnvc0oAzFIGUlBFHJ+h4ekl6Vi1z52mL78=","TNC0O6HsxHp7C9p5AZfRqzD6Iee4soaCAD+c2RvW4a8=","Lf4LT68xAo7Ky+0HBf5+5C3FvTJDXxTaYWyF8fsMirI=","r4avLoP5CndPWLxdypgWWWNhfwycQUirW+kvxEJ+6LA=","y5uaz8y61vhh/CrcczXT79U596UsOcpU0oOsMhM9uAY=","jq4/ysp7rdPt35NFZ3xwT24H9JPJrzAyLHJD6xqB0M4=","6SQDXne473GS+moUdvZCdq9uHpnUTSF2EVnygbnVu1w=","XOOQA08oJo3P4tK4moyZhdHWP3XcaYkQADy9FAzBNqU=","mhP6jL1KjVkWNoOY4W9/+F28GBWJvqZxEgc9F8l3fQo=","xbmBlvznkdcWKm/EPLw8YBNjqEbB3lXmXy9VxAcbECU=","4lwMtPI6AuPn751DK6m7dbKhWUba4wdDCAGiEIIXYO8=","VdFIykqxk3AgOHireUIgKSnPYrDMRpdAR+OgZQw+EDk=","K8Xm5n0jDaVEWL/pqVwrfijVRWWMWI0pEyu+w9Xa7to=","ggFSWkkSrjqXu52xTk0AQeNoRcmSax/9lbuvG80tcE8=","gsQsg4aL/9FjjVsA6I7tAJGvgtrAZBeCJEPESzjiay0=","xzXkyD8FrvFUmWK260GJBqx5kqVNMfIdkzmrhmKPmEg=","TDCBj9cpGPH1wB/6SV1nredF+g2eDKlWhrDRkvE2VIw=","i+GdIXqA1Qtpc1+eAZu9FEEov6UlKnNQ2tWB01ArQT4="],"block_size":4096,"path":"_platform_specific/x86-64_/hotword.data"},{"block_hashes":["GnMJ2/HTN2Zs/h5xF2PV0Hp+hgeebPuhRWF0LvcRUAM=","fGZMLoFtZ38N/4uWzO3uhKwffr6TxtY6133e9NwJTbA=","YxwIkHTRx9Bvjj7+dRRr+3vt0i6cizs5zYW/2YWKIcE=","N0KYGENDB8P5ZlDWFQnNtFy3QPfiQZBrwDgj0JvNLYA=","cJSOsslZlUyS/FBbixZU7+8hhlItLBywCY56E4cs604=","pxw2lzSjhuDnNFyJgWPuoxSS/zPmFpn95YAgpisPkbw=","vWFpuoOydw+7yKyJi3Y091B55x+j5CFaw3gsGxcfWeM=","tGZsEd3qWjmUs0KiGhRNvDSnmS4AnRpufgldLAQ4kaU="],"block_size":4096,"path":"audio-input-compiled.js"},{"block_hashes":["HjxiLtz961pO1QeuhnszMPuk+ENYWqVGnyth1k8/nIs=","AEPjrM4Cma3ykkZd6292w9VL/feJ49f60nz668Jym/8=","d9Jnq35cTVgtcpAb+M6Ek8bpy72YxfnJoB/JnSmXP84=","GOXPTVvcsMsl8cgfpBNh8BviYtywIUoBtgB07Fg6MuU=","BDOlPwsAuQRqZMkPS3pAIRY4fevltoahvNT+hzdOYN8=","UVj6URCYIgajrfWFg9hIP/aH/fsLCaiu5AObOF/jcUU=","3LrNTcpbkQjjVx1gXjpkvp3HB530UKfaJ9bz82tktHI=","lorNI9yn3zryC3RFu7Kmu0txQ30FDIrUbCDbQ3zuOUU=","S3iuw4csU/H2xPnEIV34G9kgYirsp8WnoPqph9Mgr5Y=","GIlV+Sz45Rh7OOrJexwx0berNQn0vdcwQKnYigRgWUI=","r7CIGEBXFbWSZs+V5DFVZSBMN0lSdO+Y+wqgsGYEpME=","CdHwqkcQMmYHY92vd4qknmAIn8lDpqnITmv536XdxBg=","SQvSKuruv69/dtxu/0U1MuA6cb7IYLTkwV02mpckg3s=","28DqOVHCzU6YtYgUtLxa5R507FvRJ70H4U0qNdABgXA="],"block_size":4096,"path":"audio-manager-compiled.js"},{"block_hashes":["9ynAt9txYuj96caG0tcfRn8V02JtszS+lOmupUe2Wnw=","jTrJL6ePmHpAFstM1it/Rg+uUPsjIVm5VAOhiPuFJSw=","3GU5S+Zx+WqjoXRCDpa+lALV6hRE0Ux1KvWf+srHYDA="],"block_size":4096,"path":"audio/1_short_Open_16_16.wav"},{"block_hashes":["xL6IZBLpstyQ4Do6z4KAIHBu77I6rH/tlqTB59d5crk="],"block_size":4096,"path":"audio_input.html"},{"block_hashes":["+7RQsfvuOhaPjTk6CTKq8YVzlOcm3dcUFAJpBAGr4vY="],"block_size":4096,"path":"background.html"},{"block_hashes":["acLvJtD93U2/OEu1FPqEPD9Q+wF8kuTEVtSzmoTM/GA=","bXMSkxmH5mcN3c23D7PTbUtb6ua7Y3mOX5GBrQSl6WE=","cd5t0TQCP+1N20eumPL2DTQr+eUJddnf6lYaDkVAZzY=","2uq4QCHzsSqB9rEhPM0iLd4akjEBSIgC2kXX2sOdYFE=","w0b0Q7MX+YtO7a7QMtmyZIQ0uPEkrEWH8ZsAE0dGlQg=","sO9XKhFQOpDgvPlL4UiPftZvXDG4rUPcgysgRe3xYx0=","tNLrq+Yuje4JUm6ViSfte3TZvOEGnHsIW5SiLm4azDY=","7m9hZ/yxlt0xFNe8UorG9Wr2re0pdTQ1PKRcfIogE5s="],"block_size":4096,"path":"content-bundle-compiled.js"},{"block_hashes":["mydxdRD2JgAsZYK46NM6Ji1KUrb2FiUP6lmuLuppocQ="],"block_size":4096,"path":"hotword_.nmf"},{"block_hashes":["2Wz8590zSYRZ0KutS0SQmoVAQucLbweaw7snCmoNzxw="],"block_size":4096,"path":"hotword_de.nmf"},{"block_hashes":["Bh2CSCfBOWuReulDg171KOX0cqZyizWIT/369MwCcY0="],"block_size":4096,"path":"hotword_en-gb.nmf"},{"block_hashes":["oTtMZnMokx/VtIdLEfbP3J4qRw6bCDZG9htDR8luD/E="],"block_size":4096,"path":"hotword_fr.nmf"},{"block_hashes":["ZFccqP1RXGsSfA1aFXGyc/IKZasIYvOOfp42K8ILqBw="],"block_size":4096,"path":"hotword_ru.nmf"},{"block_hashes":["d5WJOYPiMj4GzVnBA7X2Z0+exxpOIjjQWnzsN6FBAio="],"block_size":4096,"path":"images/error.png"},{"block_hashes":["6qoF6BNpUC0shAmjsWLFIVFsn+FxVBwv3z8A9ZmcXdQ="],"block_size":4096,"path":"images/hotword.png"},{"block_hashes":["IEI16Nip3viaYV8AvayS+KWaXmw+jX6k0gCKcjh5Msk="],"block_size":4096,"path":"images/mic-hotword.gif"},{"block_hashes":["9XMlz3utISqjMduBvNKaVSwk3V+An6QoFDszcnjgtqA="],"block_size":4096,"path":"images/mic-normal.gif"},{"block_hashes":["7j1zx/qpoDTjmMNZOTxq6R24MLydqsfBA+Dek1A+B/0="],"block_size":4096,"path":"images/off.png"},{"block_hashes":["2jXReAyzQ8lMcLr+XLdcKWH5RHjEN9R6PfVpeg7InLY="],"block_size":4096,"path":"images/speech.png"},{"block_hashes":["b1XQ8Az+bR365Reb+FBnvhXHN0u/htDDsCGvPMQL50s=","6JM8ctnMdv+LUMmi8RMHrhrIsSoRJzuvbtNwSAsnBmw=","qbr1NlPo28PBNnRQIqvVf0sz8a7vNsO5hg61BzvBD+8="],"block_size":4096,"path":"options-compiled.js"},{"block_hashes":["aq2MpC3AciD92AR4/cfua9L+HAS5CQ+KTQbIMYZSgR8=","o527LbqEBFtQBeZKRLiWfQqlri390L0MajugfE68Syg=","2+a2NUUViWBnvCLKNaK8T7NoTA5qhfgEyAd7Dr46JYc=","T3nORn1L/07hwlcDSR+ZNwWZxDvnG72iec5q9OC62Ww=","amendL7VexM422jy4xTQYExf/JhDI62nvxWyihDE93o="],"block_size":4096,"path":"options.css"},{"block_hashes":["ckL9Xb7qB9tXL4+uvaFg92pW9ZOXjUb+n6BdaAZ92BU="],"block_size":4096,"path":"options.html"}],"version":2}